"","Chinese_name","English_name","open_time","phone_number","website","introduction","address","review_number","review_keywords"
"0","新加坡滨海湾花园","Gardens by the Bay","['05:00-次日02:00(户外区域),09:00-21:00(空中走廊、植物冷室)；停止售票时间:20:00；停止入场时间:20:00 (1月1日-12月31日 周一-周日)', '\ntips:', '\n景点每月会有一日闭馆，建议参考官网']","","http://www.gardensbythebay.com.sg","['\n                        ·滨海湾花园是新加坡市中心的超级花园，以10亿元造价成为新加坡最新的地标。', '\n·园区共分成三个部分： 滨海南花园、滨海东花园，以及衔接二者的滨海中花园。', '\n·游客可在花园中巨大的半球形温室里观赏到超过25万棵奇花异草，和全球最大的室内瀑布。', '\n·其中建有多棵巨大的超级树 (Supertree)， 这些超级树不但壮观美丽，还具备多项实用性功能。\n                    ']","18 Marina Gardens Dr, Singapore 018953","2026.0","有图 (1047条)好评（1920条）中评（96条）差评（9条）值得去（107人提及）新加坡地标（79人提及）恐高（35人提及）逛一天（33人提及）人很多（30人提及）金牌点评 (42条)"
"1","乌节路","Orchard Road","","+65-6733-1700","http://www.orchardroad.org","","Orchard Road, Singapore","1563.0","有图 (380条)好评（1292条）中评（242条）差评（29条）奢侈品品牌（66人提及）各种大牌（42人提及）上海淮海（34人提及）好去处（34人提及）便宜很多（32人提及）金牌点评 (9条)"
"2","牛车水","Chinatown","['全天', '\n', '\ntips:', '\n周围店铺开门时间各不相同，具体视各个店铺而定。', '展开全部>']","","http://chinatown.sg","['\n                        ·是新加坡华人聚集最多的地方，也是游客来到新加坡必看的文化景点之一。', '\n·从移民安置地到生机勃勃的传统文化区域，有著名华人建筑，寺庙等，历史痕迹随处可见。', '\n·现代化景观紧紧相随，各种购物中心、美食摊、各色商品小贩和百年老店毗邻而居，吃喝玩乐一应俱全。', '\n·每天晚上的夜市更是热闹非凡，极具传统色彩，在这儿卖的新加坡纪念品也相当便宜，值得一逛。', '\n\n                    ']","Pagoda Street, Singapore","1968.0","有图 (779条)好评（1479条）中评（435条）差评（54条）有小吃（114人提及）人很多（77人提及）交通方便（40人提及）值得去（22人提及）印度教寺庙（20人提及）金牌点评 (18条)"
"3","小印度","Little India","['全天', '\n', '\n']","","http://www.littleindia.com.sg/","['\n                        ·当地泰米尔人的族裔社区，在许多方面类似于印度，犹如印度的缩影。在印度的几大重要节庆期间，小印度更是被装点成金碧辉煌的神话世界。', '\n·这一带有数座印度教寺庙和清真寺，如维拉马卡里拉曼庙、安古利亚回教堂、维达帕提雅卡雅曼兴都庙、Jalan回教堂等。', '\n·一进入小印度，一股浓烈的辣椒和香料气味就会扑面而来。道路两旁的商店里陈列着金银首饰、铜器、具有民族特色的珠宝、茉莉花环和丝制莎丽等。走时别忘了带一包印度咖哩，品尝一杯香浓的拉茶，并在身上留下特有的印度纹身。\xa0', '\n·这里曾经发生过大规模的暴乱，治安不算最好，尽量不要单独前往。\n                    ']","#02, 48 Serangoon Rd, 16 Little India Arcade, Singapore 217959","1809.0","有图 (782条)好评（1237条）中评（455条）差评（117条）人很多（56人提及）适合拍照（30人提及）有餐厅（28人提及）值得去（22人提及）交通很方便（20人提及）金牌点评 (18条)"
"4","圣淘沙岛","Sentosa","['全天', '\n07:00-次日00:00(捷运)', '\n', '\n']","","http://www.sentosa.com.sg/","['\n                        ·圣淘沙是新加坡顶尖的度假胜地，也是亚洲区域首选的娱乐景点。', '\n·拥有各式各样的主题景点，其中包括荣获多次奖项的spa水疗设施及度假村住宿，升涛湾的深水游艇码头与豪华私人住宅区等。', '\n·岛上万众瞩目的旅游景点是圣淘沙名胜世界，不仅享有新加坡史上第一座综合娱乐城的头衔，其中开设的娱乐景点还包括了东南亚地区首创的环球影城。', '\n·圣淘沙离商业市区不远，访客能选择乘坐圣淘沙捷运，风景宜人的缆车或通过圣淘沙跨海步行道抵达圣淘沙，路程只需几分钟。\n                    ']","Sentosa, Singapore","2134.0","有图 (702条)好评（1994条）中评（113条）差评（27条）玩一天（131人提及）适合亲子（82人提及）值得去（81人提及）交通方便（57人提及）人很多（37人提及）金牌点评 (17条)"
"5","克拉码头","Clarke Quay","['全天', '\n', '\ntips:', '\n具体店铺的营业时间以实际为准', '展开全部>']","","https://www.capitaland.com/sg/malls/clarkequay/en.html","['\n                        ·曾经是一个卸货的小码头，现今非昔比，已经改造成新加坡一个新的美食娱乐聚集地。', '\n·以广场为中心分成A-E五个区域，有餐厅、购物城、娱乐设施，还能坐船游览，以及摩天轮可以选择。', '\n·白天店铺开门的很少，要想充分享受，还是傍晚以后最佳，吃喝玩乐买、尽情享受新加坡最嗨的夜生活。', '\n·周日码头便成为跳蚤市场，有超过70个摊位在这里贩卖古董和艺术品，仔细淘就能买到心仪的东西。\n                    ']","3 River Valley Rd, Singapore 179024","1670.0","有图 (663条)好评（1489条）中评（165条）差评（16条）有餐厅（56人提及）人很多（45人提及）夜景很美（36人提及）新加坡河边（29人提及）适合晚上（25人提及）金牌点评 (10条)"
"6","鱼尾狮公园","Merlion Park","['全天', '\n', '\n']","","","['\n                        ·新加坡最出名的景点之一，来新加坡的游客都会专程造访鱼尾狮公园，与世界著名的鱼尾狮拍照留念。', '\n·鱼尾狮是只鱼身狮头的虚构动物，它代表新加坡原本的名字，同时也象征新加坡在当今全球经济的力量。', '\n·公园内设有两座鱼尾狮，一大一小；高8.6米的狮子口中喷出一股清水，是游客合拍的经典对象。', '\n·周围还聚集了很多新加坡著名的地标性建筑，如维多利亚剧院、莱佛士铜像等，是徒步游览的不二之选。\n                    ']","1 Fullerton Rd, Singapore 049213","3155.0","有图 (1120条)好评（2706条）中评（409条）差评（40条）新加坡地标（687人提及）人很多（257人提及）必去景点（83人提及）适合拍照（18人提及）交通方便（16人提及）金牌点评 (11条)"
"7","S.E.A. 海洋馆","S.E.A. Aquarium","['10:00-19:00 (1月1日-12月31日 周日-周五)', '\ntips:', '\n开放时间不定期变动，部分日期开放至18:00，具体需查看官网日历。']","","https://www.rwsentosa.com/en/attractions/sea-aquarium","['\n                        ·位于新加坡的圣淘沙，靠近环球影城，属于圣淘沙名胜世界，堪称亚洲最大的海洋馆。', '\n·设有49个生态区，汇集众多海洋生物，让游客应接不暇，适合带着孩子前来观赏学习。', '\n·海洋馆最大的特色是全球最大的海洋之窗，站在巨大的玻璃窗前看各种鱼类，震撼至极。', '\n·会有一些亲身体验项目，可以亲手触摸到鲨鱼卵的探索池。\n                    ']","8 Sentosa Gateway, Sentosa Island, Singapore 098269","1276.0","有图 (732条)好评（1138条）中评（131条）差评（7条）适合小朋友（89人提及）值得去（37人提及）游览半小时（34人提及）人很多（32人提及）有餐厅（16人提及）金牌点评 (36条)"
"8","新加坡环球影城","Universal Studios Singapore","['10:00-19:00 (1月1日-12月31日 周一-周日)', '\ntips:', '\n开闭园时间可能因淡旺季或其他因素有所变动，具体详情请参考官方网站']","","https://www.rwsentosa.com/zh-cn/attractions/universal-studios-singapore","['\n                        ·新加坡环球影城拥有多项顶尖独特的游乐设施与景点，融汇电影主题的崭新项目及表演。', '\n·拥有古埃及、失落的世界、好莱坞大道等七个主题区，让电影世界的神奇为游客掀开探险旅程的序幕。', '\n·必打卡项目包括鞋猫剑客历险记、太空堡垒卡拉狄加、变形金刚3D对决之终极战斗等。', '\n·还有与身着新年唐装的明星们一同迎春、在万圣节惊魂夜挑战鬼屋以及环球圣诞等主题活动。\n                    ']","8 Sentosa Gateway, Singapore 098269","3725.0","有图 (1856条)好评（3559条）中评（149条）差评（17条）人很多（225人提及）适合小朋友（212人提及）强烈推荐（203人提及）玩一天（190人提及）10点开门（109人提及）金牌点评 (120条)"
"9","新加坡摩天观景轮","Singapore Flyer","['08:30-22:15；停止售票时间:22:00 (1月1日-12月31日 周一-周日)', '\n']","","http://www.singaporeflyer.com/zh-hans/","['\n                        ·新加坡摩天轮的高度为165米，相等于42层楼，是亚洲目前最高的摩天轮。', '\n·28个安装了空调的座舱可以分别容纳28名乘客，也可以包厢独自与情侣享用摩天轮的丰盛餐点。', '\n·旋转一周约用30分钟时间，不仅能够360°鸟瞰新加坡的城市景观，还可以远眺直到约45公里外的景色。', '\n·大楼中庭还有一座郁郁葱葱的热带雨林，雨林内的瀑布、小溪、岩石堆等绘成一幅幅供摄影的如画景观。\n                    ']","30 Raffles Avenue, Singapore 039803","1605.0","有图 (795条)好评（1450条）中评（144条）差评（11条）尽收眼底（102人提及）夜景很美（69人提及）值得去（38人提及）有餐厅（21人提及）需要预约（19人提及）金牌点评 (21条)"
"10","Candylicious(圣淘沙店)","Candylicious","","+65-66862100","","","新加坡圣淘沙关口26圣淘沙名胜世界#01-225-230(近环球影城)","760.0","有图 (354条)好评（655条）中评（99条）差评（6条）圣淘沙环球影城（94人提及）有很多糖果（72人提及）价格不便（29人提及）号称亚洲（28人提及）适合拍照（14人提及）金牌点评 (4条)"
"11","新加坡植物园","Singapore Botanic Gardens","['05:00-次日00:00,08:30-19:00(国家兰花园),08:00-19:00(雅各布巴拉斯儿童花园),05:00-19:30(治疗花园),09:00-18:00(SBG文化博物馆/CDL绿色画廊/民族植物学中心),09:00-17:00(植物学和园艺图书馆) (1月1日-12月31日 周一-周日)', '\ntips:', '\n各小景点休息日有所不同，详情参考官网', '展开全部>']","","https://www.nparks.gov.sg/sbg","['\n                        ·紧邻市中心，十分钟车程就能从乌节闹区进入植物园，是新加坡的缩影。', '\n·以研究和收集热带植物、园艺花卉而著称，有天然原始森林和特色花园。', '\n·其中国家胡姬园有许多胡姬花和珍奇的中南美洲凤梨科植物。', '\n·游客可到公园里的高级法国餐厅，在绿荫下享受全城数一数二的法国佳肴。\xa0\n                    ']","1 Cluny Rd, Singapore 259569","640.0","有图 (307条)好评（587条）中评（44条）差评（9条）值得去（41人提及）逛一天（15人提及）交通方便（12人提及）人很多（10人提及）适合小朋友（8人提及）金牌点评 (6条)"
"12","夜间野生动物园","Night Safari","['19:15-次日00:00；停止入场时间:23:15 (1月1日-12月31日 周一-周日)', '\ntips:', '\n入场时段为19:15, 20:15, 21:15, 22:15']","","https://www.wrs.com.sg/en/night-safari/","['\n                        ·世界上第一个专为夜间动物而设立的野生动物园，园区内居住着超过2500只动物。', '\n·可乘坐游览车，穿梭于世界7个不同地理区域，从崎岖的喜马拉雅山麓到亚洲河区森林的沼泽河岸。', '\n·游览车无法到达的地方，游客可徒步在雨林中蜿蜒的步行道上，与花豹、渔猫、马来大狐蝠、沙袋鼠等近距离接触。', '\n·露天圆型剧场里可以看表演，有婆罗洲土著部落表演，勇猛的战士展现出令人瞪目结舌的喷火技能。', '\n·《夜晚的精灵》是动物的互动表演，以娱乐方式配合舞台灯光呈现夜间动物特有的自然习性。\xa0\n                    ']","80 Mandai Lake Rd, Singapore 729826","1077.0","有图 (370条)好评（876条）中评（159条）差评（42条）动物表演（145人提及）人很多（57人提及）7点开门（43人提及）不能开闪光灯（33人提及）值得去（27人提及）金牌点评 (32条)"
"13","滨海湾","Marina Bay","['全天', '\n', '\n']","","","['\n                        ·新加坡的地标之一，也是新加坡最繁华的地区，设计规划非常整洁美丽，夜景尤为绚丽。', '\n·著名的金沙酒店、滨海湾花园、鱼尾狮公园、大榴莲、飞行者摩天轮等都分布在这一带。', '\n·这里白天视野开阔，晚上灯火辉煌。可以环绕整个滨海湾走一走，看看从白到黑的景色变化。\n                    ']","Marina Boulevard, Singapore 018980, Singapore","1181.0","有图 (430条)好评（1103条）中评（69条）差评（9条）新加坡地标（132人提及）值得去（29人提及）人很多（27人提及）适合拍照（10人提及）有餐厅（8人提及）金牌点评 (10条)"
"14","巴拉湾海滩","Palawan Beach","['全天', '\n', '\n']","","https://www.sentosa.com.sg/explore/beaches/palawan-beach","['\n                        ·位于圣淘沙岛南侧，在西乐索海滩和丹戎海滩之间。', '\n·吸引力在于它的地理位置和舒适的沙滩，海面有连接一方小岛的吊桥。', '\n·是亚洲大陆的最南端，亚洲最接近赤道的地方，可以看到美丽的夕阳。\xa0\n                    ']","Palawan Beach Sentosa Island, Singapore 099981","347.0","有图 (214条)好评（323条）中评（21条）差评（3条）适合家庭（12人提及）玩半天（7人提及）值得去（5人提及）圣淘沙岛边（3人提及）尽收眼底（3人提及）金牌点评 (2条)"
"15","圣安德烈教堂","St. Andrew's Cathedral","['09:00-16:30；停止入场时间:16:00 (1月1日-12月31日 周一-周三,周五)15:00-16:30；停止入场时间:16:00 (1月1日-12月31日 周四)不对外开放 (1月1日-12月31日 周六-周日)', '\ntips:', '\n· 周六仅接待10人以上团体入内参观', '\n· 周日不对外开放', '\n· 公众假期不对外开放', '展开全部>']","","https://cathedral.org.sg/","['\n                        ·一座洁白的歌特式教堂，洁白亮丽的外墙是圣安德烈教堂最傲人的特点之一。', '\n·建造教堂的初衷是为了给英国的侨民一个做崇拜的圣殿，后来渐渐转变为向本地各民族居民传播福音。', '\n·现在圣安德烈座堂已经成为新加坡地区最有宗教影响的教堂之一，也是新加坡最大的教堂。\n                    ']","11 St Andrew's Rd, 178959,Singapore","668.0","有图 (404条)好评（577条）中评（86条）差评（5条）哥特式建筑（38人提及）交通方便（16人提及）值得去（7人提及）适合拍照（7人提及）下午5点关门（4人提及）金牌点评 (4条)"
"16","哈芝巷","Haji Lane","","","http://www.singapore-guide.com/singapore-shopping/5-stores-on-haji-lane.htm","['\n                        哈芝巷曾经是一条两旁矗立着战前房屋的空荡街道，如今大批本土设计师和年轻创业者的进驻已使这条旧巷重获新生。', '\n现在，哈芝巷内墙壁上的涂鸦使得整个街道透露出艺术区的风格，是许多旅客和当地人的比打卡之地。', '\n蜂蜂可以在这里找到古着服饰、限量出售的家居饰品等等，也能抽出时间在这儿慢慢的享受下午茶。\n                    ']","Haji Lane, Singapore","604.0","有图 (391条)好评（503条）中评（96条）差评（5条）适合拍照（54人提及）人很多（15人提及）网红打卡（10人提及）离小印度很近（9人提及）打卡地（8人提及）金牌点评 (4条)"
"17","新加坡国家博物馆","National Museum of Singapore","['10:00-18:00(新加坡历史展馆),10:00-20:00(新加坡生活展馆)；停止入场时间:17:30,19:30 (1月1日-12月31日 周一-周日)', '\n']","","https://www.visitsingapore.com.cn/see-do-singapore/history/history-museums/national-museum-of-singapore/","['\n                        ·坐落于城市中心位置，以其浓厚的新古典主义建筑风格成为博物馆中的佼佼者。', '\n·内有6个永久性陈列馆，主要展现14世纪以来新加坡的生活及风俗习惯的演变过程，特别是华人早期移民的生活。', '\n·还有历史馆和4间生活文化馆，和传统美食、时尚潮流、摄影技术和电影戏剧4个主题，它们从各个角度呈现今天新加坡民众的生活。\xa0', '\n·馆内提供电子音频视频向导，里面会详细介绍每个展品，还会有不定期导游。\n                    ']","93 Stamford Road, Singapore 178897, Singapore","381.0","有图 (196条)好评（321条）中评（51条）差评（9条）强烈推荐（21人提及）有中文讲解（14人提及）逛半天（5人提及）适合小朋友（5人提及）交通方便（5人提及）金牌点评 (7条)"
"18","圣淘沙名胜世界","Resorts World Sentosa","['全天 (1月1日-12月31日 周一-周日)', '\ntips:', '\n景点、餐厅等营业时间各不相同，具体请参照官网']","","http://www.rwsentosa.com.cn/","['\n                        圣淘沙名胜世界集食住行游购娱于一身，是世界级综合度假胜地和新加坡首屈一指的顶级综合娱乐城。它由云顶新加坡耗资70亿新元（约350 亿元人民币）兴建，占地49万平方米，位于圣淘沙岛上的黄金地段，拥有诸多世界级的游乐景点。不仅如此，圣淘沙名胜世界更拥有六家风格迥异的奢华酒店，总客房数超过1500间，新加坡最大型的水疗度假村ESPA圣淘沙名胜世界亦坐落于此，大型宴会厅和多个会议中心可同时接待 1.2万宾客，充分满足度假及商旅人士的全面需求。这里常年风景秀美，气候宜人，建筑与自然达到了一种共生共荣的和谐状态，使所有到此休闲度假的宾客都能获得一份“结庐在人境，而无车马喧”的悠然心境。除此之外，作为新加坡汇集最多米其林星的美食胜地，圣淘沙名胜世界力邀世界顶级名厨，源源不断地为宾客奉上不同风味的饕餮盛宴。\n                    ']","新加坡圣淘沙岛","302.0","有图 (103条)好评（285条）中评（17条）值得去（13人提及）玩一天（13人提及）适合家庭（9人提及）有小吃（8人提及）人很多（4人提及）金牌点评 (3条)"
"19","甘榜格南","Kampong Glam","['全天', '\n', '\n']","","https://www.visitsingapore.com/see-do-singapore/places-to-see/kampong-glam/?TAHotelCode=125","['\n                        ·是新加坡穆斯林的聚居区，是感受马来文化和伊斯兰文化的好地方。', '\n·整个区域有着美轮美奂的建筑、异国情调的商店和可口精致的美食，还有时尚新潮的小巷子。', '\n·斋月期间，周边到处都是小吃摊位和文化表演，晚上的节日氛围更令人沉浸。\n                    ']","Kampong Glam, Singapore","183.0","有图 (111条)好评（165条）中评（18条）适合拍照（9人提及）哈芝巷附近（5人提及）人很多（4人提及）值得来（4人提及）有饭馆（3人提及）金牌点评 (1条)"
"20","新加坡动物园","Singapore Zoo","['08:30-18:00；停止售票时间:17:30 (1月1日-12月31日 周一-周日)', '\n']","","https://www.wrs.com.sg/en/singapore-zoo/","['\n                        ·占地28.3公顷，采用全开放式的模式，园区内以天然屏障代替栅栏，为各种动物创造天然的生活环境。', '\n·有超过3,600种鸟兽，其中不乏濒危物种，如白犀牛、科莫多巨蜥、孟加拉白虎、人猿等。', '\n·动物园还安排有骑乘、露营、与动物共餐及合影等互动式特色项目。\n                    ']","80 Mandai Lake Rd, Singapore 729826","1357.0","有图 (697条)好评（1251条）中评（90条）差评（16条）动物表演（215人提及）适合小朋友（73人提及）值得去（52人提及）玩一天（49人提及）有餐厅（17人提及）金牌点评 (44条)"
"21","裕廊飞禽公园","Jurong Bird Park","['08:30-18:00；停止售票时间:17:30 (1月1日-12月31日 周一-周日)', '\n']","","http://www.wrs.com.sg/en/jurong-bird-park.html?cmp=www|mp|awa|trt|visit_website|ta||listing|&utm_campaign=trt&utm_medium=visit_website&utm_source=ta&","['\n                        裕廊飞禽公园坐落在裕廊山上，这里最大的看点莫过于东南亚珍禽屋，可以模仿热带雨林生态环境，每天中午都会下一场雷阵雨，在这里可以见到东南亚地区几乎所有的珍禽和濒临绝种的鸟类。\n                    ']","2 Jurong HillSingapore 628925","295.0","有图 (132条)好评（261条）中评（29条）差评（5条）鹦鹉表演（25人提及）适合小朋友（17人提及）值得去（9人提及）交通方便（8人提及）玩一天（6人提及）金牌点评 (8条)"
"22","河川生态园","River Safari","['09:00-19:00；停止入场时间:18:00 (1月1日-12月31日 周一-周日)', '\ntips:', '\n具体请以景区公示为准']","","http://www.riversafari.com.sg/","['\n                        ·河川生态园是亚洲首个也是唯一一个以河川为主题的野生动物园，园内拥有 5,000 个海洋、陆地生物，种类达 300 多种。', '\n·游览八大淡水栖息地，与巨型动物面对面，如巨型水獭、娃娃鱼以及湄公河巨鲶。', '\n·漫步淡水画廊，在河川动物栖息地展览中了解独特的野生动物世界。\n                    ']","80 Mandai Lake RoadSingapore 729826","165.0","有图 (82条)好评（148条）中评（17条）适合小孩（8人提及）新加坡动物园旁边（5人提及）有小吃（5人提及）强烈推荐（4人提及）需要预约（3人提及）"
"23","滨海湾金沙艺术科学博物馆","ArtScience Museum","['10:00-19:00；停止入场时间:18:00 (1月1日-12月31日 周一-周日)', '\n']","","http://www.marinabaysands.com/ArtScienceMuseum","['\n                        这个独特的博物馆幸如一朵莲花，展示着它对访客的欢迎，是新加坡举办世界著名展品大型国际巡回展览的最佳地点，在这里走入时光隧道，在13个艺廊重温泰坦尼克号的经典传奇。\n                    ']","6 Bayfront Ave, New Delhi 018974","206.0","有图 (92条)好评（181条）中评（25条）适合小朋友（16人提及）新加坡地标（11人提及）玩两个小时（4人提及）新加坡河边（3人提及）值得来（3人提及）金牌点评 (2条)"
"24","新加坡南洋理工大学","Nanyang Technological University","['全天 (1月1日-12月31日 周一-周日)', '\n']","","http://www.ntu.edu.sg/Pages/home.aspx","['\n                        南洋理工大学，英文Nanyang Technological University，缩写为NTU，简称“南大” ，是一所享誉国际，位列全球大学50强的高等教育学府，是国际商学院联合会AACSB International认证的大学，为全球科技大学联盟成员和创始校。1991年，南洋理工学院进行重组，正式将国立教育学院纳入旗下，更名为南洋理工大学。校园被誉为世界最美丽的大学校园之一，它为教授提供自由教学和研究的最好环境。它是全世界最出色的工程学府之一，在纳米材料、生物材料、功能性陶瓷和高分子材料等许多领域的研究。\n                    ']","50 Nanyang AveSingapore 639798","155.0","有图 (60条)好评（143条）中评（11条）差评（1条）离市区远（6人提及）标志性建筑（3人提及）人挺多（2人提及）值得来（2人提及）有餐厅（2人提及）金牌点评 (3条)"
"25","云雾林","Cloud Forest","['09:00-21:00；停止售票时间:20:00；停止入场时间:20:30 (1月1日-12月31日 周一-周日)', '\n']","","http://www.gardensbythebay.com.sg/en/the-gardens/attractions/cloud-forest.html","","18 Marina Gardens Dr, Singapore 018953","235.0","有图 (146条)好评（231条）中评（4条）恐高（10人提及）值得去（6人提及）花穹出口（5人提及）人很多（4人提及）适合凹造型（2人提及）金牌点评 (4条)"
"26","新加坡国立大学","National University of Singapore","['全天 (1月1日-12月31日 周一-周日)', '\n']","","http://www.nus.edu.sg/","['\n                        新加坡国立大学主校园位于肯特岗（Kent Ridge），位于新加坡西南部，离市中心12公里，距东郊樟宜机场（Changi Airport）30分钟车程。\n                    ']","21 Lower Kent Ridge RdSingapore 119077","188.0","有图 (71条)好评（164条）中评（21条）差评（3条）交通方便（3人提及）离市中心远（3人提及）值得去（2人提及）人很多（1人提及）玩一天（1人提及）金牌点评 (3条)"
"27","金沙天空公园","Sands Sky Park","['09:30-22:00 (1月1日-12月31日 周一-周四)09:30-23:00 (1月1日-12月31日 周五-周日)', '\n']","","https://zh.marinabaysands.com/sands-skypark.html","['\n                        ·位于号称当今世上最昂贵的酒店——金沙酒店顶层，可以俯瞰新加坡的城市景观。', '\n·举目远眺，无论明媚阳光下的碧蓝海水，还是静谧夜空下的Spectra水幕灯光秀的盛景，高空观景台是很好的观景台。', '\n·来到新加坡，登上高耸入云的金沙空中花园观景台，俯瞰新加坡最美的风景，才算不虚此行。', '\n·周边还有饮料小吃，一边吃美食，一边欣赏美景，体验一次非常惬意。', '\n·天空公园和无边泳池是分开的，花园买票即可观景。\n                    ']","10 Bayfront Ave, Singapore 018956","204.0","有图 (110条)好评（188条）中评（14条）差评（2条）尽收眼底（13人提及）标志性建筑（6人提及）值得去（5人提及）有小吃（4人提及）人超级多（3人提及）金牌点评 (8条)"
"28","马里安曼兴都庙","Sri Mariamman Temple","['09:00-17:00 (1月1日-12月31日 周一-周六)09:45-17:00 (1月1日-12月31日 周三)09:00-13:30 (1月1日-12月31日 周日)', '\n']","","http://www.smt.org.sg/","['\n                        ·马里安曼兴都庙是新加坡最古老的兴都庙，专门供奉驱逐霍乱、瘟疫等传染病的马里安曼女神。', '\n·此庙不仅是朝拜圣地，在殖民地时代，这里也是举办社区活动的重要场所。当年马里安曼兴都庙甚至还是兴都教的婚姻注册局，因为当时只有这座庙才有权主持兴都教徒的婚礼。', '\n·兴度庙塔共六层，放置了神灵、神兽和其他神物的雕像。蜂蜂还能看到身穿英国统治时期暗绿色军装的印度士兵。庙门入口是高耸的塔楼，雕刻着数不尽的印度神明，是标准的南印度庙建筑风格。\n                    ']","244 South Bridge Rd,Singapore 058793","606.0","有图 (258条)好评（439条）中评（149条）差评（18条）印度教寺庙（52人提及）牛车水附近（29人提及）不能拍照（16人提及）人很多（12人提及）小印度边（5人提及）金牌点评 (2条)"
"29","新加坡国家美术馆","National Gallery Singapore","['10:00-21:00 (1月1日-12月31日 周五)', '\n10:00-19:00 (1月1日-12月31日 周六-周四)', '\n']","","http://www.nationalgallery.sg","['\n                        国家美术馆是由新加坡两座深具代表性的重要历史建筑——政府大厦和前最高法院改建而成，志在成为将新加坡、东南亚地区及世界各地的美术接轨，并持续鼓舞和启发群众的顶尖视觉艺术机构。', '\n馆内典藏了多件新加坡及东南亚的美术作品，集中展示从19世纪至今的新加坡及东南亚艺术，呈现新加坡和区域文化的社会，经济和政治的历史。\n                    ']","1 St. Andrew's Road #01-01 National Gallery Singapore, Singapore 178957, Singapore","102.0","有图 (80条)好评（96条）中评（5条）差评（1条）玩半天（7人提及）值得去（6人提及）适合小朋友（5人提及）适合拍照（4人提及）新加坡代表（4人提及）金牌点评 (5条)"
"30","双螺旋桥","Helix Bridge","['全天', '\n', '\n']","","","['\n                        ·位于新加坡滨海湾新市区，是世界上首座曲线桥，2010年4月24日通行。', '\n·全桥有长280米的步行通道，结构非常精密，很类似人体的DNA结构。', '\n·大桥有5座观景平台，位置十分优越，是水上运动和烟花表演的最佳观景台。', '\n·双螺旋的形式象征了“生生不息”、“复兴”、“永远繁荣”、“成长”。\n                    ']","Linking between Marina Bay and Marina Centre, Singapore 038981, Singapore","466.0","有图 (199条)好评（399条）中评（65条）差评（2条）夜景很美（17人提及）滨海湾边（8人提及）烟花表演（6人提及）适合拍照（6人提及）人很多（3人提及）金牌点评 (5条)"
"31","苏丹回教堂","Masjid Sultan","['周一-周四、周六-周日10:00-12:00，14:00-16:00；周五14:30-16:00。']","","http://sultanmosque.sg/","['\n                        苏丹回教堂（Masjid Sultan）位于新加坡甘榜格南区的马斯喀特街与桥北路，是新加坡最重要的清真寺之一。', '\n到20世纪初，新加坡已成为一个伊斯兰商业、文化和艺术中心。由于伊斯兰社区发展迅速，苏丹回教堂很快变得太小。1924年，清真寺建立一百周年，批准了一项计划，建立一座新的清真寺。1928年完成。老清真寺也陷入失修状态。', '\n苏丹回教堂自建成以来一直基本保持不变，只有在20世纪60年代进行维修。1975年3月14日列为新加坡国家古迹。\n                    ']","3 Muscat Street 新加坡","328.0","有图 (193条)好评（287条）中评（39条）差评（2条）标志性建筑（9人提及）哈芝巷附近（9人提及）阿拉伯街附近（8人提及）有餐厅（4人提及）适合拍照（4人提及）金牌点评 (3条)"
"32","海豚园","Dolphin Island","['10:00-18:00 (1月1日-12月31日 周一-周日)', '\n']","","http://www.rwsentosa.com.cn/Tour-DolphinIsland","['\n                        ·坐落于水上探险乐园，栖息着可爱的印度太平洋樽鼻海豚，由 11个泻湖连成一体。', '\n·项目都经过巧思设计，能与海豚近距离互动交流，打造专属的难忘体验。', '\n·培训员及主持人会分享与海豚有关的知识，包括它们的栖息地、食物、身体构造及迁移模式。', '\n·所有海豚互动体验均包括水上探险乐园单日门票，提供潜水衣，须穿合适泳装。', '\n\n                    ']","8 Sentosa Gateway, Sentosa Island, Singapore 098269","91.0","有图 (51条)好评（85条）中评（4条）差评（2条）需要预约（11人提及）海豚表演（8人提及）适合小朋友（6人提及）值得推荐（4人提及）不能拍照（3人提及）金牌点评 (8条)"
"33","滨海艺术中心音乐厅","EsplanadeTheatres on the Bay","['12:00-22:30 (1月1日-12月31日 周一-周日)', '\ntips:', '\n凡演出在12:00前开演的,售票处会提前在开演前一小时开放', '\n凡演出在晚上20:30后开演的,售票处则会延迟至开演后半小时才结束。', '展开全部>']","","http://www.esplanade.com/","['\n                        ·滨海艺术中心是新加坡首屈一指的艺术表演场地，造型独特的圆顶为它赢得了“大榴莲”的称号。', '\n·滨海艺术中心毗邻滨海湾，艺术中心内有音乐厅、剧院、演奏厅和排练室，还有户外表演空间。', '\n·此外，这里还有购物中心、国际风味餐馆及新加坡首家艺术图书馆——滨海艺术中心图书馆，馆内收藏了大量关于音乐、舞蹈、电影和戏剧的书籍和多媒体资料。\n                    ']","1 Esplanade Dr,Singapore 038981","428.0","有图 (163条)好评（368条）中评（54条）差评（6条）新加坡地标（46人提及）鱼尾狮公园旁边（9人提及）新加坡河边（7人提及）交通方便（6人提及）滨海湾边（4人提及）金牌点评 (1条)"
"34","新加坡科学中心","Science Centre Singapore","['10:00-18:00(科学中心) (1月1日-12月31日 周二-周日,节假日)不对外开放(科学中心)', '\n (1月1日-12月31日 周一)', '\n10:00-21:00(万象馆) (1月1日-12月31日 周二-周日,节假日)不对外开放(万象馆)', '\n (1月1日-12月31日 周一)', '\ntips:', '\n周一是公共假期时，正常开放。', '展开全部>']","","http://www.science.edu.sg","['\n                        ·新加坡科学中心（SINGAPORE SCIENCE CENTRE） 是全国最大的科学展示馆。', '\n·馆里超过850件互动式展品充分体现科学的奥妙。 经过巨大的修复工程后，科学馆设备更完善，也多了全新的展区和一座新的展厅。', '\n·2017年起,此馆也具有世界上最大的镜子迷宫。 ', '\n·建议蜂蜂在参观前提前查好开放时间。\n                    ']","15 Science Centre Rd,Singapore 609081","70.0","有图 (37条)好评（65条）中评（5条）适合孩子（8人提及）值得来（6人提及）逛3小时（5人提及）6点关门（3人提及）离市中心远（1人提及）金牌点评 (3条)"
"35","赞美广场","Chijmes","['全天 (1月1日-12月31日 周一-周日)', '\n']","","http://www.chijmes.com.sg","['\n                        赞美广场（CHIJMES）是新加坡重要的历史古迹之一。附近可以就餐、购物和娱乐。由教堂改建的CHIJMES大厅经常演出音乐剧、独唱会及其它戏剧。\n                    ']","30 Victoria StSingapore 187996","146.0","有图 (87条)好评（122条）中评（23条）差评（1条）有餐厅（11人提及）新加坡代表（10人提及）适合拍照（3人提及）值得来（3人提及）圣安德烈教堂步行5分钟（1人提及）"
"36","","","","","","","","",""
"37","佛牙寺龙华院博物馆","Buddha Tooth Relic Temple and Museum","['09:00-18:00(观看佛牙) (1月1日-12月31日 周一-周日)08:00-18:00(佛教文化博物馆与文物馆) (1月1日-12月31日 周一-周日)07:00-19:00(著名僧伽纪念馆) (1月1日-12月31日 周一-周日)', '\n']","","http://www.btrts.org.sg/","['\n                        ·新加坡佛牙寺龙华院建于 2007 年，地处牛车水，虽然建成时间不久，但内饰设计精妙，展示的佛教艺术和历史丰富多彩，生动讲述了数百年前的文化故事。', '\n·寺庙的名称源自佛教徒心目中佛陀留下的犬齿，人们在佛陀火葬之地印度拘尸那伽城发现此物，并一直供奉展示。', '\n·位于寺庙三楼的佛教文化博物馆收藏着各式各样珍贵的佛教文物，例如骨头和舌头圣物，圣光殿 (Sacred Light Hall) 位于四楼，陈列着寺庙的镇庙之宝。', '\n·佛牙舍利被安置于重 3500 公斤的巨大佛塔之中，该塔由 320 公斤黄金制成，其中 234 公斤黄金来自于信徒的捐赠。游客只能从公共观赏区膜拜观赏佛牙舍利，只有僧侣才能进入佛牙舍利间。\n                    ']","288 South Bridge RdSingapore 058840","345.0","有图 (173条)好评（293条）中评（48条）差评（4条）佛教寺庙（17人提及）不可以拍照（16人提及）牛车水附近（14人提及）人很多（5人提及）值得去（4人提及）金牌点评 (1条)"
"38","亚洲大陆最南端","The Southern Most Point of Continental Asia","['全天 (1月1日-12月31日 周一-周日)', '\n']","","http://www.sentosa.com.sg/explore/attractions/southernmost-point-of-continental-asia","['\n                        处在亚洲大陆边缘的亚洲大陆最南端是一个袖珍岛，标志立于新加坡巴拉湾海滩对面的巴拉湾岛上，从巴拉湾海滩前往需通过悬索桥。', '\n在这个小岛上可以充分享受心旷神怡的海风与雄伟壮观的海景。两座观光塔屹立在侧，站在原木观光台可看到无边无际的中国南海。岛上可以为特殊场合提供独特布置，给游客带来难忘的回忆。\n                    ']","新加坡圣淘沙巴拉湾海滩对面的巴拉湾岛上","169.0","有图 (99条)好评（147条）中评（21条）差评（1条）巴拉湾海滩对面（4人提及）适合拍照（3人提及）注意蚊虫（2人提及）玩一天（1人提及）必去景点（1人提及）"
"39","鱼尾狮塔","","['10:00-20:00；停止入场时间:19:30 (1月1日-12月31日 周一-周日)', '\n']","","http://merlion.sentosa.com.sg/","['\n                        ·圣淘沙鱼尾狮是圣淘沙最著名的景点之一。', '\n·鱼尾狮新加坡的标志和象征，全国鱼尾狮像共有5座。最著名的两座分别是：一座是在浮尔顿酒店门前的鱼尾狮公园的那座，另一座便是在圣淘沙公园里的这座。', '\n·这座鱼尾狮塔坐落于圣淘沙岛英比奥山顶，由澳大利亚艺术家 James Martin 设计并雕塑，1995 年完工。它是新加坡最高的自由式结构建筑，也是新加坡唯一一座可以进入其内部的鱼尾狮像。', '\n·鱼尾狮塔高37米，从塔顶可以360度无障碍眺望风景，游客可以乘坐塔内电梯到达9楼或12楼的瞭望台，以360度观赏新加坡的美丽风光，甚至还能远眺到远处的几座小岛。', '\n·鱼尾狮身上共有320片由光导纤维之城的鱼鳞，在夜晚，鱼鳞会不断变换颜色，十分美丽。塔后方有一条120米长的高迪风格的马赛克步行道，可以看到各种版本的关于鱼尾狮的传说。\n                    ']","新加坡圣淘沙岛","426.0","有图 (178条)好评（339条）中评（81条）差评（6条）新加坡象征（39人提及）值得去（10人提及）人很多（8人提及）适合拍照（5人提及）尽收眼底（5人提及）金牌点评 (4条)"
"40","新加坡国家美术馆","National Gallery","['10:00-19:00；停止入场时间:18:15 (1月1日-12月31日 周六-周四)10:00-21:00 (1月1日-12月31日 周五)', '\n']","","http://www.singaporeartmuseum.sg","[""\n                        新加坡国家美术馆前身为圣约瑟书院（St Joseph's Institution），是本地著名男校。美术馆开放于1996年，馆藏超过400件艺术品，收藏了世界上最大规模的当地和现代东南亚艺术品。无论是展览规模、全天候与视像画廊现代设备，都是东南亚领先的艺术馆。它是新加坡最古老的博物馆，但却包含最年轻和最有创意的思想。 两年一度的新加坡双年展(Singapore Biennale)，就是由新加坡国家美术馆主办的全球艺术盛事。\n                    ""]","71 Bras Basah Road, 新加坡 189555","108.0","有图 (61条)好评（90条）中评（15条）差评（3条）值得去（3人提及）不允许拍照（1人提及）离新加坡管理大学不远（1人提及）交通方便（1人提及）适合拍照（1人提及）金牌点评 (1条)"
"41","花穹","Flower Dome","['09:00-21:00；停止售票时间:20:00；停止入场时间:20:30 (1月1日-12月31日 周一-周日)', '\n']","","http://www.gardensbythebay.com.sg/en/the-gardens/attractions/flower-dome.html","","18 Marina Gardens Drive Gardens By the Bay, Singapore 018953, Singapore","173.0","有图 (112条)好评（166条）中评（7条）游览1小时（4人提及）值得去（4人提及）适合拍照（4人提及）有餐厅（3人提及）人超级多（2人提及）金牌点评 (3条)"
"42","花柏山公园","Mount Faber Park","['全天 (1月1日-12月31日 周一-周日)', '\n']","","http://nparks.gov.sg","['\n                        ·花柏山公园位于南部山脊的东部，是一座海拔115米的小山，是新加坡第二高点，仅次于武吉知马山，它靠近繁华市区，面向新加坡海港。', '\n·在山顶上遥望四周，景色十分美丽，既能看到市内林立的建筑群，晴天的话还能看到印度尼西亚和马来西亚。', '\n·夜晚，在花葩山上远眺市区的辉煌夜景，耀眼夺目，别有一番情调。这里环境清幽，是旅客及当地人避开城市喧嚣的好去处，如果有车的话，还可欣赏夕阳和晚景，更是罗曼蒂克。', '\n·上花柏山公园游玩时，如果不想爬山，就只能乘搭出租车前往。\n                    ']","Junction of Kampong Bahru Road and, Telok Blangah Rd,Singapore 099448","221.0","有图 (27条)好评（168条）中评（46条）差评（7条）尽收眼底（6人提及）有餐厅（3人提及）圣淘沙岛对面（2人提及）人超级多（2人提及）景色漂亮（2人提及）"
"43","新加坡河","Singapore River","['河流全天开放,怀旧木板船9:00-23:00,末班船为22:30,单次搭乘,每30分钟一班。']","","http://www.singapore-river.com","['\n                        新加坡河(Singpore River)，是新加坡唯一的河流，是一条在海水冲涌的基础上由人工开凿而成的运河，长约4.1公里，贯穿于整个城市，是新加坡的生命之河，早期移民都是依靠这条河流来维持生计。', '\n漫步在河畔，可以参观许多富纪念性的标志和建筑，如鱼尾狮公园、莱佛士登岸遗址和旧国会大厦艺术之家，宗教机构如奥马清真寺、保赤宫，还有驳船码头、克拉码头等繁华的街区。', '\n新加坡河岸边有驳船码头、克拉码头和罗拔申码头，是了解新加坡历史和享受美食夜生活的胜地。\n                    ']","新加坡中央城","527.0","有图 (149条)好评（450条）中评（70条）差评（7条）夜景很美（21人提及）克拉码头附近（9人提及）值得推荐（7人提及）适合晚上（5人提及）人很多（5人提及）金牌点评 (6条)"
"44","旧禧街警察局","Old Hill Street Police Station","['10:00-17:00 (1月1日-12月31日 周一-周日)', '\n']","","","['\n                        旧禧街警察局（Old Hill Street Police Station）建于 1934 年，内设禧街警察局和营房。在其 1934 年完工之际，它便成为了最大的政府建筑，亦被视为现代摩天大楼。1998 年，它被报刊媒体评为国家纪念碑，而后新闻、通讯及艺术部（Ministry of Information, Communications and the Arts）迁来此地。 2000 年，这项建筑成为新闻、通讯及艺术部的办公大厦，并于 2012 年更名为旧禧街警察局，其后 MICA 变为通讯新闻部。旧禧街警察局还设有文化、社区及青年部（Ministry of Culture, Community and Youth）。', '\n建筑总共拥有927扇彩虹般绚丽夺目的窗户。前四层窗户的色彩强度相同，且极具活力，五层与六层的颜色则逐步加深，让悬臂式露台更为突显，这些都是该历史建筑令人瞩目的特色，让游览此地的游客们赞叹不已。', '\n主庭院的前身为警察训练场地，现已被改造成中堂（ARTrium），内设空调，适合举办大型视觉艺术展览和表演艺术活动。\n                    ']","140 Hill Street #02-02, MICA Building, Singapore 179369","187.0","有图 (106条)好评（167条）中评（20条）克拉码头附近（33人提及）适合拍照（5人提及）网红打卡地（3人提及）新加坡河边（3人提及）新加坡地标（2人提及）"
"45","国立胡姬花园","National Orchid Garden","","","http://www.sbg.org.sg","['\n                        也叫国立胡姬花园，胡姬花是新加坡的国花。 拥有700多种兰花，主要是以全世界有名的女性来命名，包括到访新加坡的撒切尔夫人和戴安娜王妃的同名兰花。在众多兰花中，最有名的莫过于新加坡的国花——卓锦万黛兰（Vanda Miss Joaquim）。卓锦万黛兰（Vanda Miss Joaquim）号称超级天后，1893年被亚美尼亚籍的艾尼丝·卓锦（Vanda Miss Joaquim）在当地意外发现。\n                    ']","1 Cluny Road, Singapore Botanic Gardens, SG 259569","127.0","有图 (56条)好评（113条）中评（13条）差评（1条）值得去（5人提及）交通便利（3人提及）离乌节路不远（2人提及）逛半天（2人提及）离市区很远（1人提及）"
"46","西乐索海滩","Siloso Beach","['全天 (1月1日-12月31日 周一-周日)', '\n']","","http://silosobeachresort.com/","['\n                        西罗索海滩是沙滩排球爱好者的天堂，绵延的白沙更是游客展露沙雕技巧的舞台，除了溪水弄潮或玩独木舟之外，享受日光浴的比基尼女郎也成为婀娜多姿的南国风景。', '\n适合休闲随便走走。很多人在这里晨跑。也有很多娱乐项目正在建设中。 ', '\n包含景点项目：', '\n1.时光之翼 (Wings of Time)；', '\n2.海滩俱乐部  (Ola Beach Club)；', '\n3.圣淘沙冲浪区 (Wave House Sentosa)；', '\n4.自行车租赁 (Gogreen Bicycle Rental)；', '\n5.思维车®探险旅程 (Gogreen Segway Eco Adventure)；', '\n6.iFly新加坡 (iFly Singapore) ;', '\n7.西乐索炮台 (Fort Siloso);', '\n8.先驱人物博物馆 (Surrender Chamber);', '\n9.西乐索炮台天空步道 (Fort Siloso Skywalk);\n                    ']","Siloso Beach Walk Singapore","216.0","有图 (105条)好评（179条）中评（34条）差评（3条）有卫生间（6人提及）值得来（5人提及）人很多（4人提及）适合小孩（3人提及）离车站不远（3人提及）"
"47","武吉士街","Bugis Street","['11:00-22:00 (1月1日-12月31日 周一-周日)', '\n']","","http://www.bugis-street.com/","['\n                        ·武吉士街是一个小购物街，街道不宽，两旁全是各种小商铺。这里卖的多是一些平价商品，纪念品，还有很多小吃店，价格便宜。', '\n·街的附近也有一个小贩中心，里面有多过40家小贩摊位。\n                    ']","3 New Bugis Street, Singapore 188867","192.0","有图 (64条)好评（149条）中评（41条）差评（2条）金牌点评 (2条)"
"48","东海岸公园","East Coast Park","['全天 (1月1日-12月31日 周一-周日)', '\n']","","https://www.nparks.gov.sg/gardens-parks-and-nature/parks-and-nature-reserves/east-coast-park","['\n                        在新加坡东南海岸沿线有一长达8.5公里的细长型公园，这就是新加坡东海岸公园，是新加坡最大的海滨度假区。公园内有各种体育浏览设施，是理想的一日游景点。每到周六、周日，园内到处都是熙熙攘攘的年轻人及家庭旅游者。晴朗的周日带上泳衣到东海岸，东海岸公园的风光，加上黝黑的皮肤相映成趣。 \u3000\u3000', '\n', '\n公园有可以在这里游泳和冲浪的中央人工游泳区；有由14个网球场构成的全天候网球中心；有可为游客提供多种服务的东海岸娱乐中心；有一个200米的高尔夫练习场；有17米高的滑梯与活水游泳池构成的“大滑水道”；有拥有900多条鳄鱼的热带鳄鱼园；有环境优雅的UDMC度假村等等。\n                    ']","Along East Coast Parkway and East Coast Park Service Road新加坡","176.0","有图 (67条)好评（151条）中评（22条）差评（3条）交通不方便（7人提及）适合家庭（6人提及）人很多（5人提及）有餐厅（5人提及）注意防晒（3人提及）金牌点评 (4条)"
"49","滨海湾金沙无边泳池","","","","","","10 Bayfront Ave","54.0","有图 (30条)好评（54条）人很多（10人提及）有餐厅（1人提及）尽收眼底（1人提及）值得去（1人提及）夜景很美（1人提及）金牌点评 (2条)"
"50","海事博物馆","The Maritime Experiential Museum","","","http://www.rwsentosa.com.cn/","['\n                        以崭新面貌示人的海事博物馆将让访客经历一场别开生面的沉浸式多感官的史诗航海探索之旅。该海事博物馆作为圣淘沙名胜世界全新开放的景点，将成为新加坡唯一一处可重温昔日繁荣的海上丝绸之路的展馆。随我们一起乘风破浪！沿着连通东西方文明的海上丝绸之路，见证途经各大港口的风土民情。多达15个主题展区让您沉浸在妙趣无穷的航海探索中，借助互动科技体验航海家的冒险之旅，在冒着熊熊火焰的船只上与海盗狭路相逢！\n                    ']","8 Sentosa Gateway, Sentosa Island, Singapore 098269","116.0","有图 (64条)好评（105条）中评（9条）差评（2条）值得来（2人提及）适合亲子（2人提及）展品丰富（2人提及）历史悠久（1人提及）人特别多（1人提及）金牌点评 (1条)"
"51","空中走廊","","['09:00-21:00 (1月1日-12月31日 周一-周日)', '\n']","","http://gardensbythebay.com.sg","['\n                        在高达22米的位置，位于Supertree\xa0Grove的OCBC\xa0Skyway可让您近距离观察花园未来派Supertrees的技术奇迹。这个长达128米的空中走道是一次不容错过的体验，展现了辉煌的拍照机会，捕捉周围植物群的美景。黄昏时分，迷人的滨海湾天际线崭露头角，整个地区每晚都有花园狂想曲\xa0-\xa0这是一场免费的灯光音乐节目，晚上7时45分和8时45分。\n                    ']","18 Marina Gardens Dr","60.0","有图 (31条)好评（57条）中评（3条）恐高（8人提及）值得去（2人提及）适合拍照（2人提及）八点停止（1人提及）人挺多（1人提及）"
"52","牛车水原貌馆","Chinatown Heritage Centre","['09:00-20:00 (1月1日-12月31日 周日-周六)', '\n']","","http://www.chinatownheritagecentre.com.sg/","['\n                        牛车水原貌馆是一间经过翻新的三层店屋。这里重现当年中国移民渡海抵达新加坡的冒险经历，背井离乡苦力生活的艰辛，居住的店屋格房的拥挤，昔日移民的艰辛生活重现眼前。\n                    ']","48 Pagoda Street, Singapore 059207, Singapore","108.0","有图 (46条)好评（72条）中评（32条）差评（4条）有讲解器（6人提及）值得去（5人提及）人很多（3人提及）交通方便（2人提及）牛车水附近（1人提及）金牌点评 (2条)"
"53","福康宁公园","Fort Canning Park","['全天 (1月1日-12月31日 周一-周日)', '\n']","","http://www.nparks.gov.sg/fortcanning","['\n                        福康宁公园所在地曾是保护新加坡港口的要塞，建于1859年，现已成为一个公园，它是仿造莱佛士1822年修建于新加坡的第一个实验性的植物园，实验性植物园原来的园地面积为19公顷，现在的香料园是它的缩影。', '\n同时这里的空地也是新加坡最著名的室外表演的场地，很多明星人物都在这里做过表演。\n                    ']","River Valley Rd, Singapore 179038, Singapore","76.0","有图 (52条)好评（66条）中评（9条）差评（1条）适合拍照（3人提及）强烈推荐（3人提及）网红地（2人提及）新加坡地标（2人提及）克拉码头附近（1人提及）金牌点评 (1条)"
"54","新加坡红点设计博物馆","Red Dot Design Museum","['周一-周日11:00-次日2:00']","","http://www.museum.red-dot.sg","['\n                        这座“红”透半边天的殖民风格建筑，在20实际20年代曾是总部，经过改建外观刷成换红色之后，由德国的Red Dot Design Museum在此开设海外分馆，Red Dot Traffic还入驻设计公司，餐厅，酒吧和咖啡屋，白天充满艺术气息，晚上则变成夜店。每逢周末，Red Dot Traffic还会开设二手集市，让新加坡的创意人在此摆摊，展示自己的作品。', '\n价格：美术馆成人新币8元，学生及儿童新币4元，每月第一个周六可免费入馆。营业时间：开放时间：周一、周二、周五11:00~18:00，周六周日11:00~20:00，\n                    ']","RedDotDesignMuseum，11MarinaBoulevard.，Singapore018940.","104.0","有图 (57条)好评（65条）中评（31条）差评（8条）适合拍照（2人提及）距离牛车水很近（2人提及）有餐厅（2人提及）藏品很丰富（2人提及）就在地铁站对面（1人提及）金牌点评 (1条)"
"55","斯里-维拉玛卡里雅曼兴都庙","Sri Veeramakaliamman Temple","['05:00-21:00 (1月1日-12月31日 周日-周六)', '\n']","","http://www.sriveeramakaliamman.com","['\n                        创建于1881年。特殊的彩绘门楼是典型的南印度建筑风格，塔楼上推砌着许多神像、圣牛及战士，庙里供俸的是拥有力量和有气的卡里女神－KALI。\n                    ']","141 Serangoon Road, 新加坡 218042","115.0","有图 (72条)好评（97条）中评（17条）差评（1条）印度教寺庙（4人提及）人很多（3人提及）牛车水附近（3人提及）小印度边（2人提及）值得去（1人提及）"
"56","亚洲文明博物馆","Asian Civilisations Museum","['10:00-19:00 (1月1日-12月31日 周六-周四)10:00-21:00 (1月1日-12月31日 周五)', '\n']","","http://www.acm.org.sg","['\n                        ·亚洲文明博物馆是一个介绍新加坡多元历史发展与种族融合的文物收藏地。此馆展示了两个世纪以来周边区域的人民勇于探索并在新加坡上安居乐业的景象。', '\n·亚洲文明博物馆是此地区唯一专门探索亚洲艺术传统的博物馆，尤其是新加坡的祖先文化。', '\n·博物馆重点展示亚洲不同文化之间，以及亚洲和世界之间的历史联系。\n                    ']","1 Empress Place Empress Place Building, Singapore 179555, Singapore","61.0","有图 (36条)好评（55条）中评（6条）逛两小时（3人提及）文物很多（2人提及）就在新加坡河边（2人提及）有中文讲解（2人提及）值得去（1人提及）金牌点评 (1条)"
"57","跨海步行道","Sentosa Boardwalk","['全天 (1月1日-12月31日 周一-周日)', '\n']","","http://www.sentosa.com.sg/en/getting-around/sentosa-boardwalk/","['\n                        沿着这条栈道可以一路步行到圣淘沙，栈道上有扶梯并伴有美丽的风景。\n                    ']","新加坡本岛南部(港湾地铁站)","132.0","有图 (54条)好评（122条）中评（10条）景色很美（2人提及）强烈推荐（2人提及）有餐饮店（1人提及）怡丰城步行10分钟（1人提及）适合情侣（1人提及）金牌点评 (3条)"
"58","乌敏岛","Pulau Ubin","['08:30-17:00 (1月1日-12月31日 周一-周日)', '\n']","","http://www.yoursingapore.com/content/traveller/en/browse/see-and-do/nature-and-wildlife/island-retreat/pulau-ubin.html?TAHotelCode=152","['\n                        乌敏岛坐落于新加坡东北部外海，因此游客可从樟宜码头的渡轮码头 (Changi Point Ferry Terminal) 乘船前往此处。', '\n乌敏岛在马来语中意为“花岗石岛”，这从岛上诸多弃置的采石场可见一斑。在乌敏岛上尽管最宜漫步游走，但，最好的游览方式是租一辆自行车环游小岛。', '\n岛上的一大游览胜地是仄爪哇 (Chek Jawa) 的潮间坪，这里生长着众多稀有的动植物与其它生物。乌敏岛还开设了导游陪同观光与自然徒步游。但是为了免受蚊虫滋扰，不要忘了携带足够的驱虫膏。\n                    ']","Pulau Ubin,Singapore","83.0","有图 (29条)好评（72条）中评（7条）差评（4条）玩一天（4人提及）有饭店（3人提及）值得去（3人提及）提防蚊虫（2人提及）景色很美（1人提及）金牌点评 (3条)"
"59","新加坡总统府","Istana","['08:30-18:00 (1月1日-12月31日 周一-周日)', '\n']","","http://www.istana.gov.sg/the-istana/istana-heritage-gallery/visitors-information","","Orchard Road, Singapore 238823","88.0","有图 (34条)好评（74条）中评（11条）差评（3条）不能拍照（6人提及）人特别多（3人提及）交通非常便捷（3人提及）文艺复兴建筑（1人提及）需要安检（1人提及）金牌点评 (2条)"
"60","新加坡玩具博物館","Mint Museum of Toys","['09:30-18:30 (1月1日-12月31日 周日-周六)', '\n']","","http://www.emint.com/","['\n                        MINT（玩具营造的想象和怀旧时刻）于 2006 年 5 月在新加坡落成，是世界上第一座玩具主题博物馆，馆内展示了 19 世纪中期至 20 世纪中期的大量古董玩具藏品，其中包括十分罕见的世上仅此一件的玩具。', '\n博物馆内收藏的玩具总数超过 5 万件，总价值超过 500 万新元，其中包括十分罕见的迪斯尼古董玩具和纪念品；-人物玩具，如阿童木、蜘蛛侠、Bonzo、Dan Dare、大力水手等；二战以前的日本玩具；中国制造的玩具，包括十分罕见的‘希望之门’玩具收藏，可追溯到 19 世纪末 20 世纪初；独有的泰迪熊收藏和可追溯到 20 世纪 20 年代的珍贵的中国连环画封面收藏；黄金时代漫画；和丁丁收藏品等。\n                    ']","26 Seah Street, Singapore 188382","50.0","有图 (27条)好评（39条）中评（7条）差评（4条）馆藏丰富（3人提及）在地铁附近（2人提及）不要开闪光灯（1人提及）人很多（1人提及）金牌点评 (1条)"
"61","亨德森波浪桥","Henderson Waves","['全天 (1月1日-12月31日 周一-周日)', '\n']","","http://www.nparks.gov.sg/","['\n                        亨德森波浪桥是新加坡最高的人行天桥，造型别致，桥身犹如波浪，有四个波峰和三个波谷，给行人提供了观景的新高度，其波浪状的设计给人以视觉上的冲击，获得了2009年新加坡“总统设计奖”。\n                    ']","Henderson Rd, 新加坡","71.0","有图 (35条)好评（62条）中评（8条）差评（1条）适合拍照（4人提及）尽收眼底（2人提及）人很多（1人提及）"
"62","新加坡集邮馆","Singapore Philatelic Museum","['周一下午1:00 - 下午7:00周二 - 周日上午9:30 - 下午7:00']","","http://spm.org.sg","['\n                        新加坡集邮馆展示了邮票世界的所有重要内容，从独特的背景、与重要历史时刻的联系到邮票设计和重要收藏。从这些稀有的邮票中，你可以进一步了解新加坡的殖民历史。\n                    ']","23B Coleman Street Singapore Philatelic Museum, Singapore 179807, Singapore","105.0","有图 (61条)好评（86条）中评（16条）差评（3条）值得去（3人提及）逛半小时（2人提及）适合小朋友（2人提及）亚美尼亚教堂对面（1人提及）距离土生华人博物馆不远（1人提及）"
"63","Wild Wild Wet水上乐园","Wild Wild Wet @ Downtown East","['13:00-19:00 (1月1日-12月31日 周一-周五)10:00-19:00 (1月1日-12月31日 周六-周日,节假日)', '\ntips:', '\n宪报公映日开放时间：10:00-19:00']","","http://www.wildwildwet.com","['\n                        Wild Wild Wet 水上乐园是新加坡最大的水上乐园之一， 备有 16 个 水上游乐设施，从轻松懈意到极度刺激， 适合全家大小， 绝对是新加坡最激动人心的水上乐园。\n                    ']","1 Pasir Ris Cl, Singapore 519599","32.0","有图 (8条)好评（30条）中评（2条）适合小孩（3人提及）玩一天（2人提及）人很多（1人提及）6点关门（1人提及）漂流池出口（1人提及）金牌点评 (2条)"
"64","安详山","Ann Siang Hill","","","","['\n                        安祥山是一个小山丘，也是一个位于唐人区内单向路的名称。它是谢安祥，一个富裕的出生在马六甲的中国福建商人，的房产所在地。\n                    ']","Singapore, Singapore","60.0","有图 (37条)好评（50条）中评（8条）差评（2条）牛车水附近（6人提及）适合拍照（2人提及）有餐厅（2人提及）值得推荐（1人提及）下午4点开门（1人提及）"
"65","圣淘沙海滩","Sentosa Beach","['11:00-21:00 (1月1日-12月31日 周一-周日)', '\n']","","","","Santosa Island, Singapore","19.0","有图 (7条)好评（15条）中评（4条）人很少（2人提及）"
"66","南部山脊","The Southern Ridges","['每日']","","http://www.nparks.gov.sg","['\n                        ·南部山脊 (The Southern Ridges)，是一个具有历史价值的区域，也孕育了自然界最珍贵的一些动植物。可将新加坡的壮美风景尽收眼底。南部山脊全长 9 公里，沿途青葱的环境、开阔的空间让这里成为了徒步与单车骑游的理想场所。', '\n·它拥有 360 度俯瞰城市的视野，是饱览新加坡、海港与南部岛屿全景的最佳地点。', '\n·步行桥中最为独特的莫过于连接花柏山公园和直落布兰雅山公园的亨德森波浪桥（Henderson Waves）。它有着新加坡最高步行桥的盛誉。因此，在踏上旅程之前，别忘了带上相机，在海拔 77.88 米的最高处留下难忘的记忆。', '\n·全程9公里，建议蜂蜂从最西面的Kent Ridge Park开始行程。\n                    ']","Mount Faber Park;   Telok Blangah Hill Park; or Kent Ridge Park Singapore","13.0","有图 (8条)好评（13条）适合赏风景（1人提及）值得去（1人提及）适合朋友（1人提及）尽收眼底（1人提及）金牌点评 (1条)"
"67","擎天大树林","Supertree Grove","","","http://www.gardensbythebay.com.sg/en/the-gardens/attractions/supertree-grove.html","","18 Marina Gardens Drive Gardens By the Bay | Gardens by the Bay, Singapore 018953, Singapore","68.0","有图 (21条)好评（66条）中评（2条）有游客中心（2人提及）新加坡地标（2人提及）人很多（1人提及）值得去（1人提及）适合孩子（1人提及）"
"68","裕华园","Chinese Garden","['06:00-23:00 (1月1日-12月31日 周一-周日)', '\n']","","","['\n                        裕华园坐落在新加坡裕廊工业镇上，一踏入幽静的裕华园，中国古代韵味便迎面而来。它仿效了中国北方的宫廷建筑风格与景观设计，一花一草都经过精心安排，与错落有致的高塔、院落融为一体。游客可以沿着曲径悠闲漫步，静静体会裕华园的优雅之美。\n                    ']","Chinese Garden Road Singapore 619795","28.0","有图 (9条)好评（18条）中评（10条）11点开门（1人提及）人特别多（1人提及）位于地铁站对面（1人提及）"
"69","新加坡国家图书馆","National Library of Singapore","","","http://www.nlb.gov.sg/","","100 Victoria St, 新加坡 188064","62.0","有图 (17条)好评（58条）中评（3条）差评（1条）人很多（2人提及）藏书丰富（2人提及）适合拍照（1人提及）金牌点评 (1条)"
"70","安德逊桥","Anderson Bridge","","","","['\n                        安德逊桥（Anderson Bridge）位于新加坡河河口，边上就是鱼尾狮公园，这座外观宏伟的铁桥，两端拥有装饰华丽的拱形铁门－－这是旧一代桥梁的最主要特色。\n                    ']","Connaught Drive, 新加坡","113.0","有图 (37条)好评（83条）中评（28条）差评（2条）适合拍照（2人提及）离克拉码头不远（2人提及）在新加坡河边（2人提及）鱼尾狮公园旁边（2人提及）电影拍摄（1人提及）"
"71","麦里芝水库","MacRitchie Reservoir","","","http://www.nparks.gov.sg/gardens-parks-and-nature/parks-and-nature-reserves/macritchie-reservoir-park","['\n                        MacRitchie Reservoir(麦里芝蓄水池）是新加坡最早的蓄水池，是一个重要的水源。蓄水池周围有茂密的树林，经过精心的设计和改造，除了拥有一个很优美公园供人们休闲外还有一个功能就是在这里实现人们的“健步”运动。环绕着蓄水池和树林间铺建了供人们健步走或跑的小路，在大自然的清新湿润空气里，在浓密的树荫下体验“健步”的乐趣。\n                    ']","Off Lornie Road, Singapore, Singapore","31.0","有图 (11条)好评（26条）中评（5条）适合家庭（2人提及）没有洗手间（1人提及）强烈推荐（1人提及）"
"72","蝴蝶园与昆虫王国","Butterfly Park and Insect Kingdom","['每天上午9:30至晚上7:00(最迟入场下午6:30）']","","http://www.jungle.com.sg/","['\n                        位于圣淘沙岛上，这儿里里外外都是优美的热带自然环境，室内馆连接着一个室外馆。带孩子来这里很长知识，能看到世界各地的蝴蝶与昆虫，标本既丰富又完美。小朋友进来，看到蝴蝶在身边飞舞，特别兴奋，特别开心。这里还能看到呆萌的大蜥蜴、活泼的金刚鹦鹉、活体竹节虫、比手掌还要大的甲虫，还有大只的辐射陆龟，感觉非常美妙。这个展馆不大，游人也并不多。\n                    ']","51 Imbiah Road, Singapore","26.0","有图 (13条)好评（19条）中评（5条）差评（2条）必去景点（1人提及）租服务台（1人提及）"
"73","滨海公园","Esplanade Park","","","https://www.nparks.gov.sg/gardens-parks-and-nature/parks-and-nature-reserves/esplanade-park","['\n                        此海滨公园建于1943年，属新加坡古老的公园。公园内更有不少新加坡独有古迹，如伊丽莎白女皇道（Queen Elizabeth Walk）、印度国民军纪念碑（the former Indian National Army Monument site）、战亡纪念碑（The Cenotaph）、陈金声喷泉（Tan Kim Seng Fountain）及林谋盛纪念碑（Lim Bo Seng Memorial）等，相信漫步其中时，必能感受丝丝的历史气息。', '\n另外，Esplanade Park邻近新加坡的商业脉络，可欣赏新加坡河的河畔风光之外，更可观赏有大榴莲之称的滨海艺术中心，可谓是一个举数得。\n                    ']","Connaught Drive, Singapore, Singapore","35.0","有图 (18条)好评（26条）中评（8条）差评（1条）逛一个小时（1人提及）新加坡地标（1人提及）恐高（1人提及）适合晚上（1人提及）人很多（1人提及）"
"74","科学艺术博物馆","Art Science Museum","['早上10：00~晚上10：00']","","","","10 Bayfront Ave.","10.0","有图 (2条)好评（10条）适合小朋友（3人提及）玩半天（2人提及）6点入园（1人提及）强烈推荐（1人提及）下午5点半停止（1人提及）"
"75","新加坡市政厅","City Hall","","","http://eresources.nlb.gov.sg/infopedia/articles/SIP_849_2004-12-17.html","['\n                        市政厅门口由科林斯圆柱一字排开，十分壮观，强烈展现了新古典主义风格仔细观察会发现每根圆柱的比例显得头重脚轻，据说为了强调视觉美感而故意设计的。', '\n官网：www.nationalartgallery.sg\n                    ']","3 St.Andrew's Road","66.0","有图 (25条)好评（46条）中评（19条）差评（1条）新加坡地标（6人提及）就在鱼尾狮公园对面（1人提及）必去景点（1人提及）适合拍照（1人提及）"
"76","新加坡维多利亚剧院","Victoria Theatre & Victoria Concert Hall","","","http://www.vtvch.com","['\n                        ·作为新加坡顶尖的表演艺术场所，维多利亚剧院与音乐厅是新加坡交响乐团 (Singapore Symphony Orchestra) 的常驻地，其建造初衷并非为了剧院用途。', '\n·1901 年，英殖民政府为了纪念当年 1 月去世的维多利亚女王 (Queen Victoria)，决定建一个纪念堂，并将市政厅规划其中。因此，维多利亚纪念堂就建在市政厅旁边，两栋建筑统一为帕拉第奥建筑风格，并建了一座钟楼，将两栋建筑连为一体。市政厅更名为维多利亚剧院 (Victoria Theatre)。', '\n·如今，维多利亚剧院是新加坡艺术节、新加坡太阳节等一些最具盛名的文化盛事的选定场地，新加坡交响乐团的每周演出也选在这里。\n                    ']","9 Empress Place Victoria Theatre, Singapore 179556, Singapore","41.0","有图 (29条)好评（37条）中评（4条）在鱼尾狮公园附近（1人提及）建筑好看（1人提及）"
"77","土生华人博物馆","Peranakan Museum","['星期一13:00-19:00', '\n星期二到星期天10:00-19:00（星期五10:00-21:00）']","","http://peranakanmuseum.org.sg/","['\n                        土生华人博物馆是一个探寻土生华人文化的博物馆。该博物馆旨在收藏和展示世界上最精致的土生华人物品，以最全面的方式反映土生华人的文化，地地道道讲述华人在东南亚国家文化、宗教、生活的博物馆。\n                    ']","39 Armenian Street, Singapore 179941","48.0","有图 (20条)好评（35条）中评（10条）差评（3条）值得来（3人提及）有中文讲解（2人提及）人很多（1人提及）展品非常丰富（1人提及）参观半小时（1人提及）"
"78","旧议会大厦","Old Art House at the Old Parliament","['上午 10:00 至晚上 10:00（包含周日与公共假日） ', '\n售票处开放时间：', '\n周一至周五 上午 10:00 至晚上 8:00 ', '\n周六 上午 11:00 至晚上 8:00  周日与公共假日：关闭', '展开全部>']","","http://www.theartshouse.com.sg/","['\n                        ·旧国会大厦建于1827年，是新加坡最古老的政府建筑物。', '\n·这座殖民地式建筑物昔日是新加坡民主制度下的国会大厦，现已改为旧国会大厦艺术之家。', '\n·国会大厦气派威严，是已故的新加坡首位民选总统王鼎昌亲自设计的，大厦顶部采用棱柱形结构，像是传统的圆顶屋呈现现代化的色彩，庄严肃穆。', '\n·当前，旧国会大厦展现了国内外艺术家所创造的现代视觉艺术、音乐、舞蹈、电影与话剧。走入“时光的长廊”，可从展览品中了解当年国会大厦的精神、面貌与多个著名人物。可别错过了竖立在这所雄伟的国家建筑外的铜像。它是暹罗朱拉隆恭国王于1871年所赠的礼物。\n                    ']","1 Old Parliament Lane, Singapore","37.0","有图 (22条)好评（31条）中评（5条）差评（1条）新加坡代表（2人提及）新加坡河旁边（2人提及）需要安检（1人提及）旧国会大厦艺术之家旁边（1人提及）"
"79","","","","","","","","",""
"80","马来传统文化馆","Malay Heritage Centre","['10:00-18:00 (1月1日-12月31日 周二-周日)', '\n']","","http://www.malayheritage.org.sg","","85 Sultan Gate, Singapore 198501, Singapore","33.0","有图 (17条)好评（25条）中评（8条）苏丹回教堂附近（2人提及）有洗手间（1人提及）有中文讲解（1人提及）需要预约（1人提及）"
"81","陈东龄故居","House of Tan Teng Niah","","","","['\n                        这所房子建于1900年，最初是一位叫陈东龄的华人富商为他的妻子修建的店屋式别墅，现在称为“陈东龄故居”，1991年还获得过新加坡建筑师协会奖。房子色彩艳丽又不失典雅，看上去非常漂亮。\n                    ']","新加坡加宝路","36.0","有图 (23条)好评（31条）中评（5条）在小印度附近（3人提及）适合拍照（3人提及）离地铁站不远（2人提及）印度地标（1人提及）离小印度地铁站不远（1人提及）"
"82","丹戎海滩","Tanjong Beach","","","http://www.tanjongbeachclub.com/","['\n                        包含景点项目：丹戎海滩俱乐部 (Tanjong Beach Club)\n                    ']","Sentosa, 新加坡","33.0","有图 (10条)好评（27条）中评（6条）有餐厅（1人提及）适合傍晚（1人提及）强烈推荐（1人提及）"
"83","新加坡特丽爱3D美术馆","Trick Eye Museum Singapore","['星期一至日：10:00 AM- 9:00 PM (最后入场:8 PM)', '\n全年无休']","","http://trickeye.com/singapore/","['\n                        新加坡圣淘沙的特丽爱3D美术馆（Trick Eye Museum Singapore）是东南亚首家特丽爱3D美术馆，利用人们视觉上的错觉使二维图画变为三维立体的艺术技巧创作的高质量错视作品。', '\n馆内设有多个主题馆，包括世界名画、游猎王国、马戏团之星、童话梦国、冬季恋歌、探险奇程，你可以随意触摸馆内的艺术品，当一回名画的主角，创作只属于你的故事！\n                    ']","新加坡圣淘沙名胜世界 26 sentosa gateway #01-43/44","14.0","有图 (4条)好评（13条）中评（1条）"
"84","亚美尼亚教堂","Armenian Church","['09:00-18:00 (1月1日-12月31日 周日-周六)', '\n']","","http://www.armeniansinasia.org","['\n                        Armenian Church，位于新加坡城禧街的美国大使馆旁，建于1835年，是一栋维多利亚式白色建筑。这座教堂从建立伊始，便成为在新加坡的亚美尼亚人活动的中心，教堂的背面紧挨着亚美尼亚街。这里的亚美尼亚人也以死后能葬入这座教堂后院的坟场而自豪，比如新加坡的国花卓锦万代兰的发现者卓锦女士（Miss Joaquim）就安葬在这里。教堂的旁边，是新加坡早期的亚美尼亚陵墓，在久经风雨的墓碑和雕刻上，可以看到他们当时的雕刻的细致。\n                    ']","60 Hill Street Armenian Church, Singapore 179366, Singapore","38.0","有图 (22条)好评（29条）中评（8条）差评（1条）基督教教堂（1人提及）"
"85","詹美回教堂","Jamae Mosque","['每日开放']","","http://www.yoursingapore.com/content/traveller/en/browse/see-and-do/culture-and-heritage/places-of-worship/jamae-mosque.html?TAHotelCode=114","['\n                        ·詹美回教堂建于 1826 年，是丘利亚人在牛车水建起的第一座回教堂。', '\n·过去 200 年来，詹美回教堂一直是桥南路 (South Bridge Road) 的一处著名地标，并连同附近的\xa0马里安曼印度庙 (Sri Mariamman Temple)\xa0经常出现在早期的插图、照片和明信片中。', '\n·詹美回教堂也被称为丘利亚回教堂。如今，在新加坡开设淡米尔语宗教课程的回教堂少之又少，詹美回教堂就是其中之一。\n                    ']","218 South Bridge Road Masjid Jamae (Chulia), Singapore 058767, Singapore","40.0","有图 (23条)好评（28条）中评（11条）差评（1条）牛车水边（4人提及）伊斯兰教教堂（2人提及）马里安曼兴都庙边（1人提及）有餐厅（1人提及）"
"86","拉萨尔设计学院","Lasalle College of the Arts","","","http://www.lasalle.edu.sg/","['\n                        新加坡拉萨尔－新航艺术学院成立于 1984 年。 东南亚艺术名校，是新加坡仅有的两所政府资助艺术院校之一，拥有大型的艺术类图书馆、电脑室，开设大专、学士、硕士课程。现在校生 20% 是国际学生。学校的讲师、教授大部分是来自世界各地的艺术家。在校期间，学校提供很多有偿实践项目、海外学生交换和参加各种国际展览会艺术表演的机会。在 2002 年巴黎时装艺术展上，该校学生设计的时装获得第二名的好成绩。与 4 所理工学院相同﹐学生入学可享有政府提供的助学金﹐学生毕业后可留新加坡工作，可申请永久居民。学习期间可进行合法打工 . 学校提供大专﹐大学﹐硕士学士学位课程。英文教学。\n                    ']","1 McNally Street Lasalle College of the Arts, Singapore 187940, Singapore","19.0","有图 (8条)好评（17条）中评（1条）差评（1条）离武吉士街不远（1人提及）小印度边（1人提及）"
"87","消防博物馆","Civil Defence Heritage Gallery","['10:00-17:00 (1月1日-12月31日 周二-周日)不对外开放 (1月1日-12月31日 周一-周一)', '\n']","","http://scdf.gov.sg","['\n                        免费开放的新加坡消防博物馆里展示了从殖民时代到现代的消防设施发展历程，同时也可窥见整个新加坡同时段的发展历史。很小的规模，但是很精致。博物馆共两层，二层还可以穿上消防制服拍照。\n                    ']","62 Hill Street Singapore","28.0","有图 (20条)好评（21条）中评（7条）适合拍照（1人提及）"
"88","加纳文桥","Cavenagh Bridge","","","","['\n                        这是首座连接新加坡河南北两岸的桥梁，兴建于1868年。在靠近浮尔顿酒店的桥墩可发现几只猫的塑像，体型迷你，据说是《吉尼斯世界纪录》里最娇小的猫咪，仅生长与新加坡。\n                    ']","Connaught Drive, Singapore","91.0","有图 (32条)好评（65条）中评（24条）差评（2条）历史悠久（3人提及）克拉码头边（2人提及）出行便利（2人提及）适合晚上（2人提及）尽收眼底（1人提及）"
"89","平民战争纪念碑","Civilian War Memorial","","","","['\n                        ·平民战争纪念碑是纪念新加坡各族人民在二战中经的遭遇及牺牲，也是为了缅怀在日本占领新加坡期间死亡的人们。', '\n·纪念碑建设在战争纪念公园，是一个小公园，在市区的中央，离其他大景点很靠近。', '\n·每年2月15日，这里都会举行悼念会以纪念在二次大战日军占领新加坡期间死难的平民。 ', '\n·四根立柱代表当地的四个民族——华人、印度人、马来人和欧亚人，象征新加坡四大种族在二战期间共同挣扎求存的精神。\n                    ']","War Memorial Park | Bounded by Nicoll Highway, Stamford Road, Beach Road, And Bras Basah Road, Singapore 189562, Singapore","47.0","有图 (25条)好评（33条）中评（14条）新加坡象征（2人提及）旅行团很多（1人提及）旧高等法院边（1人提及）在地铁站附近（1人提及）滨海湾边（1人提及）"
"90","阿都卡夫清真寺","Abdul Gaffoor Mosque","['09:00-13:00,14:30-18:30 (1月1日-12月31日 周一-周日)', '\n']","","http://m.facebook.com/masjidabdulgafoor/?ref=page_internal&mt_nav=1","['\n                        这是一座专门为穆斯林打造的清真寺，融合南印度、摩尔与欧洲风格，奶油黄外观令其仿佛卡通宫殿，十分讨喜。大厅入口上方设有一面日晷，以书法般得线条刻着25道度数，全球罕见。\n                    ']","41 Dunlop Street Masjid Abdul Gafoor, Singapore 209369, Singapore","18.0","有图 (10条)好评（16条）中评（2条）在小印度边（1人提及）适合拍照（1人提及）不可以拍摄（1人提及）"
"91","新加坡城市规划展览馆","Singapore City Gallery","['09:00-17:00 (1月1日-12月31日 周一-周六)', '\n']","","http://www.ura.gov.sg/Corporate/Singapore-City-Gallery","['\n                        新加坡城市规划展览馆的前身为市区城建局展示廊。对所有企业来访者及参加教育之旅的游客而言，这是一个必游之地。整个行程仅需短短的30分钟。展览馆占据3个楼层。作为新加坡城市规划的游客参观中心，它向参观者展示了新加坡如何一步步发展成今天这个生气勃勃、拥有410万人口的现代都市，而同时又有空间开发绿地、保存古建筑遗迹、创造优雅的生活环境。', '\n大型的市中心规划模型栩栩如生，成为展览馆中的一大焦点，为游客们提供了鸟瞰新加坡市中心的独特景观。展览馆里，有独特的声光演示新加坡规划之父刘太格全面地介绍了新加坡主要的名胜古迹——新加坡河、乌节路以及滨海湾和Bras Basah-Bugis的最新规划。\n                    ']","45 Maxwell Road The Ura Centre | The URA Centre, Singapore 069118, Singapore","27.0","有图 (12条)好评（25条）中评（2条）离牛车水远（1人提及）下午三点关门（1人提及）有英文讲解（1人提及）"
"92","双溪布洛湿地保护区","Sungei Buloh Wetland Reserve","['周日上午7:00 - 下午7:00周一 - 周六上午7:30 - 下午7:00']","","http://www.nparks.gov.sg/sbwr","['\n                        双溪布洛湿地保留区 (Sungei Buloh Wetland Reserve) 坐落于岛屿西北部，占地 87 公顷。1989 年，双溪布洛湿地保留区于被政府列为自然公园， 1993 年开始向公众开放。凭借外界的支持，这里得以一直维持美观和野生生物的多样性。保护区内还设有一间艺术馆，馆内开设有绘画课，游客可尽情于山水之间进行艺术创作。在这里，游客可以观赏独特的候鸟群。', '\n另外，游客还可以看到栖息于此的螃蟹、弹涂鱼、异形海蛄虾等小动物，也可以从分布于宁静公园各处的观察站观看各种鸟类与动物。\n                    ']","301 Neo Tiew Crescent, 新加坡","16.0","有图 (10条)好评（14条）中评（2条）"
"93","圣淘沙梦之湖","Lake of Dreams","['日间表演(无灯光和激光效果)于每日下午17∶00和17∶30 ，每次表演时间为15分钟。', '\n晚间表演于每日晚上19∶40和20∶40，每次表演时间为25分钟。']","","http://www.sentosa.com.sg/en/attractions/resorts-world-at-sentosa/lake-of-dreams/","['\n                        圣淘沙音乐喷泉可不光光是个配上了音乐的喷泉那么简单。它集合了芭蕾音乐、彩光灯和激光等先进的技术，利用最先进的激光科技、影像、三维立体动画、音乐等编排了一出出灵人振奋的表演，呈现出绝美的场面。因为结合了灯光和激光，音乐喷泉最美的时光自然是在夜幕降临之后，是圣淘沙夜晚最迷人的景点之一。', '\n每当天色变黑时，音乐喷泉的水花就随着音乐和镭射光，曼妙起舞，舞动出充满生命力的姿态，给人以生命的激情；还有以水柱形成的银幕，在上面以镭射声光投射演出的迷你剧情，讲述属于新加坡的鱼尾狮（海之颂）的故事……无论哪种形式，都带给观看者超乎想象的震撼和优美，以至于音乐停止时，围观的人都久久不肯离去。\n                    ']","32 Sentosa Gateway","29.0","有图 (8条)好评（24条）中评（5条）烟火表演（1人提及）人很多（1人提及）金牌点评 (1条)"
"94","新加坡杜莎夫人蜡像馆","Madame Tussauds Singapore","['星期一至星期三: 早上10:00-下午18:00', '\n星期四: 早上10:00-下午17:00', '\n星期五: 早上10:00-下午18:00', '\n星期六和星期日: 早上10:00-下午19:30', '展开全部>']","","http://www.madametussauds.com/singapore/en/","['\n                        一张门票，三种不同体验！', '\n新加坡杜莎夫人蜡像馆不仅拥有栩栩如生的名人蜡像，更有万象新加坡LIVE秀，展现新加坡的精彩发展史，以及新加坡精神游船，可带您观览今日新加坡盛景！\n                    ']","40 Imbiah Road, Sentosa, Singapore","16.0","有图 (8条)好评（11条）中评（4条）差评（1条）标志性建筑（1人提及）"
"95","ION SKY","","","","http://www.ionorchard.com/en/ion-sky.html","","2 Orchard Turn ION Orchard Level 4, Singapore","12.0","有图 (8条)好评（12条）需要预约（3人提及）最高的建筑（1人提及）"
"96","财富之源广场","Fountain of Wealth","","","","['\n                        又叫财富喷泉\n                    ']","3 Temasek Blvd., 新加坡","55.0","有图 (21条)好评（38条）中评（14条）差评（3条）标志性建筑（1人提及）金牌点评 (1条)"
"97","星耀樟宜","Jewel Changi Airport","","+65 6956 9898","http://jewelchangiairport.com","","新加坡樟宜机场","5.0","有图 (5条)好评（5条）"
"98","旧高等法院","Old Supreme Court Building","['星期一至星期五:早上8:30至下午18:00']","","http://www.supremecourt.gov.sg/","['\n                        高等法院与市政厅比邻而建，完成与1939年，是新加坡最晚期的英国殖民建筑。旧高等法院与市政厅目前正改建成国家艺术馆，馆内除了展现东南亚艺术作品外，位于就高等法院内的会议室和大法官庭院也将开放供民众免费参观。\n                    ']","1 Supreme Ct Ln, Singapore178879","28.0","有图 (11条)好评（24条）中评（4条）罗马式建筑（1人提及）"
"99","西罗索炮台","Fort Siloso","['10:00-18:00 (1月1日-12月31日 周一-周日)', '\n']","","http://www.fortsiloso.com","['\n                        西乐索炮台原是1880年为保护进出新加坡港口的船只而修建的。二战期间，为抵抗日军，英军曾在此顽强固守。', '\n价格：成人新币8元，3~12岁儿童新币5元。营业时间：开放时间:10:00~18：00.\n                    ']"," Siloso Rd, Singapore 099981","21.0","有图 (8条)好评（16条）中评（4条）差评（1条）交通方便（1人提及）游览1小时（1人提及）"
"100","麦里芝蓄水池公园","MacRitchie Reservoir","","","","","新加坡麦里芝蓄水池","21.0","有图 (7条)好评（18条）中评（3条）景色很美（2人提及）交通方便（1人提及）适合家庭（1人提及）金牌点评 (1条)"
"101","亚拉街","Arab Street","","","","['\n                        虽然只是短短一条街，商店却多的让人瞠目结舌，凡是与穆斯林有关的日常生活用品，通通可以在此找到，其中以纱笼布庄的数量居冠。亚拉街上还有水烟器具专卖店，波斯地毯，土耳其餐馆与几家咖啡屋，适合转换心情和视觉印象。\n                    ']","Arab St 新加坡","21.0","有图 (11条)好评（14条）中评（7条）离哈芝巷很近（1人提及）有餐厅（1人提及）值得去（1人提及）离小印度不远（1人提及）"
"102","新加坡芽笼","","","","","","geylang","10.0","有图 (1条)好评（9条）中评（1条）人很多（1人提及）"
"103","滨海堤坝","Marina Barrage","","","http://www.pub.gov.sg/marinabarrage","['\n                        耗资2.3亿万新元兴建而成的滨海堤坝，堪称工程学上一大奇观。堤坝由九道冠状钢闸组成，能将海水与靠近市区的滨海内海隔开，如遇暴雨来袭，钢闸立即开启，将内海过量的雨水排放如海，昔日容易淹水的低洼地区将摆脱水患的威胁。同时滨海内湾将逐渐转化为蓄水池，进行海水淡化工程，未来可提供当地居民10%的饮用水源。堤坝上的海滨大桥设有八座凉亭，可远望市区风光。', '\n价格：免费。营业时间：开放时间：海滨堤坝户外区域全天开放，展览馆与咨询柜台9:00~21:00，每周二休馆。官网：www.pub.gov.sg/Marina\n                    ']","8 Marina Gardens Drive Marina Barrage, Singapore 018951, Singapore","24.0","有图 (15条)好评（22条）中评（2条）新加坡地标（1人提及）滨海湾边（1人提及）适合朋友（1人提及）"
"104","木乃伊复仇记","Revenge of the Mummy","['10:00-19:00 (1月1日-12月31日 周一-周日)', '\n']","","http://www.rwsentosa.com","","8 Sentosa Gateway, Singapore 098269","31.0","有图 (16条)好评（30条）中评（1条）失重感（3人提及）排队1小时（2人提及）人超级多（1人提及）金牌点评 (2条)"
"105","四马路观音堂","Kwan Im Thong Hood Cho Temple","","","","['\n                        开放时间：', '\n每天上午7.00至下午6.00', '\n', '\n门票：免费', '\n', '\n如何前往：', '\n武吉士地铁站(E1)步行10分种左右', '\n或搭 56，64，65，81，97，103，106，111，131，139，147，160，166 号巴士。\n                    ']","178 Waterloo St. Singapore","53.0","有图 (17条)好评（41条）中评（11条）差评（1条）人很多（7人提及）地理位置很好（1人提及）不允许拍照（1人提及）武吉士地铁站步行5分钟（1人提及）"
"106","新加坡管理大学","Singapore Management University","","","","['\n                        新加坡管理大学 (Singapore Management University),简称新大 (SMU)，是新加坡四所公立大学之一。与美国精英大学相同，新大采用了美国常春藤大学式研讨会形式的教学方法。这是因为新大与美国两所顶尖商学院，即美国宾夕法尼亚大学 (University of Pennsylvania) 的沃顿商学院 (Wharton School)及信息科技教育与研究闻名于全球的卡内基梅隆大学 (Carnegie Mellon University)保持密切的合作关系。\n                    ']","70 Stamford Road, #B1-38a","48.0","有图 (9条)好评（30条）中评（16条）差评（2条）交通方便（1人提及）金牌点评 (1条)"
"107","巴西立公园","Pasir Ris Park","","","","[""\n                        巴西立公园是新加坡著名的海滨公园之一，公园里的木制人行道横穿一片6公顷大的红树沼泽地，让您尽情观赏丰富的红树植物和动物。这里是著名的赏鸟、骑自行车、放风筝、游泳、海滩烧烤和野餐的好去处。同时在这里还可以到“渔村”(Fisherman's Village)享用新鲜的海鲜。\n                    ""]","新加坡","15.0","有图 (2条)好评（12条）中评（3条）"
"108","驳船码头","Boat Quay","","","http://www.boatquay.com.sg/","['\n                        已有一个多世纪历史的驳船码头可说是新加坡这个贸易中心的发源地。到1860年，新加坡约三分之一的贸易都在这里进行，而码头一带的旧仓库则见证了新加坡的历史演变。  现在的驳船码头，往来的船上搭载不再是货物，而是来自世界各地的游客，旧时的仓库也改头换面，改建成餐厅、酒吧，欢迎来自四面八方的客人。\n                    ']","Singapore, Singapore","37.0","有图 (10条)好评（28条）中评（9条）克拉码头附近（1人提及）有饭店（1人提及）在新加坡河边（1人提及）"
"109","丹戎巴葛保留区","","","","","['\n                        丹戎巴葛保留区位于丹戎巴葛路。来到刚整建完成的保留区内,您可以发现许多属于中国的东西如药师、茶坊、木鞋师、书法家等,约200多家的商店均重新粉饰装修,焕然一新。漫步在宽敞的街道上,明亮的色彩、古老却独特的彩砖,都使得这些颇具历史的建筑物,陈旧中焕发着一层新意。除了琳琅满目的商店,还有供应各色美食的餐厅,从印度菜、广东菜到大利菜,绝对能满足您的口腹之欲,值得 一提的是位于丹戎巴葛路和尼路交界的海鲜餐厅,这里是Jinrikisha车站的旧址,也是当时主要交通工具黄包车的总站,丹戎巴葛区内尚有许多新潮的小酒馆、卡拉OK和俱乐部。\n                    ']","新加坡牛车水附近","16.0","有图 (4条)好评（10条）中评（6条）地理位置方便（2人提及）牛车水旁边（1人提及）咖啡馆边（1人提及）丹戎巴葛站附近（1人提及）标志性建筑（1人提及）金牌点评 (2条)"
"110","奇幻乐园","Port of Lost Wonder","['每天10:00-18:30（海盗船18：00关闭）']","","","['\n                        奇幻乐园是新加坡首个专为 3 至 10岁儿童所设的海边儿童俱乐部，专门提供独特的全家体验。这里有知名的水上游乐区、供野餐和休闲活动的主题岛，提供全新的购物用餐体验。\n                    ']","Palawan Beach (near Beach Car Park), Sentosa Island 新加坡","12.0","有图 (7条)好评（10条）中评（2条）适合一家（3人提及）有厕所（1人提及）"
"111","圣约翰教堂","St Joseph's Church","","","http://www.yoursingapore.com/content/traveller/en/browse/see-and-do/culture-and-heritage/places-of-worship/st-josephs-church.html?TAHotelCode=116","['\n                        这是一座天主教堂。每年的耶稣受难日，新加坡的天主教会都会在这座教堂的范围内举行游行，以纪念耶稣所受的磨难。\n                    ']","143 Victoria Street, 新加坡","17.0","有图 (7条)好评（14条）中评（3条）天主教教堂（3人提及）人很多（1人提及）位置好找（1人提及）"
"112","里尼维沙伯鲁玛兴都庙","Sri Srinivasa Perumal Temple","['周日 - 周五上午6:00 - 下午12:00下午6:00 - 下午9:00周六上午5:30 - 下午12:30下午5:30 - 下午9:30']","","http://sspt.org.sg/","['\n                        是新加坡最古老的寺庙之一，由早期印度来新务工的人们所建，是典型的印度教寺庙。这里供奉着主神—卡里的图像。卡里女神是主司杀戮与破坏的邪恶之神，但是在早期印度移民心中，她带来异乡的安全感。目前是新加坡旅游重要的一站。', '\n营业时间：开放时间：6：00~12:00,18:00~21:00\n                    ']","397 Serangoon Rd, 新加坡 218123","16.0","有图 (8条)好评（13条）中评（3条）游客挺多（2人提及）牛车水附近（1人提及）"
"113","新加坡万象馆","Images of Singapore","","","http://www.imagesofsingaporelive.com/","['\n                        想知道新加坡为什么由马来西亚、中国、印度及欧亚混血四大种族构成？在这里你将获得完整解答。新加坡从小渔村变成贸易商港到独立建国，所有的移民奋斗史在“Singapore Adventure”展区，通过许多家族遗物，老照片与人物蜡像，逼真呈现。离别前去餐厅品尝海南鸡饭，娘惹叻沙或辣椒螃蟹等当地小吃。', '\n价格：成人新币10元，儿童新币7元营业时间：开放时间：9:00~19:00.\n                    ']","40 Imbiah Road, Singapore","20.0","有图 (7条)好评（17条）中评（2条）差评（1条）强烈推荐（1人提及）金牌点评 (1条)"
"114","新加坡艺术学院","School of the Arts Sinagpore","","","http://sota.edu.sg","","1 Zubir Said Drive Bras Basah Road Singapore","13.0","有图 (10条)好评（12条）差评（1条）"
"115","老虎天空塔","Tiger Sky Tower","","","http://www.skytower.com.sg","['\n                        这是亚洲最高的景观塔，进入带有空调的景观台，然后它会带着你慢慢升入新加坡最高的131米观景平台，在接近50层楼的高度将城市天际线尽收眼底，还可看到正对圣淘沙岛的海洋风光一直通向马来西亚和印尼，不论白天还是夜晚都有令人窒息的美景，作为游览圣淘沙岛的第一站，再合适不过。\n                    ']","41 Imbiah Road, Sentosa Island 099707, Singapore","14.0","有图 (10条)好评（11条）中评（3条）新加坡地标（1人提及）尽收眼底（1人提及）强烈推荐（1人提及）"
"116","露德圣母教堂","The Church Of Our Lady Of Lourdes","","","http://www.lourdes.sg/","['\n                        露德圣母堂（Church of Our Lady of Lourdes）是新加坡一座罗马天主教教堂，位于中央商务区的奥非路。兴建于1888年，是新加坡第一座泰米尔人天主教堂。这是一座新哥特式教堂，有良好的比例和精致的细节，其设计模仿了法国卢尔德的同名教堂。', '\n现在，该教堂欢迎各个种族的天主教徒。弥撒用英语、泰米尔语和僧伽罗语举行。', '\n2005年1月14日，露德圣母堂列为新加坡国家古迹。\n                    ']","50 Ophir Road Church of Our Lady of Lourdes, Singapore 188690, Singapore","10.0","有图 (7条)好评（9条）中评（1条）哥特式建筑（1人提及）不能穿短裙（1人提及）值得去（1人提及）哈芝巷附近（1人提及）"
"117","马来文化村","Malay Village","","","","['\n                        占地2.2万平方米的马来文化村，以马来民族昔日的乡村生活为展示主题。在这里可以欣赏到几近失传的民间手工艺表演，认识马来婚礼习俗，体验20世纪50年代的衣食住行。\n                    ']","39 Geylang Serai","10.0","有图 (5条)好评（9条）差评（1条）"
"118","圣淘沙蜡像馆","Sentosa Wax Museum","","","","['\n                        位于空中缆车站附近，里面用蜡像形式展示了从莱佛士登陆到日军占领新加坡，英军解放新加坡等新加坡各阶段的历史。\n                    ']","40 Imbiah Road, Singapore 099700","15.0","有图 (5条)好评（10条）中评（5条）玩一小时（1人提及）"
"119","虎豹别墅","Haw Par Villa","['09:00-19:00 (1月1日-12月31日 周日-周六)', '\n']","","http://www.hawparvilla.sg","['\n                        1937年，胡文豹于新加坡兴建第二座虎豹别墅。它是占地面积最大的“虎豹别墅”，亦是胡文豹的住所，把中国民间故事集合于一处，包括西游记、八仙大闹龙宫、白蛇传等人物。在1986年，它由“国际主题公园（新加坡）公司”夺得，并耗资新币8000万改建，面积再扩大一倍，在1990年重新收费开放.\n                    ']","262 Pasir Panjang Road 新加坡","18.0","有图 (8条)好评（12条）中评（4条）差评（2条）人很多（1人提及）交通很方便（1人提及）"
"120","肯特岗公园","Kent Ridge Park","","","http://www.nparks.gov.sg/gardens-parks-and-nature/parks-and-nature-reserves/kent-ridge-park","['\n                        肯特岗公园 (Kent Ridge Park) ：位于新加坡 的西南部。', '\n位处“南波那维斯达路”(South Buona Vista Road) ，邻近“新加坡科学园”(Singapore Science Park)。 ', '\n沿有三个池塘，林荫羊肠小径贯通各处，这里严禁踏车，只能步行，健身园、七个特式凉亭及两个停车场，其中一个停车场是第二次世界大战 ，日本 侵略者与英国 军队的“巴西班让战役”的地点。 ', '\n适合活动', '\n野餐、漫步、在池塘玩电动船等。', '\n', '\n肯特岗公园(6张)占地47公顷，旧称鸦片山，是新加坡自然保护区之一。它是一座次森林山丘，也是候鸟的集居地。园内有一条长达800公尺的山径，是游人探索自然生态的好地方。 此外，山丘的后侧也有两个一大一小的池塘。前面部分最高处设有?望台，可以眺望新加坡西海岸景色。左边可看到炼油厂林立的岛屿，右边又可看到箱运码头。 ', '\n根据国家公园局的资料，肯特岗公园是拥有最多健身设施的国家公园，共有20种不同的健身站供使用者选择。此外，它的不平地势也常吸引了许多远足及大自然爱好者前来考察，或举办“寻宝”游戏。 ', '\n早在第二次世界大战期间，这里曾经是马来军团和日军抗战的地点之一。1942年2月13日，日军第18师攻打防守这座小山的第一马来军团、英国第二效忠军团和第44印度旅，这场长达48小时的搏斗有不少日军与马来军人战死。新加坡陆军最近“认养”了肯特岗公园，成为“陆军公园”(Army Green Park)，园内永久摆放了两架M114型榴弹炮和一架AMX－13轻型坦克，突显公园的历史和军事意义。\n                    ']","新加坡西南部","10.0","有图 (3条)好评（8条）中评（1条）差评（1条）南部山脊出口（1人提及）"
"121","爱琴桥","Elgin Bridge","","","","","Singapore, Singapore","23.0","有图 (13条)好评（18条）中评（5条）夜景很美（1人提及）"
"122","莱佛士登陆遗址","Raffles Landing Site","","","","['\n                        莱佛士登岸遗址位于新加坡河畔的泊船北码头，码头上矗立着莱佛士爵士铜像，铜像是为纪念莱佛士爵士这位新加坡的开埠者而立。', '\n史丹福·莱佛士爵士在他38岁那年发现了新加坡，新加坡在他的自由贸易观念影响下迅速成长，成为亚洲第一个自由贸易港。莱佛士爵士将新加坡称为“我的小孩”，而新加坡人则尊称他为“国父”。\n                    ']","Downtown Core 新加坡","35.0","有图 (17条)好评（24条）中评（9条）差评（2条）人很多（1人提及）在新加坡河边（1人提及）"
"123","滨海湾浮动舞台","The Float @ Marina Bay","","","","","20 Raffles Ave,Singapore 039805","10.0","有图 (5条)好评（8条）中评（1条）差评（1条）烟花秀（2人提及）金牌点评 (1条)"
"124","园艺园林","Hort Park","","","https://www.nparks.gov.sg/gardens-parks-and-nature/parks-and-nature-reserves/hortpark-southern-ridges","['\n                        HortPark是亚洲首个专为园艺而设的公园，有20个主题庭院、介绍室内及家居园艺的示范房屋单位、各类教学及训练设施和园艺产品专卖店。\n                    ']","33 Hyderabad Road, Singapore 119578, Singapore","10.0","有图 (7条)好评（10条）有游客中心（1人提及）"
"125","客纳街","Club Street","","","","['\n                        在远东广场对面的克纳街则是一条狭窄的小路，路的两旁挤满了独特的、修复过的店屋。这些店屋现以已为时尚的酒吧、餐馆和画廊。交通地铁至牛车水站E出口，然后沿着克罗士街直走。\n                    ']","Club St 新加坡","11.0","有图 (5条)好评（11条）适合拍照（1人提及）"
"126","晚晴园/孙中山故居","Sun Yat Sen Nanyang Memorial Hal","","","http://sysnmh.org.sg/en/about/overview","['\n                        又名孙中山南洋纪念馆，是新加坡最珍贵的国家古迹之一。1994年，古迹保存局将孙中山故居评定为国家级古迹。\n                    ']","12 Tai Gin Road, singapore","10.0","有图 (2条)好评（6条）中评（4条）"
"127","天福宫","Thian Hock Keng Temple Mural","['每日开放']","","http://www.thianhockkeng.com.sg/ home.html","['\n                        1821 年，天福宫 (Thian Hock Keng Temple) 由感谢妈祖保佑的海员修建而成，坐落于填海前的滨水地区。这座寺庙充满了浓重的中国南方传统建筑风格，使用了石材、瓷砖以及木材、龙凤装饰、精美的雕刻与宏伟的圆柱，更让人称奇的是，整座建筑未使用一根钉子。 ', '\n寺庙中清朝光绪皇帝于 1907 年御赐的匾额也值得一览，反映了天福宫在新加坡与中国历史与传承中的非凡地位。\n                    ']","93 Amoy Street, Singapore 069913, Singapore","21.0","有图 (10条)好评（18条）中评（3条）建筑很好（1人提及）金牌点评 (1条)"
"128","","","","","","","","",""
"129","英比奥山风景区","Imbiah","","","","['\n                        英比奥山景区是圣淘沙岛上最新开发的景点，连接着海滨和山顶。它从山下的自然开始，绕道而行，缓步而上，就可一路浏览万象新加坡馆、圣淘沙斜坡滑车、鱼尾 狮标志、摩天塔、蝴蝶园与世界昆虫馆、空中缆车及4D魔幻剧场。远处望去还可以看到圣淘沙西部的无敌海景与停泊在海上的船只。 ', '\n', '\n包含景点项目：', '\n1.新加坡杜莎夫人蜡像馆与万象新加坡 LIVE (Madame Tussauds Singapore & Images of Singapore LIVE)；', '\n2.蝴蝶园与昆虫王国 (Butterfly Park & Insect Kingdom)；', '\n3.圣淘沙鱼尾狮塔 (Sentosa Merlion)；', '\n4.迈佳探险乐园 (Mega Adventure Park)；', '\n5.圣淘沙4D探险乐园 (Sentosa 4D AdventureLand)；', '\n6.斜坡滑车和空中吊椅 (Skyline Luge Sentosa)；', '\n7.圣淘沙大自然探索之旅 (Sentosa Nature Discovery)；', '\n8.Tiger摩天塔 (Tiger Sky Tower)；', '\n9.新加坡缆车飞行线 (Singapore Cable Car Sky Network)；\n                    ']","Imbiah Lookout, Imbiah Walk (Sentosa Island) Singapore","18.0","有图 (9条)好评（16条）中评（2条）值得去（1人提及）"
"130","The Hive NTU","","","","http://www.ecocampus.ntu.edu.sg","","52 Nanyang Avenue, Singapore 639816","7.0","有图 (6条)好评（7条）离公交站近（1人提及）"
"131","新加坡国大博物馆","","['星期二至星期六 上午 10 点至晚上 7 点半 星期日 上午 10 点至下午 6 点 星期一及节假日不开放']","","http://www.nus.edu.sg/museum","['\n                        新加坡国大博物馆1997年在国立大学的肯特岗校区创立。宗旨在通过战略性手收购众多艺术作品、展出和研究。虽然远离市中心，但是这里有众多超出你想象的艺术作品值得你去欣赏。\n                    ']","University Cultural Centre National University of Singapore 50 Kent Ridge Crescent Singapore","8.0","有图 (5条)好评（8条）适合孩子（1人提及）值得去（1人提及）"
"132","西海岸公园","West Coast Park","","","http://www.nparks.gov.sg/cms/index.php?option=com_visitorsguide&task=parks&id=41&Itemid=73","","27 West Coast Highway Westway, Singapore 117867, Singapore","14.0","有图 (4条)好评（7条）中评（6条）差评（1条）适合一家（1人提及）人很多（1人提及）有饭店（1人提及）"
"133","碧山公园","Bishan Park","","","","['\n                        碧山公园是新加坡最为受欢迎的公园之一，它位于新加坡的中心区域。每年，公园到访的游客超过300万。与其它公园一样，为了满足游客的不同需求，以及提高公园的整体性能，公园最近也进行了一系列的改造和修葺，为这座城市带来全新的绿色生活空间。', '\n该项目属于新加坡公共设施活跃、美丽、整洁水域(ABCWaters)项目的一部分。它管理着整个新加坡的供水和排水系统。在碧山公园内，设计师将原有的长2.7公里的混凝土排水沟改造成了一条长3公里的天然运河，贯穿整个公园。此外，设计师对这座面积为62公顷的公园又进行了重新设计，提升了其娱乐氛围，打造出动态的水循环系统，其中包括波动水位，将游客的利益达到最大化。设计师还用从旧混凝土渠道上回收利用的木材为公园建造了3个游乐场、餐厅和一些新空间。在这里人们能更进一步的接近自然、欣赏自然。\n                    ']","Along Bishan Road and Ang Mo Kio Ave 1","13.0","有图 (6条)好评（11条）中评（1条）差评（1条）有餐厅（1人提及）强烈推荐（1人提及）"
"134","圣约翰岛","Saint John's Island","","","","","新加坡棋樟山岛","9.0","有图 (4条)好评（8条）差评（1条）适合家人（1人提及）注意防晒（1人提及）"
"135","维达帕提雅卡雅曼兴都庙","Sri Vadapathira Kaliamman Temple","","","http://srivadapathirakali.org/","","555 Serangoon Road, Singapore 218174, Singapore","15.0","有图 (8条)好评（9条）中评（6条）印度教寺庙（2人提及）不能拍照（1人提及）"
"136","新加坡国会大厦","Parliament of Singapore","['不开放']","","https://www.parliament.gov.sg/","['\n                        ·新加坡国会大厦是当前新加坡政府的所在。\n                    ']","1 Parliament Place Parliament House Complex | Parliament House, Singapore 178880, Singapore","5.0","有图 (2条)好评（5条）"
"137","宝莱坞蔬菜农场","Bollywood Veggies","['09:30-18:30 (1月1日-12月31日 周三-周五)08:00-18:30 (1月1日-12月31日 周六-周日)', '\n']","","http://www.yoursingapore.com/content/traveller/en/browse/see-and-do/nature-and-wildlife/farms/bollywood-veggies.html?TAHotelCode=163","['\n                        宝莱坞蔬菜农场（Bollywood Veggies）因专门种植新鲜、健康、无化学农药无生长激素的本地农产品而闻名，农场餐厅美味的家常菜肴也颇具特色。', '\n农场占地10英亩，由Ivy Singh-Lim与Lim Ho Seng共同所有，每位到访的游客都会受到两位主人热忱周到的服务。花20分钟漫步农场，跟随导游一路观赏这里生长的各种蔬菜或自己喜欢的盆栽植物。', '\n农场中的小餐馆拥有一个趣怪的名字——“毒藤”（Poison Ivy Bistro），各种自酿的美酒饮料、极富特色的菜肴绝对会让您惊喜不已。请注意：农场仅接受现金付款，园内也未设ATM机，所以启程前请做好准备。在参 观宝莱坞蔬菜农场之后，您还可以购买一些新鲜的蔬菜带回家。\n                    ']","100 Neo Tiew Road, Singapore 719026, Singapore","4.0","有图 (4条)好评（4条）有餐厅（1人提及）"
"138","樟宜海滨公园","Changi Beach Park","","","","['\n                        这里是新加坡东海岸看日出的好地方之一。有自行车和小舟出租；有沙滩长椅供游客休息，海滩娱乐项目很丰富，是新加坡人周末度假的好地方，当地人很喜欢在此散步或者夜营。\n                    ']","Along Nicoll Drive and Changi Coast Road","2.0","有图 (1条)好评（1条）中评（1条）"
"139","花拉公园","Farrer Park","","","","['\n                        捷运花拉公园  在小印度的一端\n                    ']","15 Gloucester Road Singapore 219457","8.0","有图 (3条)好评（5条）中评（2条）差评（1条）人很多（1人提及）小印度附近（1人提及）"
"140","龟屿岛","Kusu Island","['每日 24 小时']","","http://www.sentosa.com.sg/en/nature/southern-islands/kusu-island/","['\n                        龟屿岛又名“峰岛”，岛上有一座修建于 1923 年的华人寺庙“大伯公庙”。岛上的山顶处则有三座马来圣祠，每年人们前来进香朝拜都需要攀爬 152 级阶梯才可到达。', '\n龟屿岛（Kusu Island）拥有多处宗教圣地，一年一度的“龟屿进香”都在此举行', '\n龟屿岛不仅拥有丰富的文化遗产，其秀美的风景也广受好评\n                    ']","Kusu Island Singapore","6.0","有图 (2条)好评（6条）大伯公庙附近（1人提及）金牌点评 (1条)"
"141","武吉巴督自然公园","Bukit Batok Nature Park","['每天晚上19:00到早上 7:00（照明时段）']","","http://www.yoursingapore.com/content/traveller/en/browse/see-and-do/nature-and-wildlife/parks-and-gardens/bukit-batok-nature-park.html?TAHotelCode=133","['\n                        武吉巴督天然公园（Bukit Batok Nature Park）以其蜿蜒的步道和如画的森林美景而广受自然爱好者与跑步者们的喜爱。如果您沿着小径前行，还可以到达多个高达10层楼的瞭望点，俯瞰周围的美景。', '\n在公园的入口处附近，您还会发现一个废弃的采矿场，它位于高耸的悬崖壁脚下，是该地区在采矿时期留下的遗迹。您可以在蜿蜒起伏的小径清静地漫步，感受公园的无限魅力。', '\n公园的前身是两座由日本所修建的战争纪念碑，用于纪念他们死去的战士。纪念碑至今已不复存在，仅残留了两根柱子、一座输电塔以及一组120级的台阶将两者相连。阶梯一边的牌匾静静地提醒着游客们这里的历史。在武吉巴督自然公园散步，畅快呼吸新鲜空气。\n                    ']","Bukit Batok East Avenue 2, Singapore 659840, Singapore","6.0","有图 (2条)好评（6条）适合朋友（1人提及）景色很美（1人提及）"
"142","新加坡科技设计大学","Singapore University of Technology and Design","","","http://www.sutd.edu.sg","","8 Somapah Rd, Singapore 487372","4.0","有图 (3条)好评（3条）中评（1条）"
"143","拉柏多自然保护区","Labrador Nature Reserve","['拉柏多秘密隧道(Labrador Secret Tunnels) ', '\n每天上午10：00 到晚上7：00', '\n（晚6点以后不再向游客提供导游服务）']","","http://www.nparks.gov.sg/gardens-parks-and-nature/parks-and-nature-reserves/labrador-nature-reserve","['\n                        在拉柏多自然保护区 (Labrador Nature Reserve)，探寻崖壁间的葳蕤植物，纵览海天一色的壮丽美景。如果您厌烦了城市的喧嚣，这里必将带给您宁静平和与隐逸于世的轻松与自然。', '\n', '\n沿着自然观光路线，您可以观赏到50 多种鸟类，看到11种曼舞于花间叶上的蝴蝶。途中，活泼的松鼠可能从您面前跃过，纵身跳上高高的大树。耳畔则萦绕着黄鹂与鹊鸲的阵阵吟唱。', '\n', '\n此外，您还可以前往二战遗址，近距离观看战争遗迹、隧道以及堡垒，追忆和缅怀远去的硝烟年代。如果您对历史兴趣浓厚，还可参加每天的隧道导览，了解更多史料。保护区内还设有健身中心和慢跑道，让您在如画美景中舒畅地锻炼身体。', '\n', '\n请注意，为进行工作维护，拉柏多自然保护区现已关闭秘密隧道。面向公众开放的时间有待进一步通知。\n                    ']","Labrador Villa Road Tanjong Berlayer Park, Singapore 119187, Singapore","6.0","有图 (2条)好评（6条）游人很少（1人提及）"
"144","直落布兰雅山公园","Telak Blangah Hill Park","","","http://www.nparks.gov.sg/gardens-parks-and-nature/parks-and-nature-reserves/telok-blangah-hill-park/what-to-see","","Henderson Road, Singapore, Singapore","4.0","有图 (3条)好评（3条）中评（1条）"
"145","三巴旺公园","Sembawang Park","['全天 (1月1日-12月31日 周一-周日)', '\n']","","","","Sembawang Rd, Singapore, Singapore","5.0","有图 (2条)好评（3条）中评（1条）差评（1条）历史悠久（1人提及）"
"146","Dempsey Hill","","","","http://www.dempseyhill.com","","新加坡","8.0","有图 (3条)好评（8条）交通不便利（2人提及）"
"147","土生华人坊","","","","","['\n                        在新加坡乌节路的中心区，有一个殖民式建筑的商店街，里面有餐厅及商店。2楼有许多马来及中国式的家具以及家具展示博物馆。\n                    ']","Orchard Road,Singapore","2.0","有图 (2条)好评（2条）乌节路旁（1人提及）逛一天（1人提及）"
"148","滨海湾城市规划展览馆","Marina Bay City Gallery","","","http://www.marina-bay.sg/marinabaycitygallery.html","['\n                        2010年7月建成。它坐落在滨海林荫道边的滨海步行道旁，是一座非常环保的建筑。它通过多媒体技术，展出了一个很大规模的滨海湾模型。\n                    ']","11 Marina Boulevard, Singapore 018940, Singapore","3.0","有图 (2条)好评（2条）中评（1条）"
"149","新生水展览馆","The NEWater Visitor Centre","['星期二到星期天', '\n上午 9 点到下午 5 点半', '\n', '\n公共假日闭馆', '展开全部>']","","http://www.pub.gov.sg/newater/","","20 Koh Sek Lim Road 新加坡","7.0","有图 (1条)好评（6条）中评（1条）交通方便（1人提及）"
"150","娘惹博物馆","The Intan","['07:00-22:00 (1月1日-12月31日 周日-周六)', '\n']","","http://the-intan.com/2012/","","69 Joo Chiat Terrace, Singapore 427231, Singapore","1.0","有图 (1条)好评（1条）需要预约（1人提及）"
"151","善牧主教座堂","Cathedral of the Good Shepherd","['周日上午7:00 - 下午7:30周一 - 周五上午9:30 - 下午5:30周六上午8:30 - 下午8:00']","","http://cathedral.catholic.sg","['\n                        善牧主大教堂是新加坡最古老的罗马天主教教堂，1832年开始建造。位于City Hall MRT附近，比邻CHIJMES (赞美广场)。建筑模仿了伦敦的科文特花园圣保罗教堂以及圣马田教堂，是天主教新加坡总教区的主教座堂，总主教的驻地。\n                    ']","A Queen Street Singapore","6.0","有图 (2条)好评（5条）中评（1条）天主教教堂（3人提及）"
"152","仄爪哇湿地","Chek Jawa Wetlands","","","http://www.yoursingapore.com/content/traveller/en/browse/see-and-do/nature-and-wildlife/parks-and-gardens/chek-jawa.html?TAHotelCode=134","['\n                        这里的生态环境相当独特，包括了沙滩、岩滩、海草泻湖、珊瑚碎片、红树林和滨海森林等。生态种类繁多，每天落潮时分可见湿地全貌。届时虾蟹成群在生满海草的浅滩上横行，别有一份风情。到乌敏岛一游，千万不要错过仄爪哇湿地景点。\n                    ']","Pulau Ubin","8.0","有图 (4条)好评（7条）差评（1条）"
"153","仙人掌花园","","","","","","樟宜机场T1(3楼离境转机大厅)","3.0","有图 (2条)好评（3条）"
"154","新加坡植物园遗产博物馆","SBG Heritage Museum","","","","","1 Cluny Road, Singapore","1.0","有图 (1条)好评（1条）"
"155","中央集水区自然保护区","Central Catchment Nature Reserve","","","","","新加坡中央集水区自然保护区","3.0","有图 (2条)好评（3条）"
"156","翡翠山","Emerald Hill","","","","","Off Orchard Road, Singapore, Singapore","4.0","有图 (3条)好评（4条）适合拍照（1人提及）值得去（1人提及）乌节路附近（1人提及）"
"157","史前公园","Zoo-rassic Park","","","http://zoo.com.sg","['\n                        史前公园 (Zoo-rassic Park) 是其中最具标志性的一个展览。通过生动再现的史前动物，让您更了解第五次大灭绝（可能是第六次）。', '\n穿行在烟雾缭绕的恐龙谷 (Dinosaur Valley) 之中，与超过 20 种恐龙近距离接触（不用担心，这些恐龙都是电子仿生作品）。雄伟霸气的霸王龙与凶神恶煞的伶盗龙（牙齿、爪子及其所有部位惟妙惟肖）与您近在咫尺，不容错过。\n                    ']","80 Mandai Lake Rd","2.0","有图 (1条)好评（2条）"
"158","魟鱼湾","Ray Bay","['课程时间:  每日 下午从下午1点每小时进行至下午5点']","","","['\n                        与魟鱼做近距离的接触，喂食它们，并轻抚它们那滑溜溜的鱼鳍，前来报名感受与魟鱼互动的奇妙乐趣。通过趣味与学习兼具的探奇之旅，进一步了解这些神奇的海洋生物。\n                    ']","8 Sentosa Gateway, Sentosa Island, Singapore 098269","2.0","好评（2条）海豚园旁边（1人提及）"
"159","南洋艺术学院","Nanyang Academy of Fine Arts","","","","['\n                        新加坡南洋艺术学院，也简称南艺，前身为南洋美术专科学校，于1938年由一批热心美术人士及美术教育工作者所成立。建校初期只有14名纯美术系学生。', '\n1975年，南艺开办第一个业余美术设计课程，以应付市场需求。1982年，又将它进一步提升为全日制文凭课程。1984年以后，音乐、舞蹈、室内设计及服装设计系先后成立，至此南艺共有六个科系。', '\n1991年，南艺开办了天才儿童钢琴班。两年后，前新广华乐团也加入南艺的阵容，并改称“狮城华乐团”。为了推广新加坡资讯科技的发展，南艺在国家电脑局资助下，于1997年1月设立多媒体系。同时，也成立了视觉艺术学校、表演艺术学校及服装专科学校。1997年8月，戏剧系的成立，使表演艺术学校因此而能更全面的发展。', '\n1998年7月，南艺分别与澳洲科玎科技大学及西悉尼大学联办纯美术与美术设计学位课程。有志提升自己的人，南艺也开办分别与英国哈德斯费特大学及诺坦堡大学联办的室内设计荣誉学位及服装荣誉学位等课程。多媒体及音乐学位课程也将在随后推出。', '\n1999年1月，南艺成立了少年儿童艺术学校，将属下科系重组，并加强少年儿童艺术的普及工作。随着该校的成立，南艺旗下的学校亦增至四所。', '\n1999年4月，南艺被提升为同等于理工学院的学府，并继续保持其自主的地位。在此提升计划下，南艺将于5年内开办由国立大学颁发学位的视觉艺术学位课程。\n                    ']","新加坡","7.0","有图 (2条)好评（6条）中评（1条）"
"160","滨海步道","Waterfront Promenade","","","","","Singapore, ,Singapore","4.0","有图 (1条)好评（3条）中评（1条）人很多（1人提及）"
"161","萤火虫健康蔬菜农场","Fire Flies Health Farm","['每天上午 10:00 到下午 5:00']","","http://www.yoursingapore.com/content/traveller/en/browse/see-and-do/nature-and-wildlife/farms/fire-flies-health-farm.html?TAHotelCode=157","['\n                        萤火虫健康蔬菜农场（Fire Flies Health Farm）是一家旨在种植健康食品的有机农场。农场杜绝使用杀虫剂、杀菌剂、生长诱导剂、除草剂、化肥或动物粪便。农事活动需要的所有养分均来自岩石尘土、糖蜜以及海草等天然物质。', '\n利用土壤这一植物的“天然栖息地”种植健康食物是农场的最大特色。农场以“安心、健康饮食”为口号，种植了大量多叶蔬菜、野菜、当地水果、豆类、瓜果以及当地草药。所有产品均可对外销售。', '\n参观位于林厝港（Lim Chu Kang）的萤火虫健康蔬菜农场，您可以亲临环保健康食物种植现场。如有喜欢的有机农产品，您还可现场购买，将其带回给亲朋好友。\n                    ']","Lot 75 Lim Chu Kang Lane 2, Singapore 718822, Singapore","2.0","有图 (2条)好评（2条）"
"162","空军博物馆","Air Force Museum","","","http://www.mindef.gov.sg/imindef/mindef_websites/atozlistings/air_force/about/museum.html","['\n                        占地10,600平方米、拥有室内与室外展厅的新加坡空军博物馆，呈现了新加坡共和国空军的成长历史。 新加坡空军的前身是1927年建立的皇家空军。博物馆里收藏了大量殖民时期的文物和飞行器械，其中包括当时的帽徽和猎犬式导弹。\n                    ']","400 Airport Road, Singapore 534234, Singapore","6.0","有图 (1条)好评（6条）距离市中心远（2人提及）"
"163","慕达发购物中心","Mustafa Centre","['12:00-23:59 (1月1日-12月31日 周日-周六)', '\n']","","","","145 Syed Alwi Road Mustafa Centre,Singapore 207704, ,Singapore","2.0","好评（2条）"
"164","光明山普觉寺","Kong Meng San Phor Kark See Temple","","","http://www.kmspks.org/","","88 Bright Hill Road Kong Meng San Phor Kark See Monastery, Singapore 574117, Singapore","4.0","有图 (2条)好评（2条）中评（1条）差评（1条）人挺多（1人提及）"
"165","克兰芝阵亡战士纪念碑","Kranji War Memorial","","","","","9 Woodlands Road, 新加坡 738656","5.0","有图 (2条)好评（3条）中评（2条）"
"166","Palawan Pirate Ship","","['10:00-18:00 (1月1日-12月31日 周一-周日)', '\n']","","http://www.sentosa.com.sg/Explore/Attractions/Palawan-Pirate-Ship","","Palawan Beach, Sentosa","3.0","有图 (2条)好评（3条）适合孩子（2人提及）四点一关闭（1人提及）"
"167","幻光雨林之夜","Rainforest Lumina","['周一至周日 19:30-00:00（最晚入园时间10:30）']","","http://rainforestlumina.wrs.com.sg","['\n                        幻光雨林之夜是为纪念新加坡动物园成立45周年，而推出的一个以野生动物园为背景，结合了光影和音效的多媒体夜行体验。幻光雨林之夜由10个以上的区域组成，秉承每个人都可以在雨林里拥有属于自己的专属角色的理念，在新加坡动物园开启幻光雨林之夜，你可以在其中和动物一起玩耍，一起倾听动物的声音，一起漫步在灯光打造雨林中享受炫目的视觉灯光色彩。\n                    ']","80 Mandai Lake Rd, Singapore 729826","1.0","有图 (1条)好评（1条）"
"168","榜鹅水道公园","Punggol Park","","","http://www.nparks.gov.sg/gardens-parks-and-nature/parks-and-nature-reserves/punggol-park","","Junction of Hougang Avenue 8 and Hougang Avenue 10, 新加坡","5.0","有图 (2条)好评（3条）中评（2条）"
"169","新加坡市区重建局","Urban Redevelopment Authority","['08:30-17:00 (1月1日-12月31日 周一-周日)', '\n']","","http://www.ura.org.hk/tc/","['\n                        市区重建局（市建局）乃根据《市区重建局条例》於二零零一年五月成立，取代前土地发展公司，作为进行、鼓励、推广及促进本港市区更新的法定机构。', '\n', '\n二零零二年六月立法会财务委员会批准政府由二零零二／零三年财政年度起分五年向市建局共注资港币一百亿元。政府亦以豁免补地价形式批地予市建局作为其中一项补助措施。', '\n', '\n市建局按《市区重建局条例》，在推行市区更新计划时，以应有的审慎原则理财，以达致财政自给的长远目标。', '\n', '\n二零一一年公布的《市区重建策略》包括重建发展、楼宇复修、文物保育和旧区活化。市建局应以「重建发展」和「楼宇复修」为其核心业务。', '\n', '\n目前，本港约有十一万人居住於恶劣的环境中。有人住在一个单位厨房内的细小阁楼内，也有十数户人居住在少於四十七平方米单位内的十多个狭窄板间房内，共用厨房和洗手间。夏季时，板间房的日间气温可高达摄氏三十七度，缺窗缺风，更遑论空调，苦况可想而知。', '\n', '\n市建局的首要目标是改善旧区居民的生活环境，更新旧区。透过推动市区更新计划，我们致力为香港市民缔造优质的城市生活。\n                    ']","45 Maxwell Road, The URA Centre,Singapore","2.0","有图 (1条)好评（2条）"
"170","河的子民","People of the River","['全天 24 小时开放']","","","['\n                        新加坡河畔伫立着一系列形态各异的雕塑群，每一组都是旧日时光的缩影。\n                    ']","Singapore River","4.0","有图 (2条)好评（2条）中评（2条）新加坡河边（2人提及）"
"171","圣伯多禄圣保禄教堂","Church of Saints Peter and Paul","","","http://www.sppchurch.org.sg/","['\n                        圣伯多禄圣保禄堂（Church of Saints Peter and Paul）兴建于1869年到1870年，是新加坡的一座罗马天主教教堂，位于新加坡中区的皇后街。目前是新加坡国家古迹。', '\n弥撒通常使用英语，星期天上午举行一场普通话弥撒，以及星期天下午举行一场广东话弥撒。\n                    ']","225A Queen Street Church of St Peter And St Paul, Singapore 188551, Singapore","6.0","有图 (4条)好评（4条）中评（2条）天主教教堂（1人提及）"
"172","通讯及新闻部","Ministry of Communications & Information (MCI)","['周一至周五 09:00-18:00', '\n周一至周日 休馆']","","http://mci.gov.sg","","140 Hill Street #01-01A, Old, Hill St, Police Station","4.0","有图 (2条)好评（4条）不要拍照（1人提及）"
"173","达豪施纪念碑","Dalhousie Obelisk","['全天 (1月1日-12月31日 周一-周日)', '\n']","","http://www.yoursingapore.com/content/traveller/en/browse/see-and-do/arts-and-entertainment/architecture/dalhousie-obelisk.html?TAHotelCode=73","['\n                        这座纪念碑坐落在皇后坊旁的新加坡河畔，是为纪念印度总督达豪施公爵于1850年访问新加坡而建造的。\n                    ']","1 Empress Place Empress Place Building, Singapore 179555, Singapore","7.0","有图 (5条)好评（4条）中评（3条）适合拍照（1人提及）历史悠久（1人提及）"
"174","中央消防局","Central Fire Station","","","","","62 Hill Street Central Fire Station, Singapore, Singapore","4.0","有图 (4条)好评（4条）"
"175","OCBC Skyway","","","","","","18 Marina Gardens Drive Gardens By the Bay,Gardens by the Bay,Singapore 018953, ,Singapore","1.0","有图 (1条)好评（1条）"
"176","Joo Chiat/Katong","","","","","","Singapore 427585, ,Singapore","1.0","有图 (1条)好评（1条）人很多（1人提及）"
"177","Golden Mile Complex","","","","","","5001 Beach Road Golden Mile Complex,Singapore 199588, ,Singapore","1.0","有图 (1条)好评（1条）人很多（1人提及）"
"178","硕莪街","Sago Street","","","http://chinatown.sg","['\n                        整条街糕饼飘香，有经营中药、古玩、肉干的店铺，是采买手礼的好地方。特别是百年老店“冯满记席庄”，其制作藤席的独特手艺历经四代传承，扬名东南亚。\n                    ']","Chinatown, Singapore, Singapore","6.0","有图 (3条)好评（4条）中评（2条）"
"179","","","","","","","","",""
"180","樟宜监狱博物馆","Changi Prison Chapel and Museum","['每天9:30-17:00，包括公共假日，最晚入场时间为16:30。']","","http://www.changimuseum.sg","['\n                        樟宜监狱博物馆(Changi Prison Chapel and Museum) 是新加坡一个鲜为人知的博物馆。此博物馆中陈列的是二次世界大战终日军占领新加坡期间，盟军战俘据于此的生活记录史实。建筑是仿照1942-1945年日军占领期间所关押战俘所建的旧教堂模式而建造。馆中的许多实物都是被关押者所捐赠。\n                    ']","1000 Upper Changi Road North, 新加坡 507707","4.0","好评（4条）"
"181","新加坡国家体育场","National Stadium","","","http://www.yoursingapore.com/content/traveller/en/browse/see-and-do/sports-and-recreation/recreation-spaces/national-stadium.html?TAHotelCode=269","['\n                        新加坡国家体育场坐落于滨海湾的东北岸，这是一座在老的新加坡国家体育场原址上全新重建的建筑，这里拥有全世界最先进的软硬件设施。全新的国家体育场是新加坡国家足球队的新主场，同时也将承办许多重大的体育赛事，在这个拥有55000个座位的体育场中，人们不仅可以欣赏精彩的体育赛事，还可以欣赏美丽的海湾景色。\n                    ']","Stadium Dr","4.0","有图 (1条)好评（4条）新加坡地标（1人提及）"
"182","洛阳大伯公宫","Loyang Tua Pek Kong Temple","['00:00-23:59 (1月1日-12月31日 周日-周六)', '\n']","","http://lytpk.org.sg","","20 Loyang Way, Singapore 508774, Singapore","2.0","有图 (1条)好评（2条）"
"183","新加坡知新馆","Singapore Discovery Centre","['09:00-18:00 (1月1日-12月31日 周二-周日)', '\n']","","http://www.sdc.com.sg","['\n                        知新馆是新加坡国防部设的一个主题园地，占地1万平方公尺，耗资7000万元建成。它坐落于新加坡武装部队军训学院隔邻，该馆设有全天域影象馆、摆动模拟馆和射击馆等。\n                    ']","510 Upper Jurong Rd, 新加坡","7.0","好评（4条）中评（2条）差评（1条）适合小朋友（1人提及）"
"184","天公庙","Tiong Bahru Qui Tian Gong Temple","","","","","44 Eng Hoon Street Singapore","3.0","有图 (2条)好评（2条）中评（1条）"
"185","新加坡大众捷运系统","Singapore Mass Rapid Transit","","","","","Singapore 069112, ,Singapore","2.0","有图 (2条)好评（2条）恐高（1人提及）"
"186","莲山双林寺","Lian Shan Shuang Lin Temple","","","http://www.yoursingapore.com/content/traveller/en/browse/see-and-do/culture-and-heritage/places-of-worship/lian-shan-shuang-lin-temple.html?TAHotelCode=119","","184E Jalan Toa Payoh Siang Lim Sian LI Buddhist Temple, Singapore 319941, Singapore","2.0","有图 (1条)好评（2条）"
"187","NUS Museum","","","","http://www.yoursingapore.com/content/traveller/en/browse/see-and-do/arts-and-entertainment/art/nus-museum.html?TAHotelCode=22","","University Cultural Centre National University of Singapore 50 Kent Ridge Crescent, Singapore 119279, Singapore","1.0","好评（1条）"
"188","克里斯南兴都庙","Sri Krishnan Temple","['06:30-12:00,17:30-21:00 (1月1日-12月31日 周一-周日)', '\n']","","http://eresources.nlb.gov.sg/infopedia/articles/SIP_276_2004-12-24.html","['\n                        这座兴都庙与观音堂比邻而居，已有百年历史，是附近印度教居民的信仰中心，虽然印度教徒没有拿香的习俗，但兴都庙门口有一张放有香炉的供桌，各式宗教的和谐共处，是新加坡最迷人的文化特质。\n                    ']","152 Waterloo Street Krishnan Temple, Singapore 187961, Singapore","6.0","有图 (6条)好评（5条）差评（1条）"
"189","旧国会大厦艺术之家","The Arts House","","","http://www.theartshouse.sg","","1 Old Parliament Lane The Arts House At the Old Parliament, Singapore 179429, Singapore","3.0","有图 (3条)好评（3条）旧国会大厦艺术之家旁边（1人提及）"
"190","日本人墓地公园","","","","","['\n                        新加坡日本人墓地公园坐落于新加坡中北部杨厝港附近，远离游人云集的闹市区。著名作家余秋雨先生曾在二十多年前造访过这座墓地，并写进了他的书里。如今，这座墓地四周已经被高档别墅群所覆盖。', '\n一百多年前，有日本侨民到新加坡谋生，当中有平民、僧人、落魄文人、妓女等等。1888年妓院老板，也是多个杂货铺的老板而木多贺治郎连同几个商人，向英国殖民当局申请墓地。殖民政府批准后，此处成为日人集中埋葬的地方，大多是平民和妓女。后来日本人出钱买下这块地，拥有了永久地契，并聘请了守墓人。二战中，随着日军登陆新加坡，这里也成为部分日军的墓地，二战后，更是将各处日军遗骨移入，包括被判处死刑的战犯。\n                    ']","825B Chuan Hoe Avenue Singapore","3.0","有图 (2条)好评（2条）差评（1条）日本人墓地公园附近（1人提及）"
"191","SAM at 8Q","","['10:00-19:00 (1月1日-12月31日 周六-周四)10:00-21:00 (1月1日-12月31日 周五)', '\n']","","http://www.singaporeartmuseum.sg","","8 Queen St, Singapore","1.0","有图 (1条)好评（1条）"
"192","Beach Station","","","","","","21 Beach View 099699 Beach View","1.0","有图 (1条)好评（1条）时光之翼边（1人提及）"
"193","艺术、设计与媒体学院","School of Art Design and Media","","","http://www.adm.ntu.edu.sg","","81 Nanyang Dr","3.0","有图 (3条)好评（3条）"
"194","榜鹅海滩","Punggol Beach","","","","","22 Punggol Road - Track 19 新加坡","2.0","有图 (1条)好评（1条）中评（1条）"
"195","哈查花蒂玛回教堂","Hajjah Fatimah Mosque","['08:00-18:00 (1月1日-12月31日 周一-周日)', '\n']","","http://www.yoursingapore.com/content/traveller/en/browse/see-and-do/culture-and-heritage/places-of-worship/hajjah-fatimah-mosque.html?TAHotelCode=118","['\n                        哈贾·法蒂玛回教堂坐落于新加坡加冷规划区甘榜格南区美芝路，由殖民地建筑师汤姆森设计，建成于1846年，为伊斯兰和欧洲建筑风格的综合体，名字源于马来人女商人哈贾·法蒂玛。', '\n教堂于1873年被列为新加坡国家古迹，被高高的围墙环绕，由一个祈祷厅、葬有女主人的坟墓、伊玛目的寓所、斋戒沐浴区、数处别馆和一个花园组成。', '\n回教堂的圆顶有12个尖头窗，每个窗户都是彩色玻璃，非常漂亮。也许哈贾·法蒂玛回教堂最不寻常的特点就是由欧洲建筑师设计的与众不同的宣礼塔，这座奇异的宣礼塔离中心轴大约偏离了6度左右，因而成为新加坡最独特的一景。\n                    ']","4001 Beach Road Hajjah Fatimah Mosque, Singapore 199584, Singapore","4.0","有图 (2条)好评（3条）中评（1条）"
"196","中央商业区","Central Business District","","","","","Shenton Way,Singapore, ,Singapore","1.0","有图 (1条)好评（1条）"
"197","共和理工学院","Republic Polytechnic","","","http://rp.edu.sg","","9 Woodlands Ave 9","1.0","有图 (1条)好评（1条）"
"198","峇峇住宅","NUS Baba House","['周二 - 周五上午10:00 - 上午11:00周六下午1:30 - 下午5:00']","","http://babahouse.nus.edu.sg","","157 Neil Road, Singapore 088883, Singapore","1.0","有图 (1条)好评（1条）适合拍照（1人提及）"
"199","纳哥德卡殿","Nagore Durgha Shrine","['全天 (1月1日-12月31日 周一-周日)', '\n']","","","['\n                        纳哥德卡殿，是19世纪20年代首批南印度伊斯兰教徒来到新加坡为自己的信仰打造的，正门上方采用了古典设计风格，层层筑起的雕花栏杆两侧，矗立着高耸尖塔，从底部朝天堆栈14层，最上层再加上一颗洋葱小圆顶，融合了东西方建筑特色。这里早期是南印度伊斯兰教的文化信仰中心，1974年被列为新加坡国家历史古迹。\n                    ']","140 Telok Ayer Street Nagore Dargah Indian Muslim Heritage Centre, Singapore 068604, Singapore","5.0","有图 (4条)好评（2条）中评（3条）离天福宫很近（1人提及）"
"200","太阳花园","","","","http://sbg.org.sg","['\n                        沙漠景观展现出多汁植物和干旱地区的其他植物，从周围郁郁葱葱的绿色热带植物中脱颖而出。\n                    ']","1 Cluny Rd, Singapore 259569","1.0","有图 (1条)好评（1条）"
"201","KidsSTOP™","","['周日 - 周六上午9:30 - 下午1:30下午2:00 - 下午6:00']","","","","21 Jurong Town Hall Road, Singapore 609433, Singapore","1.0","有图 (1条)好评（1条）"
"202","ZhongShan Park","","","","http://www.indesignlive.sg/articles/projects/zhongshan-park-singapore","","Balestier Road, Singapore, Singapore","1.0","好评（1条）"
"203","卫理会教堂","Methodist Church","","","","['\n                        早在50年代，就已经有基督徒涉足于女皇镇，积极宣传天国的福音。后来，这个地区开始兴建组屋，发展成为我国第一个组屋区，人口就越加稠密起来。', '\n本堂于1964年，在新加坡卫理公会华人年议会与英文年议会联合策划下，开始进行筹建圣殿，并特别委任英文年议会的倪天增牧师负责协调。', '\n在建堂期间，两个年议会拨款兴建一个“临时聚会棚”，一方面作为主日崇拜之场所，一方面可以展开布道圣工，领人归主。当时女皇镇华文堂会只有下午的闽语主日崇拜，参加崇拜的人数不多。\n                    ']","70 Barker Road (S)309936, 新加坡 309936","3.0","有图 (2条)好评（2条）中评（1条）"
"204","长老会恩泽堂","","","","","['\n                        长老会恩泽堂(Providence Presbyterian Church Jurong Congregation)前身是乌节路长老会华语聚会，在1968年4月14日复活节主日，于乌节路长老会开始崇拜会，当时只有13人，发展至今天，已有约1800名会友。教会在上帝的恩典 中不断增长，于1995年在武吉巴督设立分会；在2002年，于裕廊和真恩长老会共同成立了恩园特别学校，并设立布道中心。2005年1月1日，乌节路长老会华语聚会自立，正式 命名为长老会恩泽堂。\n                    ']","7 Jurong West Avenue 5, 新加坡 649486","4.0","有图 (1条)好评（2条）中评（2条）"
"205","怡丰城","Vivo City","","","","","1 Harbourfront Walk Vivo City,Singapore 098585, ,Singapore","2.0","中评（2条）"
"206","芽笼士乃市场","Geylang Serai New Market","","","","","1 Geylang Serai Sri Geylang Serai | Geylang Serai Market and Food Centre, Singapore 402001, Singapore","",""
"207","新加坡义安理工学院","Ngee Ann Polytechnic","","","http://np.edu.sg","['\n                        新加坡义安理工学院是一所国立高等院校，是5所政府学院之一，位于新加坡北部，有着便利的交通和舒适的环境。多年以来，义安理工学院凭借着雄厚的师资力量及严谨的校风，吸引着无数的学生。新加坡义安理工学院成立于1963年，是世界一流的综合性政府学院。校园占地35.4公顷，学生16000人，教职员4000人。它是新加坡第一所具有宽带网的理工学院，学生使用手提电脑上课学习，是典型的“无纸化”学院。华语歌坛巨星谭咏麟先生曾就读于该校。\n                    ']","535 Clementi Rd, 新加坡 599489","5.0","好评（3条）中评（1条）差评（1条）"
"208","Esplanade Bridge","","","","","","Singapore 049215, Singapore","2.0","有图 (2条)好评（2条）"
"209","街头艺术","Art from the streets","","","","","6 Bayfront Ave, Singapore 018974 (滨海湾金沙艺术科学博物馆内)","1.0","有图 (1条)好评（1条）"
"210","新加坡番禺会馆","Singapore Poon Yue Association","","","","['\n                        新加坡华人地缘社团。清朝光绪五年（１８７９）创立。首创者为胡旋基（当时任中国总领事，历任新加坡立法院及司法院委员）。宗旨：联络乡谊，团结乡亲，互助互惠，谋求福利。２０世纪２０年代会务日渐冷落。１９４２年新加坡沦陷后,会务停顿。战后恢复活动。１９４８年召开大会决定由覃肇庄主持创办学校，十年后停办。８０年代，对外无联系，内部各项活动几乎信息。１９９１年冬重新改选，会务渐入正轨。第３７届（１９９６－１９９７）理事会理事长为何顺结。\n                    ']","Bukit Pasoh Shop Houses, 281 New Bridge Road Singapore","3.0","有图 (3条)好评（2条）中评（1条）牛车水附近（2人提及）"
"211","Alexandra Technopark","","","","","","Alexandra Rd, 438B","1.0","有图 (1条)好评（1条）"
"212","圣淘沙特快","The Sentosa Express","","","","","No.1 Harbour front walk,Sentosa Island, ,Singapore","1.0","有图 (1条)好评（1条）"
"213","The Cat Museum","","","","","","8 Purvis Street Tan See Swan & Sons Building, Singapore 188587, Singapore","1.0","有图 (1条)好评（1条）"
"214","政府大厦大草场","Padang","","","http://www.yoursingapore.com/content/traveller/en/browse/see-and-do/sports-and-recreation/recreation-spaces/padang.html?TAHotelCode=271","","Between St. Andrew Road and Connaught Drive, Singapore 179682, Singapore","1.0","有图 (1条)好评（1条）"
"215","Golden Mile Tower","","","","http://www.goldenmiletower.com","","6001 Beach Road | District 07, Opposite of Kampong Glam Community Club and beside Golden Mile Complex, Singapore 199589, Singapore","1.0","有图 (1条)好评（1条）"
"216","Maxwell Food Centre","","","","","","1 Kadayanallur St, Singapore 069184, Singapore","1.0","有图 (1条)好评（1条）"
"217","园景广场","Parkview Square","","","","['\n                        Parkview Square的设计灵感来自于纽约1929 年修建的Chanin大厦，大楼的设计特别采用了装饰艺术风格——其外墙糅合了花岗岩、漆艺、青铜与玻璃等装饰元素。Parkview Square坐落于白沙浮广场（Bugis Junction）与热门的阿拉伯街（Arab Street）附近，由美籍顾问James Adam与新加坡DP Architects所联合设计。', '\n作为宏伟和不朽的象征，Parkview Square的露天广场四周环绕着雕塑和塑像，有大量的著名历史人物的青铜肖像。', '\n作为外墙装饰，Parkview Square由怪兽雕像和每位手捧一颗光球的八位壮硕男子的玻璃雕像“守卫”。当然，超凡脱俗，在风靡全球的漫画系列《蝙蝠侠》推出后，当地人甚至冠以Parkview Square“哥谭市”的称号。去甘榜格南（Kampong Glam）的路上，可以远观Parkview Square的高耸结构，也可以在新加坡看到来自漫画书中的建筑。\n                    ']","600 North Bridge Road Parkview Square, Singapore 188778, Singapore","3.0","有图 (1条)好评（1条）中评（2条）在地铁站附近（1人提及）在武吉士地铁站附近（1人提及）"
"218","Chinese Heritage Centre","","","","","","12 Nanyang Dive, Nanyang Technological University, Singapore 637721, Singapore","1.0","有图 (1条)好评（1条）"
"219","千灯寺","Temple of 1,000 Lights (Sakya Muni Buddha Gaya)","","","","","336 Race Course Rd., Singapore, Singapore","2.0","有图 (1条)好评（2条）印度教寺庙（1人提及）"
"220","马拉巴清真寺","Malabar Muslim Jama-Ath","","","http://mmj.org.sg","","471 Victoria Street Singapore","1.0","有图 (1条)好评（1条）"
"221","Lee Kong Chian Natural History Museum","","['10:00-19:00 (1月1日-12月31日 周二-周日)', '\n']","","http://lkcnhm.nus.edu.sg/","","2 Conservatory Drive | National University of Singapore, Singapore 117377, Singapore","1.0","有图 (1条)好评（1条）"
"222","Resorts World Theater","","","","http://www.rwsentosa.com/","","8 Sentosa Gateway Resorts World Sentosa | Resorts World Sentosa, Singapore 098269, Singapore","1.0","好评（1条）适合孩子（1人提及）"
"223","Keppel Bay","","","","","","2 Keppel Bay Vista, Marina at Keppel Bay","1.0","有图 (1条)好评（1条）"
"224","竹脚市场","Zhujiao Centre (Tekka Market)","","","","","665 Serangoon Road,Singapore, ,Singapore","2.0","好评（2条）"
"225","新加坡钱币博物馆","Singapore Coins And Notes Museum","['10:00-20:00 (1月1日-12月31日 周日-周六)', '\n']","","http://www.singaporecoinsandnotesmuseum.com/index1.php","","40 Pagoda Street, Singapore 059199, Singapore","5.0","有图 (1条)好评（4条）中评（1条）"
"226","巴拉湾岛","Palawan Island","","","","","新加坡","1.0","有图 (1条)好评（1条）"
"227","阿尔阿布拉回教堂","Masjid Al-Abrar","","","http://muis.gov.sg","['\n                        在新加坡所有清真寺里，这是建筑样式最简单的一座，由来自南印度的穆斯林移民在此兴建，落成于1855年，外观约占3间店屋的宽度，采用红砖屋瓦，两座白色尖塔耸立左右，尖塔顶端各有一个洋葱造型的小圆顶，除此之外几乎不见任何装饰，相当朴实。\n                    ']","192 Telok Ayer St, Singapore 068635","3.0","有图 (3条)好评（2条）中评（1条）离天福宫很近（1人提及）"
"228","Parkview Museum","","['13:00-19:00 (1月1日-12月31日 周日-周六)', '\n']","","https://www.facebook.com/pg/parkviewmuseumsg","","600 North Bridge Road Parkview Square | Parkview Square Level 3, Singapore 188778, Singapore","1.0","有图 (1条)好评（1条）瑟瑟发抖（1人提及）"
"229","同济医院","Thong Chai Medical Institution","","","http://www.thongchaimedical.org/","","50 Eu Tong Sen Street Thong Chai Medical Institution, Singapore 059803, Singapore","1.0","有图 (1条)好评（1条）"
"230","陣亡紀念碑","Cenotaph","","","http://www.roll-of-honour.com/Overseas/Worldwar1and2memorial.html","","1 Esplanade Drive Esplanade - Theatres On the Bay, Singapore 038981, Singapore","1.0","有图 (1条)好评（1条）"
"231","MCI and MCCY Building","","","","http://www.yoursingapore.com/content/traveller/en/browse/see-and-do/arts-and-entertainment/architecture/mica-building.html?TAHotelCode=70","","140 Hill Street Old Hill Street Police Station, Singapore 179369, Singapore","1.0","有图 (1条)好评（1条）适合拍照（1人提及）"
"232","星和园","Japanese Garden","['05:30-19:00 (1月1日-12月31日 周一-周日)', '\n']","","http://www.nparks.gov.sg","","1 Chinese Garden Rd, Singapore 619795","1.0","有图 (1条)好评（1条）"
"233","SSFW (Spring Summer Fall Winter)","","['12:00-20:00 (1月1日-12月31日 周日-周四)12:00-21:00 (1月1日-12月31日 周五-周六)', '\n']","","","","35 Haji Lane,Singapore 189228, ,Singapore","1.0","有图 (1条)好评（1条）"
"234","福海禅寺","Foo Hai Ch‘an Monastery","","","","['\n                        福海禅寺肇始於一九三五年，由弘宗老和尚所创建。弘宗老出生于台湾，受戒于日本，旋南来星洲布教。一九六一年春，著于重建，而成为巍峨庄严之中国南方式寺院。中国的意境，日本的铜瓦，韩国的钟鼓。佛像皆由中国大师塑造，其中两尊主像，即九点九米高的千手千眼观音菩萨立像，及三点三米高的释迦牟尼佛坐像，承中国大师铸模，日本镀铜，一切皆精益求精，圆满殊胜。', '\n一九九九年，师毅然推动重建，躬自畚筑，劳心悴力，经营缔构，几四载而后成，金容焕烂，绀殿崇宏，讲堂广博，禅室幽深，钟楼鼓楼，僧房客舍，无不毕备，俨然是一大寺。故於二零零四年新春伊始之际，改“福海禅院”为“福海禅寺”。\n                    ']","87 Geylang East Avenue 2, Singapore","1.0","有图 (1条)好评（1条）"
"235","Bedok Reservoir Park","","","","https://www.nparks.gov.sg/","","Along Bedok Reservoir Road | North of Bedok New Town, Singapore, Singapore","1.0","有图 (1条)好评（1条）"
"236","莱佛士城购物中心","","['10:00-23:00 (1月1日-12月31日 周日-周六)', '\n']","","http://www.rafflescity.com.sg/","","252 North Bridge RdSingapore 179101, Singapore","1.0","有图 (1条)好评（1条）"
"237","林谋盛纪念塔","Lim Bo Seng Memorial","['全天 (1月1日-12月31日 周一-周日)', '\n']","","","['\n                        林谋盛纪念塔是一座中式风格的白塔，是为纪念抗日英雄林谋盛而建。林谋盛曾是一名杰出的福建商人，在二战期间积极领导抗日战斗，1944年6月他在日军的严刑拷打下壮烈牺牲，后被中国国民政府追授为陆军少将。\n                    ']","1 Esplanade Drive Esplanade - Theatres On the Bay, Singapore 038981, Singapore","1.0","有图 (1条)好评（1条）"
"238","国家档案馆","National Archives of Singapore","","","","['\n                        Email: nhb_nasreg@nhb.gov.sg', '\nFax: 65 - 6339 3583', '\n', '\n网址：http://www.nhb.gov.sg/\n                    ']","1 Canning Rise Singapore 179868 (off Hill Street)","3.0","有图 (1条)好评（2条）中评（1条）"
"239","龙山寺","Leong San See Temple","","","http://beokeng.com","","371 Race Course Road Little India, Singapore 218641, Singapore","2.0","有图 (2条)好评（2条）"
"240","老钟楼","","","","","['\n                        Old clock tower in Singapore\n                    ']","Singapore","1.0","好评（1条）"
"241","姐妹岛","Sisters' Islands","['每日 24 小时开放']","","http://www.sentosa.com.sg/...","['\n                        姐妹岛（Sisters’Islands）由大小两座岛屿（Big Sister’s Island 与 Little Sister’s Island）组成，它们的占地面积分别为 3.9 公顷与 1.7 公顷，亦是您乐享潜水和露营的完美之地。', '\n传说姐妹岛从前只有一座岛屿，一对姐妹为了逃避海盗头目的掳劫与迫害，在此遭海吞噬，随后岛屿便一分为二 —— 它的名字也是因此而得。两座岛屿间隔了一条狭窄的海峡，岛上郁郁葱葱，水清沙白，广受野餐游客之喜爱。', '\n岛屿附近美丽的珊瑚礁孕育着多种多样的海洋动物，使得这里成为了游泳与潜水爱好者的聚集之地。此外，露营也是乐享悠闲时光的另一绝佳方式，但游客须在出发前先申请许可。\n                    ']","Sisters' Island, Singapore 000703, Singapore","1.0","好评（1条）值得去（1人提及）"
"242","National Design Centre","","['09:00-21:00 (1月1日-12月31日 周日-周六)', '\n']","","http://www.designsingapore.org/NDC","","111 Middle Road National Design Centre, Singapore 188969, Singapore","2.0","有图 (1条)好评（2条）"
"243","新加坡华侨中学","Hwa Chong Institution","","","","['\n                        新加坡华侨中学(Hwa Chong Institution) 原名为新加坡南洋华侨中学(The Chinese High School)，是已故华侨领袖陈嘉庚先生发起，于1919年3月21日在新加坡创办的以中文为教学媒介的学校。今天华侨中学已经是新加坡最顶尖的中学之一，虽然主教语已更改为英语，但依然保持了比较浓厚的中文背景和传统文化。\n                    ']","64 Duchess Ave, Singapore","1.0","中评（1条）"
"244","樟宜礼拜堂与博物馆","The Changi Museum","['09:30-17:00 (1月1日-12月31日 周日-周六)', '\n']","","http://www.changimuseum.com.sg","","1000 Upper Changi Road North, Singapore 507707, Singapore","1.0","有图 (1条)好评（1条）"
"245","贝雅士蓄水池下段","Lower Peirce Reservoir Park","","","http://www.nparks.gov.sg/gardens-parks-and-nature/walks-and-tours/going-on-a-diy-walk#","['\n                        这个蓄水池是新加坡最古老的水库之一，位于麦里芝蓄水池和贝雅士蓄水池上段附近。是全家郊游或者野餐的好去处，蓄水池被绿油油的草地、园林和沼泽包围着的宁静景象与城市的喧闹形成鲜明的对比。\n                    ']","16 Old Upper Thomson Road Sembawang Hills Estate, Singapore 576214, Singapore","1.0","有图 (1条)好评（1条）"
"246","新加坡室内体育场","Singapore indoor stadium","['17:00-次日00:00 (1月1日-12月31日 周一-周二)12:00-次日01:00 (1月1日-12月31日 周五-周六)12:00-次日00:00 (1月1日-12月31日 周日)', '\n']","","","['\n                        新加坡室内体育馆是位于新加坡加冷的一个室内体育馆，由日本设计师丹下健三设计，外形为锥形，内部为无柱结构，是新加坡一处著名的地标建筑。\n                    ']","2 Stadium Walk Kallang Indoor Stadium,#01-06/07/k1,Singapore 397691, ,Singapore","",""
"247","雀替尔印度寺庙","Chettiar Temple","","","","","1 Tank Road Chettiar Temple, Singapore 238058, Singapore","1.0","有图 (1条)中评（1条）"
"248","樟宜海军基地","Changi Naval Base","","","http://mindef.gov.sg","","Tanah Merah Coast Road 新加坡","1.0","有图 (1条)好评（1条）"
"249","直落亚逸街","Telok Ayer Street","","","","","Singapore, Singapore","1.0","好评（1条）牛车水附近（1人提及）"
"250","新加坡美食节","Singapore Food Festival","","","","","7 Smith Street,Chinatown Food Street,Singapore 058921, ,Singapore","2.0","好评（2条）"
"251","Rochester Park","","","","","","Rochester Dr 新加坡","1.0","有图 (1条)好评（1条）"
"252","Rainforest Kidzworld","","['09:00-17:30 (1月1日-12月31日 周一-周日)', '\n']","","","","Unnamed Rd,Singapore","1.0","好评（1条）适合孩子（1人提及）"
"253","Tan Kim Seng Fountain","","","","http://www.ghettosingapore.com/tan-kim-seng-fountain/","","connaught Dr, Singapore, Singapore","1.0","有图 (1条)好评（1条）"
"254","释迦牟尼菩提迦耶寺","Sakya Muni Buddha Gaya Temple","","","http://www.yoursingapore.com/content/traveller/en/browse/see-and-do/culture-and-heritage/places-of-worship/sakya-muni-buddha-gaya-temple.html?TAHotelCode=115","['\n                        也叫千光寺。一座被一连串似乎看不到边的光所包围着、高达15米的佛像。这就是释加牟尼菩提迦耶寺这座简单却又令人印象深刻的建筑的焦点。', '\n营业时间：开放时间：8:00~16:45\n                    ']","366 Race Course Road, Singapore 218638, Singapore","2.0","好评（1条）中评（1条）佛教寺庙（1人提及）不能拍照（1人提及）"
"255","班丹蓄水池","Pandan Reservoir","","","","['\n                        班丹蓄水池位于新加坡的西部。\n                    ']","Pandan Reservoir,Singapore","2.0","中评（1条）差评（1条）人不多（1人提及）"
"256","Gillman Barracks","","['周二 - 周四下午12:00 - 下午7:00周五下午12:00 - 下午9:15周六 - 周日下午12:00 - 下午7:00']","","http://www.gillmanbarracks.com","","9 Lock Road Gillman Barracks, Singapore 108937, Singapore","1.0","有图 (1条)中评（1条）"
"257","Upper Seletar Reservoir","","","","https://www.nparks.gov.sg/gardens-parks-and-nature/parks-and-nature-reserves/upper-seletar-reservoir-park","","Along Old Upper Thomson Road, Singapore, Singapore","1.0","好评（1条）离市区远（1人提及）"
"258","干达哈街","Kandahar Street","","","","","Kandahar St 新加坡","1.0","好评（1条）"
"259","Red Dot Traffic","","","","","['\n                        这座“红”透半边天的殖民风格建筑，在20实际20年代曾是总部，经过改建外观刷成换红色之后，由德国的Red Dot Design Museum在此开设海外分馆，Red Dot Traffic还入驻设计公司，餐厅，酒吧和咖啡屋，白天充满艺术气息，晚上则变成夜店。每逢周末，Red Dot Traffic还会开设二手集市，让新加坡的创意人在此摆摊，展示自己的作品。', '\n价格：美术馆成人新币8元，学生及儿童新币4元，每月第一个周六可免费入馆。营业时间：开放时间：周一、周二、周五11:00~18:00，周六周日11:00~20:00，\n                    ']","28 Maxwell Road, Singapore","1.0","差评（1条）"
"260","River Safari - Reservoir Cruise","","","","http://www.wrs.com.sg/en/singapore-zoo","","80 Mandai Lake Road Singapore Zoological GardensSingapore 729826, Singapore","1.0","有图 (1条)中评（1条）"
"261","The Interlace Condo","","","","http://theinterlace.com.sg","","180 Depot Rd, 新加坡 109684   ","1.0","好评（1条）"
"262","五台山佛公寺","Wu Tai Shan Buddhist Temple","","","","","West Coast Road, 新加坡","1.0","有图 (1条)中评（1条）"
"263","陈瑞献艺术馆","Tan Swie Hian Museum","['星期一至星期五 仅限预约']","","http://www.tomlinson-collection.com /museum1.html","['\n                        陈瑞献艺术馆是由陈瑞琦先生创建的，是新加坡第一家私人艺术场馆，也是世界上为数不多的为纪念在世的艺术家而建的艺术馆之一。场馆质朴而典雅的风格带给我参观的乐趣。\n                    ']","460 Sims Avenue, Singapore 387601, Singapore","1.0","有图 (1条)差评（1条）"
"264","Duo residences","","","","http://  duosingapore.info","","1 Fraser St, Singapore 189350  ","1.0","有图 (1条)好评（1条）"
"265","新加坡乌节路游客中心","Singapore Visitor Centre","['08:30-21:30 (1月1日-12月31日 周日-周六)', '\n']","","http://www.visitsingapore.com/travel-guide-tips/getting-around/tourism-centre.html","","216 Orchard Road Orchard Gateway @ Emerald | Orchard Gateway @ Emerald, Opposite Somerset MRT, Singapore 238898, Singapore","",""
"266","春到河畔迎新春系列活动","River Hongbao","","","","","20 Raffles Avenue The Float @ Marina Bay,The Float @ Marina Bay,Singapore 039805, ,Singapore","",""
"267","马海阿布犹太教堂","Maghain Aboth Synagogue","","","http://www.yoursingapore.com/content/traveller/en/browse/see-and-do/culture-and-heritage/places-of-worship/maghain-aboth-synagogue.html?TAHotelCode=110","['\n                        马海阿布犹太会堂坐落于新加坡中区的滑铁卢街，“马海阿布”意为“父辈之盾”，建造于1878年，为东南亚最古老的犹太会堂，于1998年被列为新加坡国家古迹。', '\n在马海阿布犹太教堂可以了解到新加坡早期犹太居民的一切。尽管附近分布着其它的犹太建筑，而马海阿布仍然是其中最广为人知的一座。', '\n犹太会堂的外表十分简单，内部却拥有极为严谨细致的设计。教堂别致地融合了维多利亚与殖民建筑风格，大理石的地面及大百叶窗与柚木及藤条制作的长椅形成鲜明映衬，为人们带来一种宏大的惊艳之感。', '\n新加坡的小型犹太社区也在这里定期举行集会，此外，这里还会举行犹太节庆，成为新加坡的必游景点。\n                    ']","24/26 Waterloo St,Singapore 新加坡","1.0","有图 (1条)中评（1条）"
"268","Sunflower Garden","","['全天 (1月1日-12月31日 周一-周日)', '\n']","","","","60 Airport Boulevard Singapore 819643 (Changi Airport Terminal 2 Transit","",""
"269","皇后坊","Empress Place Building","['星期一下午 1 点到晚上 7 点', '\n', '\n星期五上午 9 点到晚上 9 点 ', '\n', '\n星期二到星期日上午 9 点至晚上 7 点', '展开全部>']","","http://www.yoursingapore.com/content/traveller/en/browse/see-and-do/arts-and-entertainment/architecture/empress-place-building.html?TAHotelCode=75","['\n                        皇后坊大厦是新加坡最具魅力的古建筑之一 ，位于新加坡河北岸的中央商务区，为一座历史性建筑，从1864年到1920年分为四个阶段完成，于1992年被列为新加坡国家文物，目前是亚洲文明博物馆的一部分。1890年，为了纪念维多利亚女王的统治，这个历史性建筑被命名为皇后坊大厦。', '\n从外表上看，皇后坊大厦为帕拉第奥式建筑，窗户为木百叶窗，屋顶为沥青的粘土瓦，非常具有殖民地时期的古典美，因而吸引了无数移民者的到来。在大厦的内部会看到庄严的房间，高高的天花板，堂皇的圆柱和精致的雕塑及飞檐。1905年新加坡的旅行指南曾经这样评价皇后坊大厦：除了印度的城市外，从大海上空望去，在东方也许没有其他的比皇后坊大厦更加漂亮的建筑了。从这么高的评价可以看出，皇后坊大厦的魅力确实非比寻常，有机会的话，一定要去亲自观赏一下它的魅力之所在。\n                    ']","1 Empress Place Empress Place Building, Singapore 179555, Singapore","",""
"270","樟宜海滩","Changi Beach","","","","","Near Changi Village, Singapore, Singapore","",""
"271","Nyee Phoe Flower Garden","","['每天 上午 9 点到下午 5 点']","","http://nyeephoe.com/","['\n                        Nyee Phoe花园（Nyee Phoe Flower Garden），创立于1911年的最初是一个家族企业，随着不断的发展，现已成为东南亚地区景观设计行业的重要一员。您可在此挑选心仪的植物、水景造型以及假山奇石，在自己的家里创造出另一片清新美丽的小花园。这里不仅历久常新的人造花卉，而且还有娇艳欲滴的天然真花，您可以任意购置。\n                    ']","240 Neo Tiew Crescent, Singapore 718898, Singapore","",""
"272","The Ritz-Carlton Spa","","","","http://www.ritzcarlton.com/en/hotels/singapore/spa","","7 Raffles Avenue, Singapore 039799, Singapore","",""
"273","坤成路","","['全天 (1月1日-12月31日 周一-周日)', '\n']","","","","14 Koon Seng Road, Singapore 426964","",""
"274","欧亚文化遗产中心","Eurasian Heritage Centre","['星期二至星期日:上午 9:00到傍晚 6:00']","","https://www.eurasians.org.sg/eurasians-in-singapore/eurasian-heritage-centre/","['\n                        欧亚文化遗产中心坐落于加东 （Katong） 地区，全面展示了欧亚文化的动人魅力。社区定期在这里开展聚会与特别活动。\n                    ']","139 Ceylon Road Eurasian Community House | Eurasian Community House, Singapore 429744, Singapore","",""
"275","新加坡圣经公会","The Bible Society Of Singapore","","","http://bible.org.sg","","7 Armenian St Bible House Singapore","",""
"276","Fort Canning Lighthouse","","","","","","Fort Canning Park, Singapore 179037, Singapore","",""
"277","Changi City Point","","","","","","5 Changi Business Park Central 1 Changi City Point,Singapore 486038, ,Singapore","",""
"278","纽顿生命堂","Newton Life Church","","","","['\n                        1883 年,本堂创立,称为""竹脚堂""', '\n竹脚生命堂创育四学校.1937年买下左邻浮脚楼,为育四学校充课室.', '\n竹脚生命堂创立""生命幼稚园""', '\n竹脚堂同武吉智马,后港二堂联合成立""声竹堂""', '\n竹脚生命堂买下20 Newton Rd 及 200 Keng Lee Rd,出售左邻育四校地,以20 Newton Rd 为育四建校.', '\n竹脚生命堂长执会议决重建新堂,1975年奠基, 1977年新堂落成.', '\n声竹堂买下现今堂址地,1929新堂落成.', '\n竹脚生命堂创立英语崇拜,1955年扩展为""竹脚"",""纽顿""及""英语崇拜""三个生命堂.1956年在樟宜设""樟宜布道所"".', '\n新加坡生命堂祟拜人数由501增至875.', '\n声竹堂自立, 称""竹脚堂"", 1929年改称""竹脚生命""(Say Mia Tng Teck Khah).1975年改称""新加坡生命堂"".', '\n生命堂英语崇拜在Gilstead Rd 购地建堂,1960年落成, 称""新加坡笃信圣经长老会生命堂"". 育四学校在20 Newton Rd 新校舍落成.', '\n近期动向', '\n六届差传年会,支持的事工集中于植堂.包括泰北生命堂,Batam生命堂,Pekan Baru 生命堂, Bukit Indah 生命堂(第二通道),居銮生命堂及缅甸与中国的培训事工.', '\n\t', '\n', '\n成立社会关怀部后注册成立""生命关怀之家""\n                    ']","200 Keng Lee Road, 新加坡 308410","",""
"279","夏氏牧羊场","Hay Dairies","['每天上午 9 ：00到下午 4 ：00']","","http://www.yoursingapore.com/content/traveller/en/browse/see-and-do/nature-and-wildlife/farms/hay-diaries.html?TAHotelCode=158","['\n                        夏氏牧羊场（Hay Dairies）拥有 40 多年的历史。农场最初用于喂养猪、鸡等，后来转型为牧羊场。如今，牧羊场已是新加坡养殖业的一大标杆。成型于 1988 年的牧羊场现今饲养了约一千只混合品种的山羊，其中绝大部分为美国明尼苏达地区的高山山羊（Alpine goat）。', '\n牧羊场将山羊全部与地面隔离喂养，可有效防止羊群感染疾病和寄生虫。每日挤奶时间为早上 9 点到 11 点，因而上午是参观牧羊场、观看挤奶的最佳时段。\n                    ']","3 Lim Chu Kang Lane 4, Singapore 718859, Singapore","",""
"280","Changi Airport Terminal 3","","['00:00-23:59 (1月1日-12月31日 周日-周六)', '\n']","","","","65 Airport Boulevard Changi Airport Terminal 3,Changi 819663, ,Singapore","",""
"281","伊丽沙白大道","Queen Elizabeth Walk","","","","['\n                        伊丽沙白女皇大道地点在金融商业区的海滨公园一带，这里有很多吸引游客的地标就在附近。比如，新加坡的鱼尾狮，歌剧院，摩天轮，浮尔顿酒店，新加坡河，各个参天的大楼。\n                    ']","Queen Elizabeth Walk, Singapore","",""
"282","Artmosaic Gallery","","['星期一至星期五 上午 11 点至下午 5 点 ', '\n星期六 下午 2 点至下午 4 点']","","http://www.artmosaicgallery.com","['\n                        Artmosaic Gallery通过推广和展示先驱画家和新兴画家的作品，向世界各地的收藏者展示了印度艺术所蕴含的才华和原创性，及其广泛吸引力。\n                    ']","MICA Building 140 Hill Street #01-02 Singapore","",""
"283","Library @ Orchard","","","","http://www.nlb.gov.sg/VisitUs/BranchDetails/tabid/140/bid/337/Default.aspx?branch=library%40orchard","","277 Orchard Road Orchard Gateway, Singapore 238858, Singapore","",""
"284","新加坡虎牌啤酒厂之旅","Tiger Brewery Tour","['周一至周六 13:00-18:30，最后入场时间为17:00']","","http://www.tigerbrewerytour.com.sg","['\n                        走进虎牌啤酒的家，看看他们是如何仅仅用四种高质量的原料就可以酿造标志性的新加坡啤酒！虎牌啤酒厂之旅将会带您领略每一步酿造过程，从研磨麦芽到装瓶。您将有机会品尝“麦汁”——还未发酵产生酒精的啤酒。而且为了摆脱他的余味，您恐怕需要喝下一品脱的美味扎啤，和不少直击味蕾的最新鲜啤酒。整趟旅程将在啤酒评鉴欣赏会上花费1小时45分钟，在啤酒欣赏会上，您可以免费品尝新加坡当地的原酿啤酒！\n                    ']","459 Jln Ahmad Ibrahim, 639934,Singapore","",""
"285","Gajah 画廊","Gajah Gallery","['11:00-19:00 (1月1日-12月31日 周一-周五)12:00-18:00 (1月1日-12月31日 周六-周日)', '\n']","","http://www.gajahgallery.com/gallery.php","['\n                        Gajah 画廊建于 1996 年，馆内珍藏了印尼、越南、印度和新加坡的大量艺术品，深深地探究了多样性的亚洲社会文化特点。这里既有杰出艺术家的作品，也有渐露头角的青年才俊的作品。\n                    ']","39 Keppel Road Tanjong Pagar Distripark | #03-04, Tanjong Pagar Distripar, Singapore 089065, Singapore","",""
"286","新加坡碉堡博物馆","Battlebox","","","http://www.battlebox.com.sg","","2 Cox Terrace | Fort Canning Park, Singapore 179622, Singapore","",""
"287","韩都岛","Pulau Hantu","['每日 24 小时开放']","","http://www.sentosa.com.sg/en/nature/southern-islands/sisters-islands-pulau-hantu/","['\n                        韩都岛（Pulau Hantu）是一座风景如画的小岛，坐落于新加坡南部外海之上。这里拥有美丽的泻湖、宁静的海滩与清澈的海水，是垂钓、游泳及潜水爱好者的热门聚集之地。岛屿有着丰富的海洋生物和珊瑚群。如果您身手敏捷，也许还可以捕捉到美丽的小丑鱼、天使鱼等鲜艳热带鱼的踪影。\n                    ']","Pulua Hantu Island Singapore","",""
"288","克兰芝乡村","Kranji Countryside","['每日 24 小时开放']","","http://www.yoursingapore.com/content/traveller/en/browse/see-and-do/nature-and-wildlife/parks-and-gardens/kranji-countryside.html?TAHotelCode=139","['\n                        在克兰芝乡村（Kranji Countryside）旅行，您可以在此享受新加坡鲜为人知的农家生活，漫步于各式各样的农场之中，尽情探访精彩纷呈的农家活动！农场出产鸡蛋、牛奶和水果等，也有饲养着鱼、狗、羊以及其它动物的农场。', '\n此外，农业娱乐中心还在新加坡都市带来新奇多样的教育娱乐性活动。', '\n在克兰芝乡村偷得半日快乐而难忘的田园时光，领略新加坡别有情趣的田园生活。在游览之余，您还可以直接从农场购买和品尝众多新鲜可口的农产品。\n                    ']","Kranji Singapore","",""
"289","文化博物馆","","","","http://sbg.org.sg","","1 Cluny Rd, Singapore 259569","",""
"290","Ngee Ann City","","['10:00-21:30 (1月1日-12月31日 周日-周六)', '\n']","","","","391 Orchard Road Ngee Ann City,Singapore 238872, ,Singapore","",""
"291","Woodlands","","","","","","30 Woodlands Avenue 2 Woodlands Mrt Station 2,Singapore 738343, ,Singapore","",""
"292","新春妆艺大游行","Chingay Parade","","","","","1 Republic Boulevard The Pit Building,The Pit Building,Singapore 038975, ,Singapore","",""
"293","亚洲古代工艺美术馆","","['星期一至星期六 上午11点到下午6点']","","","['\n                        亚洲古代工艺美术馆在乌节路 (Orchard Road) 的熙熙攘攘的时尚地带——东陵坊，亚洲古代工艺美术馆与另外几家古董店坐落于此，这里是如餐桌、椅子、书桌和柜子等实用古董藏品的小天地。\n                    ']","Tanglin Shopping Centre 19 Tanglin Road #03-28 Singapore","",""
"294","政府组屋展廊","","['周一至周五上午 8:30 至下午 5:00', '\n周六：上午 8:30 至晚上 12:30', '\n周日与公共假日闭']","","http://www.hdb.gov.sg/hdbgallery","['\n                        政府组屋展廊，见证 20 世纪上半叶的棚屋区如何转变成如今的活力城市。展开新加坡公共组屋的故事，让自己融入声、光和触觉的感官体验之中。\n                    ']","480, Toa Payoh Lorong 6 Singapore","",""
"295","雕塑广场","Sculpture Square","['周一至周五 上午 11:00 至晚上 7:00']","","http://www.sculpturesq.com.sg","['\n                        雕塑广场 (Sculpture Square)有着悠久的历史，最初是在1870年由Charles Phillips建立的基督教机构，当时被称为Middle Roach教堂。如今的雕塑广场 是展出大型雕塑和3D作品的理想场所。\n                    ']","155 Middle Road Singapore","",""
"296","Sunflower Garden","","['全天 (1月1日-12月31日 周一-周日)', '\n']","","http://changiairport.com","","60 Airport Boulevard Singapore 819643 (Changi Airport Terminal 2 Transit","",""
"297","纯粹艺术画廊","","['星期一至星期六 上午 11 点半至晚上 8 点', '\n', '\n星期日 中午 12 点下午 5 点半']","","http://www.utterlyart.com","['\n                        纯粹艺术画廊是人们欣赏与领略众多杰出艺术作品的理想之地，每个角落对于身为艺术爱好者的您都可能是一个极大的惊喜。\n                    ']","229A South Bridge Road 2nd Level Singapore","",""
"298","画廊","Artfolio","['星期一至星期六 上午11点至晚上7点', '\n星期天 中午12点至5点 ', '\n公共假期仅限预约']","","http://www.artfolio.com.sg","['\n                        Artfolio 画廊是成立于1990年的一家视觉艺术画廊，除了销售艺术作品和举办艺术展览，画廊还可以协助企业在经营环境中融入艺术元素的要求。如果需要灵感，不妨来这里观赏。\n                    ']","Raffles Hotel Arcade 328 North Bridge Road #02-25 Singapore","",""
"299","好藏之美术馆","Art Retreat","['星期二至星期六 上午 11 点至下午 6 点', '\n星期六、星期日和节假日不开放']","NULL","http://www.yoursingapore.com/content/traveller/en/browse/see-and-do/arts-and-entertainment/art/art-retreat.html?TAHotelCode=21","['\n                        好藏之美术馆成立于2003年，是新加坡首个收藏亚洲和欧洲现代艺术作品的私人艺术场馆。现在收藏着来自澳洲、中国以及东南亚的艺术品大约1500件。\n                    ']","10 Ubi Crescent Ubi Techpark Lobby C # 01 45 47, Singapore 408564, Singapore","NULL","NULL"
