新加坡被誉为“花园城市”果然名副其实，这次旅行深有体会，而对滨海湾花园尤为印象深刻。地理位置离金沙酒店很近，也可从bayfront站出来根据标示很容易找到。整个花园很大，远远就能看到宛若阿凡达世界里的supertree，到了晚上，这些“参天大树”会亮起映衬夜色的灯光，并且在指定时间开始震撼的音乐灯光秀。另外，我们去了两个室内冷气玻璃花园，分别叫cloud forest 和flower dome，室内冷气十足，一边感受着阳光透过玻璃落下来，一边吹着强冷气，很特别的体验。cloud forest主要亮点是从人造山和植物间倾泻而下的巨大瀑布，据说是世界最高的室内瀑布，很有气势。室内两条空中走廊，可以近距离观赏瀑布和拍照。flower dome 是以热带花卉和植物为主，其中不乏可爱的元素点缀，适合拍照。在supertree周围有一条空中走廊，需要另买票，分批放行游客乘电梯上去体验。走上去能感觉到轻微晃动，但视野很棒，能看到摩天轮和金沙。到了晚上，大量游客会选择supertree周围的空地上坐下等待灯光秀，第一场是七点四十五开始。灯光和音乐相互衬托制造了一场非常浪漫的show，好像到了童话世界。,,,,,
滨海湾这个地方是来新加坡怎么都绕不开的地方了，不论是去景点打卡，金沙购物吃饭还是乘车经过都看到那些经常出现在风景照片里巨大的钢铁树，没错就是滨海湾花园的标志了，当然这些摩天树区域是免费开放的，真正售票的是那两大温室，个人更喜欢那个有瀑布的，里面的植物更漂亮状态更好，也更有特色，另外那个平面温室感觉一般，虽然也还不错，但是并没惊艳感觉，温室里面的温度很宜人，对比外面三四十度的高温，简直太舒服了，值得多花些时间,,,,,
滨海湾花园内有两个植物温室，以钢铁和玻璃为主要结构，最大程度上优化了观景视野，并加强了陆地和海洋之间的连系。这两个节能的建筑使用了最新的可持续性建筑技术，配备水流收集和过滤系统。温室内培育有22.6万个植物，来自全球各个大洲(南极洲除外)，温室穹顶是建筑、环境和园艺文化三者的结合。,,,,,
海湾花园是新加坡的最新地标，也是城市花园和节能设计的典型代表。前一天晚上，住在金沙酒店，欣赏了花园美轮美奂的夜景，第二天上午，就来到了花园里头。据说，逾25万棵珍稀植物，特别是18棵超级大的树，小朋友叫他“树屋”，站在树顶可以鸟瞰整个花园景色。,,,,,
这个公园平时是不要门票的，但12月12号到圣诞节期间的晚上，由于有圣诞夜市所以需要单独购买门票。说是夜市，也就几个摊位买小吃的，主要还是来看这个灯光秀吧，每天晚上两场亮灯仪式，第一场7：45分，还是挺值得看的。热带人民对雪的期盼只能用肥皂泡泡来满足了,,,,,
滨海湾花园是新加坡市中心的超级花园，是新加坡最新的地标。园区共分成三个部分： 滨海南花园、滨海东花园，以及衔接二者的滨海中花园。游客可在花园中巨大的半球形温室里观赏到超过25万棵奇花异草，和全球最大的室内瀑布。,,,,,
新加坡滨海湾花园是新加坡的新地标，这里位于金沙大酒店的后方，有着十几棵高大的人造大树。另外还有三个拱形的温室 你连种植着来自寒带热带等各个地区的植物，甚至还有一处有着一个人造瀑布，非常的壮观，绝对是来新加坡旅游必来的地方，千万不要错过。,,,,,
已抵达花园就可以看到赚饱眼球的天空步道 来的时候可以先去登记登塔的时间 游客都很多 先安排好行程接下来也比较轻松 旁边的两个大贝壳 一个是热带雨林 另一边是花园 两个巨大温室里面的冷气都非常强劲 可以让你扫去室外的黏腻感 但旅客人数很多,,,,,
新加坡美丽的滨海花园是著名的网红打卡地之一，在这里植被茂盛，繁花似锦，无处不充满着浓郁的东南亚风情。而SuperTree by IndoChine餐吧就位于滨海花园中最大的天空之树顶层，在这个不大的露天餐吧里，可以把新加坡的城市风景尽收眼底。一边是金沙酒店在城市skyline的衬托下高耸入云，一边是花园景观连着海岸线郁郁葱葱，可谓是拥有绝佳的地理位置。不仅如此，这里也提供许多东南亚菜系的美食，有新加坡、马来西亚，泰国和越南等地的融合菜，让你一边欣赏美景，一边品尝东南亚美食，体验觉对棒棒的！光临了2次IndoChine都是在夜晚，如果不想吃正餐，顶楼有一个小型的吧台，20新币的入门券，包含一杯酒水饮料，在露天的树顶喝着小酒，吹着海风，欣赏着新加坡的无敌夜景，也是美不胜收。,,,,,
这个去的真的很值，一定要买空中走廊！两个馆感觉很一般，其中有个馆都是多肉。。而且都是普货，我家阳台的品种都比他们丰富。。好在还有可爱的迪士尼娃娃拯救了，拍照留念一下。另一个馆感觉没有想象中的震撼，不过拍照还是不错的，也是感觉一般般。室内馆没有想象中的那么冷，每个人的体感温度不一样，当天中午去的，我穿着防晒衣感觉要热死了。一开始到了超级树那边真的超级失望，和网图不一样啊？？？十脸懵逼，大下午的的也不能去中央走廊上晒太阳吧，于是跟麻麻吃了个附近的麦当劳正好有圣诞节园内还有很多那种玩游戏得娃娃的那种小摊（感觉在中国都不常见了。。）竟然有很多在玩的外国人。。还有造雪的机器，好多人玩的不亦乐乎，身为一个刚从冬天逃过来的北方人觉得自己好幸运。。可以见到真的雪。。。于是这么多废话中终于等到了傍晚，跟妈妈一起去空中走廊看落日，真的超美，还看了表演，（照片拍不出来，实景真的太美啦）这波不亏,,,,,
平安夜去滨海湾花园庆祝，意外发现一排鸡蛋，原来他们大有来头，晚上很美的灯光秀，用手触碰，鸡蛋还会变色，这个装修会一直延续到明年3月15日。有空去看看哦，免费的，从港湾站地铁站出来走不远即到。,,,,,
滨海湾花园，非常多的植物，很多游客来参观。有惊天大树，特别高大，装饰了很多灯饰，特别是晚上，每晚的19：40有音乐表演，跟着音乐的节奏，五颜六色的灯光非常震撼，美极了。,,,,,
新加坡旧称“星洲”或“星岛”，别称“獅城”，它的獅身鱼尾像就是它的象征：一个岛国以航运为主业，就象大海里的鱼儿一样来去自如，亚洲四小龙之一的经济就象狮子一个威武。新加坡滨海花园的夜景也是十分漂亮。,,,,,
"滨海湾花园分为两部分,都是玻璃屋罩着,里面非常凉爽.逛雨林的时间要多于花穹;除了很多植物,还有具有教育意义的科普讲解,是一个大人小孩都适合的景点.晚上的时候,在花园外面,还有精彩的灯光秀.",,,,,
一直不知道他的首都就叫新加坡，一个城市国家，整个国家就只有新加坡这一座城市，所以新加坡既是一个国家，也是首都。新加坡是一个城邦国家，故无省市之分，奇特的好地方。,,,,,
新加坡真的不大哦，滨海湾公园是到新加坡必打卡的点，入住酒店后，傍晚和晚上到这里逛逛，感觉真好啊！灯光开启的刹那间，实在是太美啦！[色] 住在这个酒店的好处是可以俯视整个公园的全景啦[得意]所以贵点也值，哈哈！,,,,,
天气热却想观光的好去处，2个温室内以温带呈现，植物种类多，十分凉爽，有高桥可走和室内瀑布，购票时要一起买，房客或搭MRT来金沙都穿过金沙酒店天桥走路3分钟，如无小孩和老人建议可跳过付费接驳车走路约10-15分到温室。园区里有熟食中心。,,,,,
这里的花很漂亮，品种也很多。四周环境及布置都十分有趣。晚上的表演好看，与不同游客一起躺着或坐下，感觉很大同，很和谐，很美妙。大家可由左面入口进入，较方便行毕全馆。花园日夜的景色各有不同，大家宜预留足够的时间游花园。,,,,,
不管是从正门走进来还是从金沙饭店走天桥过来， 其实都有一段距离， 接驳车的资讯在官网上也没有写得非常清楚，， 我们去的时候因为很晚所以连接驳车也没有， 还好是晚上，不然白天大太阳应该会走得很辛苦。 可能很欣赏的兴致都没有了。,,,,,
滨海湾花园的的钢筋树应该算新加坡的新地标吧，连摘金奇缘里面都反复出现，夜晚灯光秀开始前有很多人在户外的餐厅和酒吧甚至草坪上聚集，虽然很干净不过还是太热了吧,,,,,
时间不够 没法专门去参观新加坡滨海湾花园 ，但是住在金沙的海景房，阳台上可以看到花园，夜里登上空中花园，俯瞰花园夜景，简直奇幻,,,,,
原来在什么地方有人这样描写新加坡的卫生状况，实在有些夸张。1988年带着这种意识来到新加坡，不免有些失望。但是，新加坡确实干净，由于面积小，所以便于管理，搞好卫生那还是容易的。绿化是第一流的，由于得天独厚的地理环境，雨水充沛，在加上本来就是“巴掌”块的地方，所以到处绿树成阴，鲜花盛开，整个城市是立体化的绿化，因此就成了花园城市。管理是第一流的，在街上，经常可以看到穿着黄马甲的扫地，这些人就是由于毁坏环境，而被罚打扫卫生的，如果有人随地吐痰，那就更加严重了，一般来说没有人敢。,,,,,
当天逛累了可以重复多次进出两个花园，只要出门时候找工作人员在手臂上敲个章。内部就是满眼的植物，珍稀的单独有个玻璃柜子，看描述都是野外已经灭绝的超稀有存在，特别适合带着小孩一起,,,,,
热带生态的好环境，建议一定要购票进入cloud forest参观，非常值得，整个园区非常大，个人认为非常适合亲子之景点，晚间也有灯光秀，白天夜晚都有不同景致,,,,,
就在金沙酒店的附近～新加坡必打卡景点之一～推荐大家可以上午在金沙里面各种shopping～下午参观滨海湾花园的双馆～晚上再去空中花园看夜景！这样的一天就灰常完美了！,,,,,
新加坡滨海湾花园晚上有两场音乐秀，吃完晚饭早早过来占位啦～有蚊子，注意防蚊～免费～所以挺多人，走的时候一大波人。在新加坡待几天的话可以来～,,,,,
携程网上订了云雾林和花穹两个馆的门票，在售票处很方便就兑换到了纸质票。一张门票117元，超值啊！真是进入了花的仙境，各种奇花异草，目不暇接，大大超出游览前的心理预期。馆内温度较低，可以多穿些衣服。凉爽湿润的空气，好解乏呀！,,,,,
新加坡新晋的知名景点、是一个可以早中晚任意时间都来欣赏的景点，非常特别也非常漂亮。滨海湾花园位于金沙酒店后方，从滨海金沙酒店四楼有廊桥链接滨海湾花园，滨海湾花园的门票有分很多种，包括穹顶、花园和天空步道的，一般可选前2或3个都选。穹顶和花园都是室内的，有最大的室内瀑布、观景花艺和林艺，适当的室内温度不会让游客众多的情况下闷热，真的很人性化，也很漂亮。天空步道是连接了好多天空树得布道，可以选择参观时间场次，每场15分钟，可以在天空树的顶端漫步欣赏景色，也可以仰头看金沙，很赞！,,,,,
因为个人原因，虽然不是很喜欢新加坡这座城市，但是不得不说这确实是一座很干净很整洁，并且很有秩序的的城市。Gardens by the Bay有两座大建筑和超级树组成。由于时间关系只去了植物园，在全空调环境下看成千上万的植物也是一种神奇的感受！主要是全透明的玻璃，看到外面的景色太美了！看着这么特别的花园心里有点柠檬！很希望国内也有这么特别的地方，国内真的可以学习一下，把细节都做好！我们有这个实力的！一定能超过新加坡！,,,,,
滨海花园还是挺美的，值得去看看，从地铁海湾站出来大约有10分钟，携程上买的票出票很快，需要换票，换票地点不是是在花园正门售票处，而是要走10分钟到里花穹的售票处换实体票。新加坡很热，能在室内有空调舒舒服服看下花还是不错的！,,,,,
个人觉得云雾林比花穹好 花穹里都是花有些都是常见的 ，云雾林有瀑布很凉快 还可以走上去 但是都不大 ，因为下雨晚上外面灯光秀就远处看看 也没想象的好很一般,,,,,
滨海湾花园是滨海湾项目的组成部分之一，是新加坡打造“花园中的城市”目标的显著标志，这个地区独立运作，有南花园、东花园、中华园多个部分组成，整体不大，毕竟新加坡就很小。灯光秀很好，建议四五点先到花园的冷室看看植物，看到夜幕降临，就可以去找个好角度看灯光了。,,,,,
新加坡是没有什么自然景观的国家，大多是人造景观，滨海湾花园中著名的空中走廊也是人靠景观之一，如果想上走廊走走，可以去买票或在网上买票，我们的安排是下午上空中走廊去，从高处看风景。晚上就在下面的草地上，等待看晚上的灯光音乐秀。还是值得一看的。就是看完后要回酒店，排队等出租车，等了1个多小时。,,,,,
新加坡滨海湾花园打造出令人摒息的美景。正中央巨型擎天大树巍然耸立，夜晚点灯后更为滨海湾花园添增了不少色彩。两座花穹和雾林植物冷室，分别模拟不同气候。在这里可以观赏到超过百万棵奇花异草，和世界最大的室内瀑布。,,,,,
今天看了三个展，逛了两个室内巨型冷室花园。花园里有2219未来展，本以为是各种酷炫高科技，原来是特别丧的环保展，2219年因为温室效应海平面上升海水升温，控制地球的生物已经不是人类而是水母，人类住在地下，淡水缺乏，需要自己用太阳能灯养植物，因为没有了树木，所以就堆些绿色玻璃瓶怀念过往的绿色丛林。,,,,,
白天到滨河湾花园玩，推荐来这个花穹里面看看，主要是凉爽，哈哈，我去的时候赶上荷兰郁金香花主题展，挺有意思的，分为两层，主要展览都在一层，二层是局部，展现不同地方的花的特色和人文主义，对于常驻在北方的人们，看看挺有感触的！,,,,,
超级树的灯光秀太美了，音乐好多都是中国的，我们躺在树下看的，很美妙的体验。我们去的那天空中走廊检修不开，没上去，比较遗憾。云雾林和花穹里面太冷了，但是植物超级漂亮，很多国内没有见过的植物，真是长见识了。恰逢中秋前夕，公园里扎了彩灯，还放音乐。,,,,,
"带你进入花穹及冷雾林冷室，被誉为新加坡必看美景的18棵擎天树，以及璀璨华丽灯光秀! 全球领先旅游体验预订平台。无需排队 扫码即入场。优惠价格保证。中英文客服支援。积分可折抵现金。极速预订 即买即用。类型: 景点门票, 导赏团, 美食券, 交通票, 上网卡。",,,,,
新加坡金沙滨海空中花园一探超级擎天树与夜晚璀璨灯光秀 | 带你进入花穹及冷雾林冷室，被誉为新加坡必看美景的18棵擎天树，以及璀璨华丽灯光秀!,,,,,
新加坡印象最深刻的地儿之一…建议票子可以点评购买最划算，实在不行当场买也比淘宝便宜呢…门票含双馆，花穹和云雾林，花穹馆是个很大的室内植物园，里面有各种花卉，可以集齐彩虹七色了，有些名贵的花花是会放在玻璃房里的，大家可以拍照，但是不要用手去触碰哦。这个地方还蛮适合练习摄影的，随便拍都是好构图，如果找到一面植物墙，那简直可以拍写真啦…另一个馆是云雾林，进去就有很高的瀑布，然后就是空中走廊，下面有部分是透明的，小伙伴有点腿软，我倒是觉得很好玩…温馨提示：1、馆内气温较低，建议带个外套。2、晚上的灯光秀必看！！！谁看谁知道有多好看，每天晚上7:45和8:45各有一场，不用提前很早到，广场任意找个地方躺下，接下来就是静静欣赏即可，灯光秀是免费的，时长一刻钟吧…3、建议下午五点多去，这样两个馆兜好差不多七点半左右就可以看灯光秀咯。,,,,,
滨海湾花园，新加坡地标之一，由于离酒店比较近，就步行，其实从金沙走过去也要20分钟。去的早人比较少，不过正好碰到小学生上户外教学科。滨海湾花园分为2个馆，Flower Dome、Cloud Forest；先去得云雾林，去得早的好处就是人少，但是里面冷气十足，请穿长裤带好外套；分好几层可以坐电梯至最高层，一路往下；花穹馆犹如置身在花园中；各种花朵绽放，色彩缤纷。参观完后本想走一下空中走廊，但天空不作美下雨了，只好晚上再来，真好看灯光秀，晚上人比较多，电梯一般也就7个人放行。总体来说还是值得一看。,,,,,
这里室外花园是免费的，“花穹”和“云雾林”两个区域是收费的室内区域。里面比较冷，建议去的时候带一件长袖的衣服。“花穹”里种植着来自全球各地的多种植物以及珍稀植物。超多的仙人掌、仙人球和软萌的多肉植物。在植物丛中还有很多精美雕像，龙啊，马啊，羊啊等等。还有一片充满童话色彩的郁金香花园，各类各色的郁金香争奇斗艳，美不胜收。“云雾林”一进门就看到这35米高人造瀑布，很是壮观。之后坐个电梯上去，在一个像是顶楼花园的地方，这里有兰花、猪笼草、无种子的蕨类植物等。之后漫步“云中步道”，对于恐高的我来说有点吓人。不过景色还是很不错的。,,,,,
夜景很美，我们买了可以参观2个room的票，20多新币一个人。第一个就是一个室内花园，对于我这种带小孩来逛逛的并且不懂植物的，表示一般般。第二个就是有瀑布的这个感觉还可以。也算是到新加坡必须打卡的地方了,,,,,
滨海湾花园毗邻著名的金沙酒店，这里有植物温室——花穹和云雾林冷室，还有数颗超级树组成的森林，充满了科技感，同时又与环境合二为一。花穹里是各种温室植物，有各种多肉和各种叫不出名字的花卉，还有几颗猴面包树，植物名牌全是英文。。看不懂。冷室模拟了高山不同气候，一座巨型瀑布贯穿了上下七层，推荐游览方式是坐直梯上到顶层，然后沿着高空长廊一层一层观赏。超级树，钢铁的枝丫向天空延伸，树干上缠满了藤蔓，充满科幻感，仿佛到了潘多拉的星球，超级树内部顶上有个餐厅，可以在里面用餐，来超级树一定要上去走一走空中走廊，粗粗的钢索在树中间架起的空中长廊，有风吹过的时候会微微晃动，很有意思，而且景色也很美哦，不过黄昏时为了安全空中走廊会关闭，所以要尽早去。,,,,,
【景色】太值得去的地方了 非常美 我们没有把户外部分看完 单纯玻璃屋内的就游览很久 晚上看了两次灯光秀 结束后院子里没有人了还是很恐怖的,,,,,
从金沙酒店乘搭电梯，经过天桥便到达滨海湾花园。若晚上参观这里，一定不能错过晚上只有两场的灯光秀！擎天树的灯光十分美丽，随着音乐闪烁，使人惊叹万分。,,,,,
最喜欢的地方白天跟晚上看的感觉很不一样，两种风格都很喜欢。夜晚的灯光秀也是来新加坡必看的，很壮观很美！看几次都不会腻，值得前来游玩。,,,,,
滨海湾花园晚上的灯光秀是免费看的，所以预了一定多人。灯光秀配合灯光及音乐，把树弄得非常好看，不过一完了灯光秀，这片园区就没有什么特别好看了。,,,,,
随性的新加坡之行，本没有把这个&quot;俗套的热门景点&quot;列入其中，然而在出租车司机的力荐下，最后一天选择去了这里。携程上直接买的优惠票，特别方便，当天早晨买了，当天用，扫电子码即可入园。1. 带厚衣服厚衣服，非常的冷啊，感觉20度左右，因为植物需要，所以人比较冷！2. 被空中植物园美呆！竟然可以一层层上去欣赏的，设计感很赞！3. 花卉植物园也非常的专业，各种多肉和常见，珍稀花卉，绿植，大开眼界，有很大的郁金香园，非常适合拍照。4. 带孩子是很好的学习体验机会哦！不要错过，大人花友也受益良多。在此感受到新加坡的精致，文化之美。不错！,,,,,
带着6岁的娃，一路停停走走，拍拍照赏赏花。很多热带的植物宝宝之前都没见过很新奇的样子。需要注意的是馆内的冷气特别足，一定要带一件薄外套~,,,,,
超级大的室内花园厉害的新加坡，在室内培育了许多种类的植物，且冷气随着侦测改变，在各个地方的植物，几乎都能在这个花园里面看到,,,,,
这里是新加坡最具标志性的地方，这里有喷水狮子的雕塑，是狮城的象征，也是来新加坡必须打卡的地方，新加坡虽然不大，但是管理很好，很精致。,,,,,
新加坡滨海湾花园，真的超级大，最外面一圈是免费的，可以慢跑散步，靠着江。里面的空中走廊和室内花圃是收费的，但是也值得票价，非常惊艳。,,,,,
新加坡滨海花园坐落于金沙酒店隔壁。这里除了可以观赏阿凡达电影中描绘的树木，还可以付费参观温室植物和瀑布。另外，这里还有一个花钟哦！,,,,,
这夏夜，迷之有色，幻之有梦，坐在这super tree下面，就像拥有超级魔力那样，甘之沉醉其中，生出岁月静好的感觉~~~,,,,,
下一站波兰｜女孩子的三十而立，是把风景都看透我是Nicole，一个非典型女程序员。她是yoyo，一个擅长kpop dance的金融工程硕士。18岁一起拿奖学金出国留学23岁找到人生第一份体面的工作26岁跟男朋友一起存钱付下第一套房子的首付28岁自己花钱、设计并办了梦想中的婚礼30岁，等待我们的是什么呢？生活变得平淡，事业不温不火，我们的三十岁，也同样有着焦虑和危机。    三十岁的自己，好像跟曾经幻想的不太一样。作为理科生，我也有想当科学家‍的时候，那时候同学录里偶像一栏写的是居里夫人，而yoyo说小时候在家辛苦弹肖邦练习曲的时候，一直以为自己长大会成为艺术家，大概就是第二个重庆李云迪吧。谁不是来自山川湖海，却囿于昼夜、厨房与爱。人生的不确定性，总让计划和现实出现偏差，我们不得不向生活妥协。但是只要初心不妥协，偏差也会是美好。就像涅槃重生的波兰一样，在妥协和不妥协中重新找回最初的模样，然后一路向前。     作为第一个允许中国公民使用电子方式申请签证的申根国家，波兰有讲不完的悲壮历史。几百年的被征服与反抗的日子里，波兰人有无数妥协和溃败，百多年的消亡史却没有埋藏波兰人的民族气节，哪怕华沙85%的建筑在二战中被毁，波兰人也毫不妥协的重新建立起战前的华沙老城模样，如今已是世界文化遗产之一。想去波兰，想让三十而立的人生从波兰拉开美好的第一站，让我们的生活除了眼前的苟且还有远方的诗。想去波兰，因为那里是儿时偶像的故乡。去居里夫人博物馆参观，去哥白尼纪念碑仰望，再沿着肖邦之路前行.......好像这样，就可以离童年的妄想近一些。想去波兰，去缅怀二战沉重的历史。犹记得中学时候全班一起看《辛德勒名单》，每个人哭的稀里哗啦，在多走十几年人生路后亲临辛德勒工厂和奥斯维辛，那份沉重应该会有不同分量。想去波兰，在一家地道波兰饭馆尝尝正宗波兰饺子pierogi想去波兰，去扎科帕内探索冰雪世界，去格但斯克参加莎士比亚戏剧节，去波兹南看可爱的彩色房子，去索波特体验超实惠的海边别墅......如果有幸成为旅游大使，那我们就用我们的故事激励大家在人生的妥协与不妥协中保持初心。三十岁，抛开焦虑和危机，让我们带着初心重新上路，再把风景都看透。,,,,,
跨年的新加坡旅行，终于打卡了如梦似幻的滨海湾花园Gardens by the bay，还巧遇了最后的圣诞活动[挤眼]傍晚前进入这座花园，漫步其中，坠入仙境，当太阳落山，夜幕降临，灯光闪烁，绚丽缤纷滨海湾花园主要三部分：云雾林Cloud Forest花穹 Flower Dome华侨银行空中走道 OCBC Skyway前两个建议天亮时进入，日光透过玻璃让花圃树木更加鲜艳明亮；空中走廊在擎天树夜晚灯光秀时漫步，将会沉醉其中灯光秀时间：19:45和20:45，每天两场空中走廊要排队登上，最晚19:30截止排队最近到滨海湾花园将会巧遇风靡世界的teamlab哦～全新沉浸式艺术展【futuretogether】驾临滨海湾花园蜻蜓湖～当夜幕降临，花园美景将和灯光艺术交相辉映，展览一直到3月份，并且花穹也要办“大丽花之梦花卉展”，1月16号开始，不要错过哦～,,,,,
滨海湾花园是新加坡的知名景点，擎天大树林造型很独特，尤其在金沙酒店高层俯视花园，视角非常棒，尤其是夜景，简直是太美了啧啧,,,,,
滨海湾花园是新加坡游必打卡景点。这里是人造景观与植物园的融合。有很多喇叭型朝天人造树，远看近看都不错，但登上去需要购票，不登上就在下面的特色植物园走走，有不同地区的植物。最好傍晚去，在附近转转，等待19:30有音乐灯光秀，站在连廊桥上看很漂亮。,,,,,
这个景点是新加坡必打卡之地，一般是先到别具特色的金沙酒店，然后走一个过街连廊就走到滨海湾花园，远看就是朝天喇叭型人造树，下方是各具地方特色的植物园林，到里面走走是免费，但树要登上去是要买票的。尽量傍晚去，可以看到7:30分亮灯后的灯光秀，伴有音乐，挺美的。,,,,,
小小的新加坡真的是一个很棒的旅游城市，美食美景，小小的五脏俱全。如果，天气可以没那么热，气温稍微温柔一点，那就完美了。四月初的清明节去新加坡，白天的气温都真的不敢出门啊，太阳太猛，气温太高。 滨海湾这附近，吃的不算密集，但是玩儿、逛、买都是很不错的选择，所以选酒店推荐在这周边选择。 滨海湾从早到晚都很漂亮，清早的日出时很漂亮，夜晚的灯光秀也是很迷人的存在。 如果酒店选得好，那酒店房间就可以看到好看的夜景哦，这个时候房价就真正体现出来了啊。,,,,,
新加坡滨海湾花园位于金沙酒店南侧，乘坐地铁至Bayfront站下车步行可达。这里是新加坡市内最大的花园，有大量的热带花卉和植物。大部分是开放式和免费的，有两个冷室单独收费。最有看点的是天空树，集合了科技与环保理念，造型也很有特色，值得一看。,,,,,
绝景，新加坡必游之地，植物园是一个国家文明程度的象征，滨海植物园更是顶级园林技术、艺术和生态理念的完美融合，随手一拍都是壁纸。两个室内馆都很凉快，在新加坡的湿热天气里真的太舒服了。ocbc就是超级大树上的高空步道，据说晚上开灯后不错，但是白天太热，咨询处的工作人员建议先逛两个馆到傍晚看天气决定上不上，结果走两个馆花了4个小时，太累了就没上。,,,,,
去新加坡必去的一个地方哦 推荐大家晚上去看看 真的很好看啊 里面有个瀑布也很雄伟 真的很棒！去年12月份去的时候里面有个很漂亮的圣诞树 真的很美丽哦,,,,,
新加坡给人的第一印象就是一个花园一样的城市。尤其他们树做的造型特别漂亮，当然晚上的时候会更加美，我们在这边玩了好长时间，看了啊，这么多美景还是不够。,,,,,
滨海湾花园很值得去，里面包括云雾林和花穹，有各种热带植物，好多是我和孩子没有见过的，我们拍了好多照片，滨海湾花园给我们留下很深的印象，很值得去。,,,,,
新加坡的滨海湾花园，是排行新加坡必游景点top three，这边我个人建议大家可以晚上过来玩玩，灯光亮了之后，更加是美的让人心动。,,,,,
前两次来都是白天，这次公司考察选了晚上过来看灯光秀，夜跑的人还蛮多的。对面就是金沙购物中心。如果你第一次去建议白天还是去两个场馆玩一下。,,,,,
滨海湾花园美阿，今晚刚在那里跨年，非常漂亮啊，可是人潮也非常多。大大小小，大家都很守纪律，很多工作人员在指挥旅客，大家都配合，不乱。,,,,,
这里的室内瀑布真的非常的壮观，而且整个营造出来的热带雨林的效果也非常的真实，同时也很梦幻，感觉非常的舒服，人挺多，但是不会觉得拥挤。,,,,,
很漂亮的一个花园，其实很少有一个地方可以让我觉得能够把室内也做成一个花园的，这个地方算是一个，真的是非常的漂亮，景观设置也很棒。,,,,,
这个花园非常的漂亮，没想到景观营造的这么好，而且这些景观都非常的精致，有一点像是在电影的画面里一样，虽然是室内的，但是很自然。,,,,,
这是新加坡的标志，非常值得去，尤其两个公园特别值得去看，还有天空之桥，很漂亮。就在金沙酒店后面，位置也是非常棒的，旁边是海边。,,,,,
新加坡的滨海湾花园，离著名的金沙酒店不远，特别的有趣。这里绝对是都市中的一片世外桃源，白天和夜晚各有风情，超级的浪漫，推荐！,,,,,
绝对不能错过的城市花园滨海湾花园入面既超级树真系无比壮观，园区需要附费入场的，我比较推荐植物冷室同超级树，反而flower dome 就比较普通。必去！,,,,,
我觉得滨海花园是属于到新加坡必打卡的地方的，超炫超酷的一个地方的，创意不怕死高科技让人大开眼界的，晚上有灯光会漂亮许多的。,,,,,
确实是花草植物的世界，难得在空调环境下舒舒服服观赏，植物及摄影爱好者的天堂。不过对于普通人来说，就是到此一游，门票相当于310元人民币/人，性价比一般。,,,,,
这个怎么说呢？如果你只是为了去看这些夜晚会亮灯的花树是根本不需要买票的，就是晚上一共有两场，然后按照指示的路线去看就可以了，如果你是想进那些场馆的话两个，然后是需要买票的。都怪我自己当时没有认真看吧，只是看了那个图片，以为是去这些花树这里，然后需要买票结果去了之后发现。去了之后发现看这些会亮的花树是不需要买票的去看就可以了，然后那两个场馆也没有进去，然后我的票其实算是根本就没有任何的用处。免费就可以看这些美丽的花树灯光秀，晚上有两场7:45和8:45。,,,,,
超级精彩 价格在各个网站 基本是最划算的 兑票方便 争取2pm前进去逛 森林云雾那个馆特别漂亮 穹顶花园里也特别凉快 晚上的灯光秀也还可以 躺下看 又能放松走了一天的腿 又能欣赏美景,,,,,
滨海湾花园值得一去，植物种类很多，两个室内观景都不错，建议带一件外套，从室外进入室内还是有点凉的。可以搭乘短驳车，直接送到云雾森林这里，价格3新币/人，体力好的可以自己走走看看。感受最大的是，没有热带雨林那种闷热感，也不用担心有蚊虫，没有潮湿的味道，很是满意。携程定的免取票，进门直接扫码入园，很方便。（建议提前截个图，扫码入园更方便）,,,,,
真是现代感很强的未来花园。很美很前卫。入口金莎酒店内部中间的那个塔，注意这个gardens by the，bay 和金沙的skytower view不一样。 别走错了。花园收费的是cloud forest和花穹，买一张票两厅都能进。其实就是一个大厅。高耸入云。特别好。 之前那些supreme treee都是免费不用买票的。花园很大走起来也得一两个小时。俩花园不大但设计得很合理。也很美。可以在手上印章方便同一天多次进来。不过一次看完就很累了。出来之后按指示回走去滨海湾park也很好。,,,,,
白天就非常好看了，但也强烈推荐去看晚上的音乐灯光秀，是免费的～可以用如梦似幻或者美轮美奂来形容，所有人都是坐下或者躺下的，如果没有中间那几个非得站着遮住大家视线的人，一切就完美了 【景色】【趣味】【性价比】,,,,,
滨海湾花园的冷室分为云雾林和花穹两个，是买套票的，两个冷室就在相邻的位置。相比花穹，云雾林更值得打卡看一下。进门就是刷爆朋友圈的人造室内丛林瀑布，看着无比的壮观富有新鲜感。整个观光结构就是围着这个瀑布的外围一圈和它的上下层。拍照tips：去的巧不巧看运气，可以找到没人的角度拍照，人流会一批批的来了走，想要全景的可以稍微多等一会。另外一定要选白天去！是自然光照的。选择服装可以挑选彩色鲜艳的，严重不推荐绿色和黑色！重点：怕冷的一定要带件薄外套，室内温度很低，待久了体感会非常冷。另外每个月会有一天闭关日，自由行的伙伴要避开这个时间前往，具体可以查看各订票网站。,,,,,
各地植物物种丰富，适合拍照，花穹和云林都值得一去。但务必要注意室内温度，估计低于20度，以新加坡这种天气的穿着进去时间久了，肯定感冒。切记，要进此两馆必须穿厚的外套！另外，夜间的灯光秀只有一个地方是免费可以看到一些东西的，其实对于国内那些大型灯光秀来说也没啥好看的,,,,,
如果想更好地欣赏花园城市新加坡的夜景的话一定要体验一下滨海湾莱佛士道的 飞行者摩天轮英文名叫Singapore Flayer相当于42层楼的高度去俯瞰整个新加坡吧摩天轮每个内舱里都有座位，当然站起来才能看到作家景色啦29.5新元（相当于152RMB左右吧）其实在新加坡的消费水准里算不上很贵了大家记得一定要在晚上乘坐才能看到最佳夜景喔不过要注意开放时间8:30到22:30,,,,,
景区挺大的，到处都是绿色。really noce place to visit. 景区挺大的，到处都是绿色。really noce place to visit.,,,,,
4个小时的飞机到达新加坡后，这个美丽的花园城市1/2天的行程就开始了。[愉快][愉快]这里没有人挤人，没有噪耳的鸣笛声。整个Marina  Bay汇集鱼尾狮公园、金沙酒店、滨海公园、双螺旋桥、摩天轮等已经够逛一天。很羡慕这里的运动健康理念深入人心，半晚很多青年男女人开始沿Marina Bay跑步，为忙碌的一天画上句号。这里让我想起香港的维多利亚港，又想起了上海外滩，还有广州珠江新城。哈哈，不过在Marina square上看夜景灯光秀觉得真的很赞，动画般的灯光秀结束后，广场上的人纷纷发出热烈掌声。[强][强],,,,,
两个馆近邻，其实不是很大单逛起来很舒服，外面很热里面冷气开的很合适。植物馆植物种类也很丰富，可以用微信或者支付宝扫植物了解植物知识。雨林馆的瀑布很震撼，坐电梯上去再走悬空步道下来，一会走出一会走进特别有意思。,,,,,
白天和晚上是两种感受，晚上的灯光秀更炫，分别是7点45和8点45有两场，大家聚集而来躺在草坪上或者围坐在地上一起欣赏，也挺有意思的。但是实话说人造景观和真正的名山大川还是没得比，实话说国内的灯光秀看多了，也不觉得特别震撼了，打卡到此一游就可以了。,,,,,
其实觉得收费的两个景点还好吧，本人不太喜欢花花草草没什么感觉，如果喜欢花花草草的人应该会非常喜欢这里，不过既然来了不看看也会留些遗憾。来到滨海湾花园一定要看灯光秀，非常美，每晚7.45和8.45两场，不看这个会真的留下遗憾，灯光秀不需要门票。,,,,,
【新加坡】 幸福感超强的国度，   热带气候，下飞机就感觉到一股 热潮湿感…  这个国家的土地面积比较小，估计几个小时就可以把整个国家搞定！ 新加坡滨海湾花园  很有艺术气息的 一个 花园，里头什么都有，很适合拍照！特别有意思的 景点就是  带蘑菇感的建筑物！晚上的夜景肯定比白天还要美 … 下沉广场有一家 Coffee厅 ，喜欢里面的陈列！ 突然的一场 大雨 ，只能驻足停留欣赏 热带雨林区的魅力了！,,,,,
除了擎天大树林以外，公园还有不少值得拍照的地方，例如随处可见的装置艺术。擎天大树林值得白天和晚上都来走走，但晚上的灯景比白天更好看，建议先白天来，然后晚上看灯亮时会更惊喜，晚上气候也比较凉爽怡人，尤其晚上躺在座椅上看灯非常舒服。,,,,,
取票的地点没有说清楚，在  ultimate  drive柜台，这个找了一阵才确认是这里，那里有好几个柜台。花园有两个凉室，温度并没有传说的那么冷，空间不是很大。没有想象中的好,,,,,
"这些花园都很大,在“自由观赏区”有很多可看的景色。两间温室(一间种着寒冷干燥地区的植物,另一间种着热带蔬菜)都非常美丽。门票物超所值!人造的35米高的山峰和瀑布也是格外的壮观!还有那些超级“摩天大树”。",,,,,
来新加坡那么多次， 第一次来滨海湾花园。 热带雨林馆内有许多不同植物， 人很多，要上去楼上走步道需要排15-20分钟， 也是网红打卡景点！ 建议下午拜访， 结束后可顺便看灯光秀！,,,,,
园区分为三个部分：滨海南花园，滨海东花园，以及连接二者的滨海中花园。 花园里有一个巨大的半球形温室，里面有超过25万棵奇花异草，和全球最大的室内瀑布。 其中最富盛名的应该超级树supertree. 如果天气好，不那么热真的是游览的好地方哦。,,,,,
不得不说对于来自成都的我来说感觉这个公园真的没很大啊，比我想像的小，花穹和云雾林还不错，里面有不少花卉植物，但是比起以前去过的世博园真的很小啊，而且超级冷，建议一定要穿长裤子长袖，冷气都是从脚下吹出来，冻的不行，我们去的时候还好，上云雾林完全不用排队。超级树也没有想像中那么高大，灯光秀只能说还行，反正没有惊艳到我，我们去的早提前在下面草坪占了位置躺着看，也是一种不错的体验,,,,,
美不胜收，值回票价！两个冷室里面的植物真的是太多太美了，都不知道用什么词形容，，人工瀑布很震撼，但真的是有点冷。金沙空中花园就有点坑人了，排了很久的队上去转了不到五分钟，因为57层上面只有很小一部分可以逛，下楼还得排一个钟的队，相片还得SGD60…,,,,,
清明三天去了一趟新加坡，因为天气太热，根本不想离开空调，也不想出门晒太阳，所以除了趁着早晚天气比较凉快出去觅食之外，基本上没有去任何景点。这儿完全是到了的第一天，太阳还没升起来，所以进去逛了逛，大概也就10几分钟吧，太阳就出来了，温度一下子就高了很多，确实不适合在户外行动。所以转而到了旁边的金沙商场逛去了。 新加坡不愧是花园城市，城里的绿化好，公园也多，这滨海花园就是城中心的知名景点花园。应该是去新加坡必打卡景点之一吧。说是用了10亿元，修建而成。园区分为三个部分：滨海南花园，滨海东花园，以及连接二者的滨海中花园。 花园里有一个巨大的半球形温室，里面有超过25万棵奇花异草，和全球最大的室内瀑布。其中最富盛名的应该超级树supertree. 如果天气好，不那么热真的是游览的好地方哦。,,,,,
新加坡除了环球影城唯一一个值得好好玩一天的景点，滨海湾花园在金沙前面，鱼狮尾就在金沙后面，方圆不超过2公里，可早上先去鱼狮尾，午饭后去云雾林和花穹，然后空中走廊走一圈，下来以后再看晚上的灯光秀，超级大树的夜景比早上好看多了,,,,,
两个室内馆很美，同时很冷，身体弱的多带件外套。外面的空中走廊，风景很好，同时晚上6点开始要到票厅去换时间卷，到时间才能上去，晚上人很多，白天就非常少了。晚上7:45和8:45空中走廊花园会有灯光秀，还是不错的。,,,,,
花园里面主要就是双馆啦，叫什么云雾林还有一个忘记名字了主要里面就是模拟各种瀑布，喷泉，空中吊桥，索道，类似一个大温室，展出各种花卉植物，地貌植被……哈哈哈不知道怎么描述，大概就是这样,,,,,
今年春节去的，新加坡的网红景点，的确值得一看！滨海南花园是滨海湾花园中最大的一个花园，占地54公顷。它毗邻滨海湾综合度假胜地，由英国园林建筑公司Grant Associates 设计。这座生机勃勃、活力四射的花园将展示最优秀的热带园艺和园林艺术，拥有大量的热带花卉、色叶植物等。滨海南花园的特色景点包括花穹和云雾林冷室、金园、银园和巨树丛林内的18 棵擎天大树、文化遗产花园、植物世界、蜻蜓湖和翠鸟湖等。滨海南花园内其他值得一看的景观包括花穹内经常更替的花卉、巨树丛林内特别编排的声光表演和一系列的媒体解说和故事讲述，让您亲身体验栩栩如生的植物故事。此外，滨海南花园内还包括齐备的餐厅和零售等生活设施，为您独特的园艺体验画上圆满的句号,,,,,
一个人造的旅游景点，运用了不少高科技手段，是新加坡可持续发展工程学的代表项目，提供具备能源效益的制冷解决方案，云雾森林很有特色。新加坡人还是比较有创新精神的，不大的城市建的很美丽，值得我们学习。,,,,,
去的不是时候 人很多很多 晚上七点四十五有灯光秀 比较好看 但是人很多。然后 空中走廊也没去成。略遗憾。其实总体看下来 还是还是一般的,,,,,
云雾林值得去，晚上的灯光秀值得看。,,,,,
可以泡一天的地方，新加坡不愧是花园城市，推荐早上走走外面，中午日照最强烈的时候进两个馆里面很凉快。全世界的花看一圈然后再感受室内瀑布，一天时间过的真快。,,,,,
六点多去的 等到天黑 从白天 到落日余晖 到夜景 都看到了走sky way正好是7点半完美,,,,,
新加坡滨海湾公园，特别的漂亮，有点仙境的感觉，置身其中觉得自己都是仙子了哈哈，各种花卉植物也很有热带特色，特别的美丽，可以拍很多好看的照片！！,,,,,
个人感觉花穹更美一些，里面正在举办圣诞特色活动。冷室瀑布哪里确实很冷。下了地铁的指示不太方便，其实可以做个电动车上来，工作人员也没说明，就让一直走，绕了不少路，还好看到不一样的风景,,,,,
新加坡滨海湾花园 晚上Supertree Grove音乐灯光展超级棒观看人特别多 有准备毯子躺在地上观看 非常值得一去 而且免费噢,,,,,
新加坡滨海湾花园视觉效果绝对震撼 建议傍晚5点左右入院 这样白天的景色可以欣赏 夜晚亮灯以后梦幻的色彩也可以净入眼帘 花穹和热带雨林值得一看,,,,,
太值得去的地方了 非常美 我们没有把户外部分看完 单纯玻璃屋内的就游览很久 晚上看了两次灯光秀 结束后院子里没有人了还是很恐怖的,,,,,
新加坡滨海湾花园，Gardens by the Bay，来新加坡旅游必须打卡的网红景点，在这边我也真的见识到不少以前从来不知道的植物，大开眼界了。,,,,,
真的不错，如果不去花穹和云雾林的话，就是免费景点。晚上的超级树灯光表演一定要看，不推荐买ocbc空中通道，就一小段走的，晚上有风时会晃动，前面一个恐高的全程扶着栏杆挪过去的。,,,,,
真的是白天、晚上，各个时间段、各个角度都拍了一遍。个人超喜欢云雾林，擎天柱的灯光秀表演是免费的，不用票，7:45和8:45各一场，不过基本7:30就被占满了，躺着看是最享受的,,,,,
见过的最漂亮的室内花园了，而且它整个是把大自然的景观搬过来，还加上了一些非常漂亮的童话的元素在里面，我觉得大人小孩都一定会喜欢这里。,,,,,
非常震撼的视觉效果 建议傍晚日落以前进入滨海湾花园 这样白天的风景和晚上的盛况尽入眼帘 花穹以及雨林2个大棚各有千秋 非常值得,,,,,
我觉得这是一个非常奇幻的花园，里面那些人造的摩天大树是我最喜欢的，能够拍出很好的照片，但是这里同时也让人觉得很自然很清新。,,,,,
滨海湾地区的大型人造花园，两个温室非常赞，种植了世界各地的特色花种，顺着瀑布从高逐渐往下走，整个体验非常好。天空树也很有特色，每晚的声光表演也非常震撼，不容错过。,,,,,
在线云旅游·新加坡滨海湾花园你在家待了几天啦？除了“卧室-客厅-饭厅-洗手间”线路游以外，还能手机云旅游～带你看看家以外的世界（现在我的眼光最远也只能是家门口了）各位团友们，我们今天在线云旅游的景点是——新加坡·滨海湾花园。滨海湾花园里面有3大块景点：花穹、云雾林、超级树1、花穹花穹，世界上最大的玻璃冷室，主要展示地中海和亚热带地区的鲜花和绿植，可以让你看到不同地区的代表性植物。里面有各种色彩鲜艳的大型花圃，四季如春，鲜花争奇斗艳，让游客见识到各种见过没见过的奇花异树，名副其实的“花园城市”。建议可在白天前往游览，虽然晚上有五颜六色的灯光营造，但是白天可以更真实清晰还原花儿的美貌，也能跟更美的你互相映衬～2、云雾林云雾林有着世界上最大的室内瀑布，来自各大洲分区域分层次展示的植被群，姹紫嫣红，形态各异。穿越在云中森林，就像化身阿凡达，穿梭在闪闪发光的丛林世界；也仿佛置身于天空之城，漫步在云里雾里，飘飘欲仙…...进入云雾林游览，观看完巨大的室内瀑布后，搭乘电梯前往顶层，沿着玻璃走道盘旋而下，观赏来自不同海拔高度的热带植物和有趣的装饰物，十分心旷神怡。恰逢在傍晚时分前来观光，室内在植物中亮起微光，更有置身童话丛林般的感觉～3、超级树你可以购票上到超级树的空中走廊，从半空中俯瞰整个滨海湾花园的美景，远眺金沙酒店的日落美景，感受凉风吹过的舒适～到了晚上，还能坐在超级树下的草坪/步道上，欣赏超级树的灯光秀，异常精彩噢。灯光秀夜间有2场表演，时间是：19:45、20:45，不要错过喔～（都是免费的）相关信息位置：滨海湾花园开放时间：09:00-21:00；（20:00停止售票；20:30停止入场时间）门票：成年:28新币；儿童:15新币（门票包括花穹、云雾林）,,,,,
取票方便 就是票价贵了点 景点一般 外面太阳底下还排了会儿队 外面热的要命 进去了之后又冷的要命 花卉 植物品种是挺多 但也没有什么特别奇特之处,,,,,
滨海湾花园云雾林和花穹：这是全球唯二的市内冷室植物园，如果门票可以选择（现实只能买套票），我只会推荐到云雾林，里面的室内大瀑布与“外星”植物非常值得一看。至于花穹感觉就比较一般，都是广东能见到的植物。,,,,,
今年的学校假期的儿童庆典是结合玩具总动员4的活动，还没进入主题区就可以听到音乐，整体非常有迪士尼乐园的感觉，而且入场竟然免费！可能是最后两天的关系，越晚人越来越多，后面几乎每种设施都要排队30分钟以上。但是小朋友还是玩得非常开心。,,,,,
规划的非常良好的城市大花园，邻近地区有著名的新加坡鱼尾狮、雾林、花穹等等，可以安排完整的一天或一个下午好好欣赏这附近的景点，晚上再去看天空树和金沙酒店的水舞秀。,,,,,
我这是回国很久才闹明白，原来是通往花穹 云雾森林路上那一大片，包括花穹 云雾森林 擎天大树林都是属于滨海湾花园的一部分。新加坡滨海湾花园实际是由滨海南花园、滨海东花园和滨海中花园三个风格各异的水岸花园连接而成。该花园占地101公顷，位于滨海湾亲水黄金位置，是整个滨海湾项目的组成部分之一。,,,,,
滨海湾花园还是挺有特色的，室内大花园，但没有想象中的花那么多那么密，但是总体确实还是挺漂亮的，尤其是晚上夜景，晚上的灯光秀非常值得看，一定要提前到，要排队的。,,,,,
我们一个下午晚上都泡在滨海湾花园，景色宜人，环境优美，花穹和云雾林需要买票，值得看，照片拍不出身临其境的感觉，一定要自己亲身经历，晚上的灯光秀也值得期待,,,,,
如果你不想步行去亭子，你可以从那里观赏花园的其他部分。留好足够的时间，有那么多的东西要看，你会有一种完全兴奋的感觉，所有的一切真的是一个非常美妙的经历。,,,,,
就是一个大大的植物园，逛逛还是挺不错的，特别适合拍照，带老年团出行的好适合呀！爸妈在里面各种摆拍，拍的好尽兴呀！唯有的问题是还挺冷的，建议带件外套哦。,,,,,
玩了双馆，很美，很震撼。花穹馆各种稀奇古怪的植物，大小植物无数，虽然大部分不认识，也大饱了眼福；另外一个馆忘了名字，有大型人工瀑布，有水雾，有栈道…,,,,,
时间充足，白天晚上都可以去一趟，白天可以电梯上去看看周边风景，市中心一览无遗。晚上有个音乐秀表演，有景观台，不过建议还是近点看，否则听不到音乐啊！,,,,,
著名的打卡胜地滨海湾花园。这里，我家那位先生也是痴迷的状态，能身在其中，可能是他此行最大的意义吧。晚上看到了擎天树的灯光秀。宛如阿凡达的奇幻世界。,,,,,
花园虽然不是很大，但是规划布置得井井有条。来自世界各地的花草在这里都可以看到。恰逢中国新年，园内还特意为庆祝中国新年做了中国特色的装饰，非常不错。,,,,,
海湾花园很漂亮，但与夏季游玩相比，有的花有点凋零，但整体感觉还是很舒服的，建议多加一件衣服，里面冷气很厉害。正逢圣诞，所以又多了一份节日气氛。,,,,,
新加坡标志性景点，当地人称呼为冷室，确实如此：室外酷暑难耐，室内清凉舒爽，光线却十分充足，感叹科技的力量和经济的支撑！！这个景点老少皆宜呀！！,,,,,
全球最美花园！滨海湾花园真的是太美了！两个冷室里的植物非常好看！这次还看到郁金香展，非常美，冷室里的瀑布也很漂亮！新加坡比去景点！,,,,,
新加坡的滨海湾是世界有名的旅游圣地，有很多标志性建筑，滨海花园非常值得参观，外面的摩天树区域是免费参观的，内部花园需要买票，有非常多奇花异草！,,,,,
新加坡0元网红滨海湾花园，打卡位都帮你找好了！  新加坡·新加坡 这个热带国家真的是让人特别舒服，临海的气温没想到比广州还要凉快一点！新加坡必去的景点就是 新加坡滨海湾花园 了，强烈建议一早一晚都来一次，晚上会有亮灯惊喜喔！这次标注了两个比较容易找到的打卡位，推荐早上去，没这么热而且人流不多。可以拍到超级树的ins网红最佳位置不难找，但需要经过一条小路。我去的时候是中午12点，阳光正好，下午可能会逆光。没有什么人，喜欢怎么拍都可以拍到 新加坡滨海湾金沙酒店(Marina Bay Sands)  的湖边小路在地铁通往滨海湾公园的闭经之路，可以选择上面的大路也可以选择下面这条湖边小路。人不多，可以随便拍。拍完照就必须要进滨海湾公园的2大温室了，一个是有大型室内瀑布的云雾森林，还有特别多花艺的花穹。整个滨海湾公园是免费进入到，连着金沙酒店可以游玩加购物一整天，晚上再去看灯光秀。其中有两个大型的温室需要买门票，可以使用支付宝，但建议提前买好会比较便宜。2个温室的套票是一起买的，大概是120人民币左右。特别推荐云雾森林，除了入门就见到的大瀑布之外还有空中漫步的体验（不是超级树那个），室内温度舒服，像开了空调一样。整个温室的布局非常好，大概四到五层高的中心结构，慢慢沿路走下来观赏植物，真的很写意。一路走完拍照大概可以玩一小时。爱花的朋友必须必须进入！能让你大开眼界，花的种类特别多，而且是自然生长的形式，很多花材国内都没有。另外一个矮一点的温室是花穹，虽然花种也是很多，但是整体布景没有云雾森林这么惊艳，只有两层而且分布比较乱，走的时候找不到出口。关于服装搭配，我这次选了一条芒果黄的连衣裙，在绿植中显得非常明显，而且实际上这个颜色比较显白。切记不要穿黑色衣服，在绿植中不明显没有热带气氛。推荐：黄、粉色系，较大花纹的衣服滨海湾公园全天免费开放温室开放时间：9：00-21：00人均花费：120rmb推荐时间：10：00-13：00,,,,,
七年后再次入住新加坡滨海湾金沙酒店。夜幕低垂，一场水幕灯光秀，一场超级树音乐灯光秀，伴着金沙酒店的金色大船，点亮滨海湾的夜。梦幻～童真～精美～七年变化，超级树音乐灯光秀的音乐，已经从当年的《绿光》，变成了《图兰朵》和《蝴蝶夫人》的经典片段～七年未变，绝美新加坡夜未央～,,,,,
挺大的，两个温室都进去了，里面真的很凉，穿半袖真的冷 ，在里面拍照也确实好看，推荐的，出来之后正好天快黑了，顺便去生命树看了灯光展,,,,,
滨海湾花园一共是两馆（花穹＋云雾林）和空中走廊，这次的门票我们选择在售票处购买，还好没有提前买套票，去了被告知因为是阴雨天，空中走廊不售票。,,,,,
"我第一次去滨海湾花园，真的好漂亮!真的佩服新加坡人的智慧和勤劳!我们下午到的先观赏了花穹和云雾，等到晚上又观赏了灯光秀,无以伦比，值得推荐!",,,,,
从滨海湾金沙可以走着坐电梯下去，园林绿化覆盖率很高，全年都是夏天的感觉但是走在其中还是不会太出汗，有两个馆需要买票，联票28新币，个人觉得flower dome没有预料之中的好看，花的种类并没有太多,,,,,
非常值得去的景点，虽然当时正在准备圣诞活动，可是仍然有非常多的奇珍异草、花卉植物可以观赏，如果元旦前后去应该更好看了，可以看看我发的美图。,,,,,
不错，包含两个温室的票。雨雾花园很美，很多很漂亮的花，如果仔细看需要3个小时。在地铁站下来，进公园需要单独买电瓶车的票，往返20一个人。,,,,,
我们是傍晚去的，看着夕阳晚霞，走在滨海湾花园，看着摩天轮，很舒适惬意。看了花穹和云雾林，小朋友对热带植物、花类特别感兴趣。,,,,,
滨海湾花园特别值得去，恰逢圣诞，有些专题，锦上添花，很美好的享受。电子票很方便，先看花穹，奇花异草，出来正好看云雾林，令人惊叹，感谢！,,,,,
公园非常漂亮！值得一游，有两个玻璃穹顶屋，一个是热带植物园，另一个是热带雨林，仿阿凡达电影场景修的，非常梦幻，立体的山上有巨大的瀑布。,,,,,
真的很漂亮，如果有时间一定要去看看，绝对有让人眼前一亮的感觉。我们的行程本来不安排这个项目的，走到那里大家决定进去看看，绝对物超所值。,,,,,
花园很值得一去，花草茂盛，品类繁多，相比于国内的人山人海，人还是很少的。推荐大家去新加坡一定要去一次。多肉植物让多肉种植爱好者心水。,,,,,
花园很值得一去，花草茂盛，品类繁多，相比于国内的人山人海，人还是很少的。推荐大家去新加坡一定要去一次。多肉植物让多肉种植爱好者心水。,,,,,
写了很长一段，携程闪退了…那简单写写吧……花园很棒，云雾林和花穹我们逛了接近3小时，超赞最好要带外套或披肩，很冷。进去就不停拍照吧！,,,,,
非常棒的体验！自然环境和人文环境融为一体，个别地方收门票，园区可免费自由出入，周边景色也很棒，地方开阔，没有拥堵，散步活动好去处。,,,,,
新加坡滨海湾花园比想像中更很漂亮。晚上灯光秀配合了音乐棒棒棒！白天跟晚上看完全不一样。园区里有餐廳，不用带食物。地铁直达。很方便。,,,,,
海湾花园是您游览新加坡的必去之地，也适合所有年龄段的儿童。那里可以看到树木和植物，再加上鲜花，特别是在花区的新加坡果园，非常迷人。,,,,,
新加坡滨海湾地区的标志性景点，携程订票方便快捷，室外的部分绿化景观造型独特，是免费参观的，进入内部扫码参观，欣赏空中花园的魅力！,,,,,
携程买票很方便，没有开通全球通，收不到确认短信，不过邮箱里有电子票直接扫码入场很方便。空中花园真的处处充满设计感，很值得一看。,,,,,
很值得一去的地方，如此巨大的植物园有点梦幻的感觉，不过去晚了，有点走马观花，下次要有机会要留足时间，可以在白天欣赏到更多植物。,,,,,
海滨湾花园是新加坡比打卡的地点，里面的超级树是阿凡达电影里面的场景一样的。里面的花园需要门票，空调特别厉害，记得一定带外套。,,,,,
非常值得一游！建议下午三点半以后开始入园，能够在游览完两个最主要的展厅——花穹和云雾林后可以正好赶上七点四十五分的灯光秀。,,,,,
这次行程都在携程上订票，很方便，这个时间去，浓浓的圣诞气氛，玩的很开心。拍了许多照片，新加坡非常适合亲子游，以后还会再去。,,,,,
新加坡滨海湾花园是去新加坡必打卡的地方，非常美丽的地方，很适合拍照，随便一拍都很美丽，可以在网上买票，会比现场买便宜一点。,,,,,
新加坡必打卡的景点，鱼尾狮和金沙、滨海花园够玩一天，一直到晚上看好灯光秀，新加坡不愧为城市花园，见证华人的强大全球化力量,,,,,
走进绿野仙踪新加坡滨海湾花园新加坡不愧被称为“花园城市”，超过47%的岛屿被绿地覆盖，花花草草随处可见，而最能映衬这个称号的，非滨海湾花园莫属了。滨海湾花园由滨海南花园、滨海东花园和滨海中花园三个风格各异的水岸花园连接而成。景点大多在南花园，这里包括热门景点花穹和云雾林冷室，还有巨树丛林内的18 棵擎天大树等。云雾林还原了热带山地地区凉爽潮湿的气候，刚走入冷室内，铺面而来的清凉，一扫热带的那种燥热难耐，很是舒适。而在清凉带来体感的同时，视觉上也被映入眼帘的六公尺高的瀑布所震撼，是的，我在网上看到的那个雨林就在这里！而同为植物冷室的花穹，则是模拟了地中海及半干旱、亚热带地区凉爽干燥的气候，恒温落在23-25度，如果说云雾林是热带雨林，那么花穹便是花仙子的世界。你一定还记得柯南剧场版里那绚丽的天空树，这便是滨海湾花园非去不可的景点：天空树（Super Tree）。天空树的灵感是来自于新加坡的国花——胡姬花，由数个擎天大树点缀的广场，令人过目难忘，特别是夜幕降临后，点点星光和灯光，营造着一个浪漫至极的夜晚。Tips：地址：18 Marina Gardens Drive 018953开放时间：室外花园，每天5:00-14:00；花穹、奇幻花园、云雾林、空中走道，每天9:00-21:00交通：地铁到Bayfront MRT Station (CE1/DT16) ，穿过金沙酒店，过桥后便是滨海湾花园。云雾林有点冷，请备好外套。灯光秀时段：OCBC Garden Rhapsody每晚7 点45 分和8 点45在巨树丛林闪耀登场。,,,,,
新加坡滨海湾花园新加坡被称为“花园城市”，那么最有名的滨海湾花园是一定要去打卡的！也非常适合亲子游，很多人带着孩子去玩。门票：植物冷室成人28新加坡元，3-12岁儿童15新加坡元；空中走道成人5新加坡元，3-12岁儿童3新加坡元。南花园免费。（网络购票三个景点通票约165元人民币，网上买票有专门的通道换票，不用和现场买票的人在一起排队，这也节省了很大一部分时间）开放时间：植物冷室和空中走道9:00～21:00（最后售票时间为晚上8:00）交通：乘坐地铁黄线、蓝线到海湾舫Bay Front（CE3/DT16）下，出站向左沿着一条玻璃地下通道前行出去即到。tips：1.滨海湾花园主要分为云雾森林、花穹和空中走道三个部分，云雾森林和花穹是两个冷室，记得带好外套。2.建议游玩时间3～4小时，带孩子的朋友建议带小推车。3.空中走道的灯19：30开始亮，满满的越来越亮，空中走道也会限制人数，你在上面呆40分钟以后上面的工作人员会很礼貌的跟你说为了控制人数请您尽快离开,,,,,
新加坡滨海湾花园游玩攻略Gardens by the Bay世界十大室内花园就在这里，辰山植物园室内花园的超级升级版本，其实是植物冷室所以超级冷，一定要带好外套！园区分成三部分，滨海东花园，滨海南花园和滨海中花园，南花园最大游玩的景点也都在这。花园可以参观大自然又可以学习环保知识，亲子游最合适不过了。我们就买了两个冷室的门票，再加上逛下金沙，公园，看灯光秀也用了大半天时间了，建议不用在购买奇幻花园和空中走道的门票了。交通：就位于始市中心，地铁downtown line到海湾舫Bayfront站，下来路过金沙酒店，如果住在金沙酒店去滨海湾花园非常方便了，走过去5分钟。没有住酒店的可以逛下富丽堂皇的金沙商场擎天大树super tree远远就可以看见公园里有18棵巨大的擎天大树，还可以登上树顶22米的空中走道俯瞰整个公园（走道需要收费）这个大树也是有高科技的，白天会吸收太阳能，夜间用来照明，可以收集雨水还起到通风的功能。晚上灯光秀很漂亮很震撼一定要看！7:45和8:45分有两场，持续15分钟，会播放世界各地有名的歌曲，呈现璀璨的声光秀云雾林cloud forest远远就可以看到两个巨大的玻璃房，一个是云雾林一个是花穹，我们先去了云雾林。进门就是一个高达35米的瀑布，很壮观。在这可以见到从没有见过的热带奇花异卉～4点会有云雾表演，喷出的雾气使整个玻璃房更加神秘了～参观是先坐电梯到最高点，在顺着“云雾步道”慢慢转下来。在人造山中穿梭是很奇妙的体验需要参观1-2小时门票两座冷室28新元/人 3岁以下免费 3-12岁15新元/人花穹挨着云雾林，玻璃房里模拟了地中海的干冷气候，有9个主题花园，种植了五大洲的植物，一共有三万多株植物。其中沙漠植物区可以看到形态各异的仙人掌是非常好的拍照背景。我相对来说还是云雾林更好看，这边就是一个大花园，云雾林更奇幻一点。这边看完天黑了，刚好去擎天大树看7:45的灯光秀，走过去需要10分钟。参观时间半小时-1小时,,,,,
"新加坡｜每次去都必打卡的超级树在新加坡的最后一晚，猫叔问我有没有什么地方特别值得去打卡，我想了想把他领到滨海湾花园，这个在新加坡我最喜欢的地方之一-新加坡是花园城市没错，滨海湾花园就是新加坡市中心的超级花园，从金沙酒店穿过去，瞬间看到最标志性的超级树，这几棵树有几种玩法买票登上去步行一圈特别酷炫每天晚上都会有灯光表演最佳机位在外围一圈二层的石头上-除了这几棵树外，滨海湾花园还有很多值得的体验的地方，包括云雾林和花穹，有机会记得一起去探索啦18,Marina Gardens Drive",,,,,
新加坡 | 城市中的天然氧吧 滨海湾花园 滨海湾花园是 新加坡 的地标，一般推荐白天浏览两个温室(花穹和云雾林)，晚上看超级树灯光秀。所以我觉得这里适合花上下午至晚上的时间，避暑很不错都在室内嘛，而且老少皆宜。地铁坐到海湾舫站，按指示就能到，而且超级树也很明显。 可以先在对面的楼上和超级树合影，然后步行往滨海湾主区域走。 新加坡 以园林花卉闻名，整个国家的植物都养护规划的很好，包括马路上都是。花穹这个温室里就遍布了很多很美的植物，四季更换品种，还可以听讲解学习~ 云雾林就更凉快了！一进门就是瀑布噢~第一次来的游客都会不约而同的wow~怎么说呢，觉得非常震撼，走在空中的廊桥上，会有一些“未来感”~ 不过这个周末去的话排队挺久的，要有点耐心。还有就是带件外套，待久了蛮冷的。,,,,,
新加坡滨海湾花园游玩攻略新加坡滨海湾花园Gardens by the Bay世界十大室内花园就在这里，辰山植物园室内花园的超级升级版本，其实是植物冷室所以超级冷，一定要带好外套！园区分成三部分，滨海东花园，滨海南花园和滨海中花园，南花园最大游玩的景点也都在这。花园可以参观大自然又可以学习环保知识，亲子游最合适不过了。我们就买了两个冷室的门票，再加上逛下金沙，公园，看灯光秀也用了大半天时间了，建议不用在购买奇幻花园和空中走道的门票了。交通：就位于始市中心，地铁downtown line到海湾舫Bayfront站，下来路过金沙酒店，如果住在金沙酒店去滨海湾花园非常方便了，走过去5分钟。没有住酒店的可以逛下富丽堂皇的金沙商场擎天大树super tree远远就可以看见公园里有18棵巨大的擎天大树，还可以登上树顶22米的空中走道俯瞰整个公园（走道需要收费）这个大树也是有高科技的，白天会吸收太阳能，夜间用来照明，可以收集雨水还起到通风的功能。晚上灯光秀很漂亮很震撼一定要看！7:45和8:45分有两场，持续15分钟，会播放世界各地有名的歌曲，呈现璀璨的声光秀云雾林cloud forest远远就可以看到两个巨大的玻璃房，一个是云雾林一个是花穹，我们先去了云雾林。进门就是一个高达35米的瀑布，很壮观。在这可以见到从没有见过的热带奇花异卉～4点会有云雾表演，喷出的雾气使整个玻璃房更加神秘了～参观是先坐电梯到最高点，在顺着“云雾步道”慢慢转下来。在人造山中穿梭是很奇妙的体验需要参观1-2小时门票两座冷室28新元/人 3岁以下免费 3-12岁15新元/人花穹挨着云雾林，玻璃房里模拟了地中海的干冷气候，有9个主题花园，种植了五大洲的植物，一共有三万多株植物。其中沙漠植物区可以看到形态各异的仙人掌是非常好的拍照背景。我相对来说还是云雾林更好看，这边就是一个大花园，云雾林更奇幻一点。这边看完天黑了，刚好去擎天大树看7:45的灯光秀，走过去需要10分钟。参观时间半小时-1小时,,,,,
滨海湾花园的室外区范围还蛮大的，迷路的话，要有铁腿的心理准备，大热天在室外走路实在不怎么有趣，但是滨海湾美食区的烤肉烤海鲜很好吃，花穹和云雾森林也都很值得参观。,,,,,
新加坡滨海湾花园是近10年内开发的一处新的景点，成了新加坡现在的新地标。这里有花穹，人造树，以及空中走廊组成，景色非常的优美，有着数千种的植物，到了夜晚，还有美丽的灯光秀表演，绝对是来新加坡必到的景点，令人印象深刻。,,,,,
真快，今天是农历正月十五了！是春节的收尾。虽然年的气息已经转淡，但这也代表大地复苏，冬去春来。农历新年期间，我出席了在滨海湾花园里的团拜聚会，并捞鱼生。谨此，一如既往，祝大家身体健康，元宵节阖家团圆，岁岁平安，幸福快乐！！,,,,,
几棵非常的高大的树，晚上7点45会有音乐灯光秀，一大帮人一起躺在地上一边听世界名曲，一边拍照发朋友圈，FB，ins，场面相当震撼哦。而且坐电梯到树上走空中走廊，俯看新加坡著名景点拍照打卡，好不惬意喔,,,,,
美丽漂亮必玩。去看去体验。有时间在外边花园转转，虽然双馆确实更震撼，外边美景依然值得看。撅嘴推荐。每一个馆都值得去看。,,,,,
这个地方是自己一直想去的，是室内玩耍的，有空调游玩比较舒适。风景以前在电影中看过，所以一直想去看一下现场。很不错。,,,,,
非常值得游玩尤其是带着孩子，本来想多了解一下植物花，里面实在太冷了，建议朋友们一定穿长裤外套、才可以尽情欣赏美景,,,,,
坐落于新加坡滨海湾区域，打车前往很方便，也不贵。里面分为几个馆，各有特色，非常漂亮，新加坡不愧为都市花园。空调很足，建议带着外套进入。晚上的灯光秀很赞。,,,,,
非常美丽，大概游玩需要半天。现在还有新年灯饰，晚上很漂亮，建议5:00左右入园可以看到白天黑夜。带小孩也可以多看看拍拍照，就是空调有点冷，多带件外套！,,,,,
滨海湾花园喜欢植物的一定很开心！华侨银行走廊要快天黑的时候去，然后再下去看灯光秀！这样白天晚上的景都可以看到！,,,,,
好大的植物园好大的植物园。 入温室要收费但都值得一去。 有很多不同种类的花观赏。 晚上有灯光show。 在黄昏时的灯光跟天空很配。好靓！,,,,,
景色环境很不错，值得去逛一逛，特别适合亲子游玩，各种花草目不暇接，真真假假很有满足感！小伙伴们玩的不亦乐乎！,,,,,
挺不错，像阿凡达场景，夜景表演尤其壮观，设计特别好，真心不错，新加坡真不愧是花园国家，一步一风景，很好！,,,,,
在气候炎热的新加坡，有这样一个清凉的胜地，既可以看欣赏各种花卉，又可以带孩子认识各种植物，很值得一去。,,,,,
非常漂亮，很赞，很多真奇的植物，里面很冷，一定带长袖，门口的冰淇淋很好吃，儿童乐园特别好，可以玩半天。,,,,,
第一感觉就是漂亮、震撼！虽然早就看过很多图片，但仍然被精美的设计、布局所震撼！尤其是云雾林，堪称仙境！,,,,,
花的世界，品种繁多，养得太茂盛了，喜欢绿植的或怕晒的，特别值得地看，室内的，好凉快，在里面待着非常不错,,,,,
每次去新加坡，都会到滨海花园散散步，我和家人都觉得滨海花园是新加坡最有温度的免费公园。如果不赶上节假日，公园总是那么漂亮、安静，令人心旷神怡。,,,,,
滨海湾花园就在金沙酒店旁边，晚上八点有灯光秀，两个植物园晚上九点关门，植物园外形很漂亮，像两个贝壳。,,,,,
新加坡我喜欢的地儿，室内超级凉快，建议带宝宝家长多背一件外套。我们吃过午饭去的，两个馆逛完，出来已经傍晚。旁边的儿童戏水池真的很特别，有小朋友温水冲凉的地方，记得去这里给孩子背个泳衣和毛巾。撒欢儿结束后，走着去金沙那边的地铁站。一路夜景迷人，没错，是心动的感觉！,,,,,
新加坡地处热带，植物种类繁多，花园自然是很漂亮。海湾花园离金沙酒店很近，晚上去别有一番风味。正值中秋时节，花园里还有灯会，非常适合逛一逛。,,,,,
滨海花园是一个十分漂亮的城市花园，我最喜欢花园里宽阔的湖区，里面有漂亮的睡莲和各种水鸟。从湖区这般拍摄金沙特别漂亮，三幢楼看起来气势磅礴。,,,,,
双馆室内景点不错，空中步道也很美！晚上7点45和8点45的灯光秀算好时间，就在空中步道位置！可以选择再空中步道上面观看，也可以在下面观看！,,,,,
一个濒临海湾，并且非常漂亮的公园，是个值得一游的地方。,,,,,
携程订票扫码入园，真是越来越方便，两馆感受不同，晚上两场灯光秀，美轮美奂，夜晚的狮城分外迷人！,,,,,
去新加坡一定要打卡的地方，非常美！非常震撼！尤其是晚上躺在天空树底下看灯光秀的感觉，非常棒！,,,,,
室内环境比较好 老少皆宜 有空调 是新加坡必去参观的景点之一,,,,,
植物很多，花卉很美，名字都是用英文标记的，一个一个查也不方便，所以很多花都不清楚是什么品种的。旁边配套一个馆里有瀑布，两个馆都巨冷，要多带衣服，感觉小朋友对那里不太感兴趣,,,,,
非常漂亮的花园 建议多带衣服 因为真的很冷。花穹个人认为不是很壮观 因为大部分都是国内可以见到的植物和花束。但是云雾林真的进门非常的震撼。,,,,,
门票有点小贵。不过可以进去看看热带的奇怪植物。另外人也是蛮多的，有点挤。携程上买的电子票很方便，在入口的地方刷一下条形码就行了。,,,,,
滨海湾花园是到新加坡必打卡的地方的，建筑与自然是那么完美的结合在一起的，虽然白天的景色比晚上略为逊色，但确实是相当的精彩漂亮好看,,,,,
花穹和云雾林各有特色，两个馆设计的都很巧妙精致，植物种类丰富。空中走廊如果买套票值得一去，如果单买票就很不划算了。灯光表演一般。,,,,,
新加坡司机很热情，很能聊。通过司机了解了不少新加坡的情况。新加坡算是离岸最近，又最接近西方的社会素养又能讲中文的地方。没有想象中的东南亚的炎热，吃的玩的打车都很方便。,,,,,
很漂亮，值得一看，室内景点又凉快，旁边还有个孩子玩水的地方，可以带上泳衣，有更衣室,,,,,
"0元打卡阿凡达的奇幻世界-新加坡滨海天空树夜景 在寒冷的冬季，去新加坡旅游，是不错的选择。白天逛圣淘沙、环球影城等经典景点，晚上还有精力的话，要欣赏狮城夜景，滨海湾花园的天空树，那是必须打卡的。 滨海湾花园的天空树共有18棵，每棵树都高达23米以上。每晚，夜幕降临，天空树都有二次灯光秀。晚上7：45和8：45各一场，每场15分钟，不用门票哦。 在轻盈欢快的音乐伴奏下，天空树上的灯光不停的变幻，或红或紫，忽蓝忽绿，在幽深的夜幕中，光怪陆离，美轮美奂，犹如进入了阿凡达的奇幻世界。是很难忘的体验哦。不怕脏，躺在地上仰望巨大的天空树的话，会更轻松些，视野也更开阔些。选择合适的角度，可以将不远处的金沙酒店与天空树一起摄入画框。站在天空树下方拍照或欣赏灯光秀不用付费，如果想穷千里目的话，还是需要更上一层楼，登上连接天空树的天空步道(OCBC Skyway)。天空步道全长128公尺，可以在空中绕行天空树，与天空树的树冠也更接近，能以上帝视角欣赏滨海湾花园，远眺城市夜景。票价也不贵，新币8元！ 如果住在金沙酒店的话，在位于顶楼、横跨三栋建筑的无边际泳池上俯瞰滨海湾花园的全景，也是很美妙的。详细地址：Gardens by the Bay 滨海湾交通攻略：地铁:海湾地铁站(Circle Line)，徒步约5 分钟巴士:由滨海湾地铁站(North South Line), 出口A，乘搭SBS 400 号营业时间：户外花园(无需入门票):每天早晨5 点至凌晨2 点(园内停车场如同)植物冷室和空中步道:每天早晨9 点至晚间9 点灯光秀时段:OCBC Garden Rhapsody 灯光秀每晚7 点45 分和8 点45 分热闹登场。人均消费：滨海南花园可免票进入。植物冷室和OCBC 空中步道则需收费。OCBC 空中步道新币8元。",,,,,
新加坡的夜景真的很美这次是出差去的新加坡，就去了一天，晚上就去打卡了鱼狮尾公园，夜景还是很漂亮的。我几年前也来过一次，这次好像大变样了，灯火更加璀璨啦！逛完去吃了珍宝楼，虽然上海也有，但是还是想在坡里体验一回咯。人均五六百的样子，味道还是很好滴,,,,,
这夏夜，迷之有色，幻之有梦不得不说这超级树super tree的灯光秀超级棒，让人甘之沉醉其中，就这么静静地坐着发呆，岁月静好。这据说还能收集的雨水不但能为藏身树干中的空中花园提供灌溉用水，还能满足园区部分日常所需。,,,,,
新加坡旅行| 必打卡滨海湾花园旅游想去新加坡的朋友们，答应我一定要去新加坡滨海湾花园，绝对让你不枉此行！占地101公顷，有25万颗珍稀植物。拥有全球最大的室内瀑布，悬空走廊，从各个国家运送来的花卉以及热带花卉。滨海湾花园共分为三个购票展览点——Clound Forest云雾林 | Flower Dome含花穹 | OCBC Skyway 空中走道 (其中skyaway是单独的购票点）个人建议去前两个景点就可以了。云雾林一进馆内，就被眼前的场景吸引了，这是什么神仙地方！云雾林之所以叫这个名字就是因为里面云雾缭绕，就像在仙境一般。绿意盎然，美得如梦似幻，特别是瀑布实在太壮观，为了找没人入镜拍照等了好久哈哈～ 馆内每一处都美的像一幅画，随手拍都好美。环着瀑布一圈圈欣赏，大自然又融入了科技感。大家可以坐电梯上六楼之后一层层环绕着悬空走廊走下来，感觉就像走在山间一样～真的会有云雾缭绕的梦幻之感，拍出来的照片就是‍仙女本仙！花穹里面有各式各样来自世界各地区的花卉，让你大饱眼福。可以看到平日里看不到的稀有品种，千年的橄榄树、宝瓶树、亚热带花卉展，有种百花盛开、珍奇斗艳的感觉。会让你感到赏心悦目，放佛自己就是花仙子嘻嘻～由于室内瀑布和热带花卉都是在室内，冷气比较足，所以建议大家带一件外套保暖，不然在里面时间久了让你冷到怀疑人生哈哈哈～地址：滨海花园道18号（靠近金沙购物中心，可从金沙酒店内穿过去，步行时间较长）时间：9:00-21:00 最晚20:30入馆建议拍摄时长：3小时穿搭建议：简单纯色为主，不要花纹太复杂的。黄红蓝等亮色系或白色等浅色系都可。运动鞋或平底鞋（室内真的要走很多路！）可以带上草帽墨镜包包凹造型！,,,,,
很漂亮的景点，适合带小孩去。室内不热。就在金沙后面不远，走过去好了。公园比较大，室外戏水区也不错，适合小孩玩。就在海边，,,,,,
【新加坡最凉爽的地方】滨海湾花园，位于圣淘沙附近。作为人工景点，两座冷室是我在新加坡唯一需要穿上外套的地方，我穿着短袖，瑟瑟发抖。门票价格：户外花园和儿童乐园入场免费。门票套餐两座冷室（Flower Dome & Cloud Forest）+奇幻花园+短程专车服务，成人46新币，小朋友25新币。亮点特色：Flower Dome花穹（游玩时间45min）：世界上最大的玻璃冷室（2015年世界吉尼斯纪录）。拥冷室有超过3万种植物。模拟的是凉爽干燥的地中海和亚热带地区，务必欣赏千年橄榄树和猴面包树（最重的树）。Cloud Forest云雾林（游玩时间45min）：模拟清凉潮湿的高山地区，这里我感兴趣的点比较多：（1）有35米高的人造山和瀑布，合照时头发一定会被淋湿；（2）务必尝试cloud walk，山上有步道，可以边走边看。俯瞰整个冷室；（3）Cloud Forest Galley，科普了新加坡的历史，布置得非常fancy。剪影和3D投影都很有意思；（4）Secret Garden，密集的植物，非常美。不同于东亚偏爱的留白（减法），东南亚的朋友们真的很喜欢花团锦簇（加法）。Supertree Grove & OCBC Skyway擎天树丛和华侨银行空中走道（10min拍照）：下客点旁边，非常美，压倒性迎面而来的美。晚上7：45及8：45会有声光秀，值得看。小Tips：带件外套！2019.11.8-2020.1.5是圣诞季，可以来凑个热闹。,,,,,
SINGAPORE：选定Gardens by the Bay头像拍摄地如图，喜欢绿色的小伙伴 加上修图也不用几分钟 你的新头像就出来了2011年第一次到新加坡考SAT 玩了一整周2018年工作出差待了四五天今年又来出差 没想到狮城还是给带来很多新鲜感尤其三顾新加坡才入的滨海湾花园什么玩意儿啊？也太出片了吧！！首先不需买票的外景就很可爱了，大树隔很远就可以看到 随便拍拍就不错白天看着已经还行，晚上还有灯光表演（非常Disneyland）付费馆我们去了Cloud Forest和Flower Dome（其实没有太爱花卉的话，去趟CF就足矣）BTW，这里还有个小说明，工作人员跟你说某馆在做maintenance的时候不要紧张觉得惋惜是不是就这样要错过一个馆了........因为所谓的maintenance很可能只需要一天..........问清楚几个馆都开的日期就好了图的小小人工瀑布是这次行前看到出现一万次的打卡景点 位于CF 真的拍照的人超级多就是了 可以看看学习下各国网红拍照姿势&穿搭想要场景空空自己独美 就看有没耐心等了（明显我没有）在我心中CF胜过FD还有一个主要原因，就是有高空项目！空中很多镂空（满密的啦）通道 爱了结尾。,,,,,
订票方便，但是从金沙酒店到滨海花园的路标指示实在不明显，跟着Google Map导航更是南辕北辙，最后还是问了金沙酒店的工作人员才了解路线，结果到了服务中心还不是取票地点，说是要坐游览车过去，好吧，买车票过去实际很近，到了花穹和云雾林门口可以换票，整体感觉还是值得一看，热带雨林整体创意不错，人没那么多，晚上七点四十擎天树林有灯光秀，还是挺震撼的，就是回程要走一段才能坐车。,,,,,
值得一去，现代科技感很强，城市里的森林。,,,,,
"very pretty garden , will visit again, next time in singapore!",,,,,
这是一个很值得推荐的地方，过往植物园给我们的印象都是在平地上的，但这是一个垂直的花园，里面很凉爽，是暑假消暑的好地方，先去云雾林，再去花穹，云雾林是乘坐电梯上到最高层，然后一直自己走下来，边走边观赏植物，,,,,,
当天订当天去的 携程订票是非常方便 我订了免取票 预订成功后会发送到邮箱 有个电子条码 扫完可以直接进 室内最大空调不是吹 整个行程都很完美 但是建议白天去 晚上去没有白天美丽啦 但是我是为了晚上灯光秀 选了晚上去哈哈 最晚进场是20点 室外灯光秀分别有两个时间19:45和20:45 我们赶了最后一场 中秋认识非常多 但是完全没有影响这次旅行 新加坡人民是真的非常友好 爱上这个国家了,,,,,
"交通便利是最吸引我的，礼貌服务最为突出的表现为就是微笑。真正的礼貌服务来源真诚以及主动。在不打扰顾客的同时主动满足顾客需要,尊重客人。礼貌服务在一定程度上反映了酒店整体的水平，我非常喜欢，下次还会再来。",,,,,
坐MRT到bay front站下车 步行就可以到了 白天景致一般 晚上有灯光后 效果很棒 有点像阿凡达 灯光秀有时间安排 包括空中步道 也有时间和人数安排 遇到天气不好还不能上去,,,,,
事先在携程上买的双馆门票没有截屏，结果当场网页打都打不开，很急的时候求助携程客服，1分钟内解决问题，顺利进入，感谢客服小姐姐！个人觉得云雾林比花穹更好看一点，照片拍出来更美一点。两个馆内有点冷，可以穿件薄外套，好多地方可以拍照，特别出片！,,,,,
云雾林跟不错，其他的景点感觉就是个花园，跟国内很多自然天生的景点比起来要差，但是新加坡地小，能做成这样得景点还是非常不错，可以看的出新加坡为了美化国家，还是非常给力的。个人最喜欢的还是擎天树！特别是晚上的灯光！,,,,,
新加坡滨海湾花园里最引人注目的所在，当属巨大的树形结构，它们高度在25米至50米之间，被称之为“超级树”。超级树的树梢有小酒馆，旅行者不仅可以歇脚喝杯新加坡司令，还能够领略滨海湾和周围花园的精致。这些高耸的超级树，还被“空中栈道”连接在一起，让旅行者能够居高临下，欣赏花园的独特美景。,,,,,
花穹共分九大區域，每個區域裡都有來自世界各的稀有植物，顏色鮮豔、繽紛，對於喜歡大自然或是熱愛植物的旅者們，小編只能說這裡就是你們的天堂！出來花穹之後也可以逛一下紀念品店，多數的產品都是以植物作為主題，設計精巧、質感也不錯，十分適合拿來小禮物送給朋友們。,,,,,
新加坡滨海湾花园（Gardens by the Bay）由滨海南花园、滨海东花园和滨海中花园三个风格各异的水岸花园连接而成。该花园占地101公顷，位于滨海湾亲水黄金位置，是整个滨海湾项目的组成部分之一。滨海南花园的特色景点包括花穹和云雾林冷室、金园、银园和巨树丛林内的18 棵擎天大树、文化遗产花园、植物世界、蜻蜓湖和翠鸟湖等。花穹里面主要是各种植物花卉，布置很精心，景色也很美，云雾林类似一个超大的假山，里面还有瀑布，可以坐电梯上到最高处，然后沿着廊桥慢慢转下来，推着宝宝车也是没有问题的，里面很冷很冷哦，建议带一件薄外套，否则一冷一热容易感冒，那18可擎天大树值得去看看哦，有环形天桥，顶上还有餐饮，可以上去享用，就是价格不便宜呢,,,,,
太值得一去了！云雾林实在让人震惊！超级树也是，站在空中走道上拍夜景完美至极！,,,,,
两个大的球馆不同的风格，都可以去一下，里面很冷，建议带件外套，去的时候走廊正好关闭，没有走到，晚上的灯光秀还可以吧，变化蛮多，住在金沙酒店应该看的更清楚吧。,,,,,
值得一游的花园，有特色，看见了好多以前没见过的植物和花卉，新加坡之旅必打卡点,,,,,
花卉馆没有雨林馆有特色，但都很适合拍照，会看到各种珍稀的植物，雨林馆最惊艳的还是大瀑布，上去以后能看到大树，结束以后一定要去观看灯光秀，躺在大树底下很舒服,,,,,
最近几天唯一不错的地方，出乎意外的好。一是空气好，二是室外的免费。一定要带泳衣，外面的儿童乐园特别适合孩子玩。吃饭要去沙爹吃，各国的美食都有，还有饺子。,,,,,
云雾森林不错，很梦幻。如果晚上来也是很不错的体验，可以看美丽的灯光秀了。,,,,,
很有新加坡特色，微缩版的植物世界，充分利用了有限的展示空间，值得推荐。,,,,,
花园城市，人工的也是很美呀，里面有好多花花草草，还有瀑布，适合全家出行,,,,,
有人说这是现实版中的爱丽丝梦游仙境。嗯嗯，来天然氧吧吸氧，洋气十足。最近换上了圣诞主题，想再去一次北欧啦爱上这温室超级大棚，更爱这大棚里的温室花草，期待下次再见，期待再见更好的你我，再会再会,,,,,
没有有想象的那么惊艳，但是很好看，值得去！小孩子在里面走走还挺适合的！,,,,,
来新加坡值得一游的地方，游玩时间半天够了，一个劲的拍照，美得无法形容,,,,,
beautiful 非常好看 都是绿色植物 游玩系数五颗星 推荐推荐推荐 没看到灯光秀有点可惜呢 希望有机会再来欣赏灯光秀！！！,,,,,
新加坡地标性建筑之一，环境优美环保意识强，晚上还有灯光秀，值得来看看,,,,,
环境很美很漂亮 有点凉 穿长袖外套 ,,,,,
非常漂亮，必游景点，携程购票，扫码秒入园。园内空气非常好。。。。,,,,,
新加坡必刷景点，我是看了地球脉动后就特别想来这个花园，果然没错！,,,,,
很多品种的花卉，刚进去觉得好凉爽，越逛越冷，哈哈，记得带外套哦！,,,,,
超极树、植物冷室、云雾林......，各种珍稀植物，建筑也很有特点 ，真的感觉只有你想不到！很值得去看。要提醒的是，一定不要忘记带件外衣，在植物冷室，云雾林真的很冷。。。。。,,,,,
地标建筑，打卡必来，花穹和云雾林可以看看，空中索道并没必要。这个排队比较恶心，买了票也要去售票处领预约时间牌儿，根据预约时间排队。太繁琐不推荐！,,,,,
总体感觉比较一般，距离地铁站还是很远的，走走起码20分钟，而且正好圣诞假期，人山人海……公园内部展示的东西也比较一般，都是热带的一些常见风景。,,,,,
体验很奇特。设计风格独特迥异。如果有时间，你可以在里面多呆一会。你可以拍拍照片，小憩片刻，欣赏美景。连廊的设计非常独特。非常高，可也风景无限。,,,,,
非常值得去新加坡的景点。白天有点晒，一定要带伞，晚上还是值得去看看的，特别是晚上的灯光，很美很美！！！,,,,,
从金沙酒店通往滨海湾花园双馆一路拍照，一路都是美景，花园双馆之一云雾林人造雨林瀑布令人叹为观止。临近傍晚花园景观树开始亮灯，天色愈暗，灯光愈美，与摩天景观轮一起形成滨海湾靓丽风景线。,,,,,
新加坡共和国 ，旧称星洲或星岛，是个多元文化的移民国家，被誉为“亚洲四小龙”。新加坡除了有圣淘沙等名胜之外，其海港的灯光夜景也十分漂亮，本篇展示几张供大家欣赏。,,,,,
非常好，对得起这门票，春节花景布置特别喜庆，拍照拍不完。。。,,,,,
去的有点晚了，玩的有点赶，不过晚上有灯光映衬，夜市很漂亮的。,,,,,
世界树是免费的，但里面有两个独立的花园是要门票的。我们是晚上去的，建议还是白天去比较好。摩天轮我们是第二天晚上去的，喜欢夜景就晚上去，九点半以后上摩天轮可能一个轮子上就只有自己哦。,,,,,
新加坡共和国（Republic of Singapore），简称新加坡，别称狮城，是东南亚的一个岛国。新加坡是一个多元文化的移民国家，市区中心（金融区）位于新加坡岛的南岸。由于面积仅有719平方公里，所以没有省市县镇等行政单位之分，整个国家也即是一座城市，有“花园城市”的美誉。,,,,,
最喜欢云雾穹，特别美，参观完感觉这简直是新加坡人用15年建成的一个独特世界。云雾缭绕，恍如仙境。最后的展览讲了全球气候变暖造成的影响，很有深意。一定要多穿衣服，至少毛衣外套才行。,,,,,
这个景点真的是高水平 建造据说花了十个亿不止，工作人员的服务意识很到位。云雾林特别棒。,,,,,
真的好好看的两个展馆。还能听到当地的教师讲课。真的受益颇多。晚上观看灯光秀真的是美极了。每个游客就往地上一躺观看show。真的舒适极了。,,,,,
绝对值得打卡的景点，最有趣的当然是擎天树和室内瀑布，赞！,,,,,
花园很大，我们就玩了空中走道和两个室内植物园，非常漂亮,,,,,
这个主题公园值得一游，空中走廊、云端森林、的世界，可以玩足几个小时，花园城市名不虚传，加入科技元素后让人耳目一新，最后回到人类爱护环境，保护动物植物和人类的生态平衡的的状态。,,,,,
还不错，比我们这里的植物园要丰富，有点冷，建议带个外套,,,,,
最棒的滨海湾，不虚此行，真的好美好美，来新加坡一定要玩,,,,,
根本想象不到，新加坡目前有一半地方都是填海填出來的，特別是這個海濱花園也是填海出來的新開發區！不得不說，新加坡的園林設計非常好，植物花草真的好漂亮....大人小朋友都適合參觀,,,,,
比较有特色的是植物，比如霸王花、食人草、灯笼草都是由乐高搭出来的，小朋友比较喜欢，就是人太多了，很多阿三同志坐着轮椅插队，大家都懂得,,,,,
含着空中走廊因为下雨不让走，花卉的那个就是各种花的集中，没啥意思，就像昆明鲜花批发一样，拍照也像是在大棚里照的，就是室温很舒服而已：,,,,,
是个让人流连忘返的地方，它由滨海南花园、滨海东花园和滨海中花园三个风格各异的水岸花园连接而成。该花园占地101公顷，位于滨海湾亲水黄金位置，是整个滨海湾项目的组成部分之一。,,,,,
滨海湾花园应该称得上是花中的城市，一颗璀璨的明星坐落在这个环境优美的新加坡，奇形怪状的植物，世间罕见的花，独特风格的建筑，这里将这些巧妙的结合起来，组成了一个空中的花园。,,,,,
有地铁直达 花园很现代 科技感十足 各种植物有耳目一新的感觉 在里面就是天然的氧吧 标志性的几棵大树在晚上点亮后很漂亮,,,,,
在携程上订，很方便，而且直接刷二维码进园，只是订两张单，分两个二维码，当时只截取一个二维码，进园时费了不少时间找回另一个二维码。,,,,,
预订后很方便就换票入园了，关键是现场28新加坡元的门票，携程购买要便宜，4张票省了100元，让老公大呼中国好厉害。。。2个温室虽不是很大，但却匠心独具，别有一番情趣。,,,,,
室外晚上温度还可以，随便四周逛逛看看灯光秀啊。,,,,,
非常值得一去！特别提示：租一个讲解器，游客服务中心有，无需押金，3新币一台，有中文讲解。花穹和云雾穷设计都很用心、空间利用超棒,,,,,
想要无所事事般的冒险旅行，遇到随心所欲的江湖~,,,,,
有很多花没见过，馆内温度偏低，小朋友要加件长袖,,,,,
地方是真不小，两个室内景观也挺壮观，室外逛起来很轻松，也不用挤，室内有些拥挤，从金沙走过来累屁了，走的时候很方便、出租站不远,,,,,
特别漂亮，里面也大，还有儿童乐园，值得一游！,,,,,
新加坡旅游网红打卡地。不过，真的值得一看！,,,,,
两馆门票当场手机购买，入园顺畅，非常推荐！,,,,,
很漂亮，尤其是夜景，灯光和造型很有科技感。,,,,,
总体感觉一般般，正值圣诞假期，排队的人特别多……室内还是比较凉爽的，排队坐电梯也需要约一个小时，总体体验就不是特别好了。,,,,,
新加坡滨海湾花园vlogGardens by the Bay世界十大室内花园就在这里，辰山植物园室内花园的超级升级版本，其实是植物冷室所以超级冷，一定要带好外套！园区分成三部分，滨海东花园，滨海南花园和滨海中花园，南花园最大游玩的景点也都在这。花园可以参观大自然又可以学习环保知识，亲子游最合适不过了。我们就买了两个冷室的门票，再加上逛下金沙，公园，看灯光秀也用了大半天时间了，建议不用在购买奇幻花园和空中走道的门票了。交通：就位于始市中心，地铁downtown line到海湾舫Bayfront站，下来路过金沙酒店，如果住在金沙酒店去滨海湾花园非常方便了，走过去5分钟。没有住酒店的可以逛下富丽堂皇的金沙商场,,,,,
滨海花园真的超级漂亮，去的时候太累了 结果付了3坡币搭了电瓶车哈，双馆觉得很值得去，设计超级棒，觉得像世外桃源，花花都维持得很漂亮，看到专人在捡枯叶。,,,,,
第一次去新加坡， 當然是要到必去的打卡点- 濱海灣花園， 由地铁出來， 沿路有清楚指示， 很快便到濱海灣花園的位置了。 可以只在公園內看風景， 完全免費。 但也可以獨立買門票， 到樹頂的步行走廊看看高空的景色。 感覺上由低向上望和由高向遠處望的景觀和感覺完全不一樣， 一家人， 又有輪椅， 都可以去， 完全冇問題。 一天時間慢慢玩， 不錯。 就是天氣太酷熱了， 因都是戶外， 要多帶水。,,,,,
白天来的时候看不出什么特别，晚上的灯光秀一下子把我震撼到了。十余个高高的花柱，随着音乐不停变换着灯光，就想看烟火一样。如果买票早的话还可以在上面的空中走廊安漫步，不一定住金沙酒店，但一定要来金沙酒店的这个后花园来看看！,,,,,
滨海湾花园有一处地方推荐有小朋友的可以来玩，大人小孩都可以。最重要的是免费免费免费[奸笑][奸笑][奸笑]玩好，还可以免费冲凉，换上干净的衣服，也不会感冒 。[奸笑][奸笑][奸笑]，非常人性化的设计[玫瑰][玫瑰][玫瑰]点赞！,,,,,
新加坡花园城市~可以说非常喜欢滨海湾花园了，里面真的超级好看der！来新加坡一定要体检一下，花琼和云雾都值得体验一下，里面植物很多，非常有特色。关键是，在火辣辣的新加坡，进到馆内你会不想出来的。建议在携程买个套票,,,,,
可以说是一个奇迹吧，在热带国家打造了这么一个温室，其中种植了各地的花草，让每个人都能由衷的感叹大自然的神奇和人类的创造力！最让我着迷的是瀑布，能有4-5层高的满是植物的人造山上直流而下，真没想到在新加坡这个地方能看到这样的景色！,,,,,
打卡新加坡滨海湾花园 紧挨着金沙酒店 步行到滨海湾花园 湿热的新加坡在花园中夹杂了一丝丝凉爽 这个花园不是很大 里面的植物种类很丰富我都叫不上来 因为植被多所以阴凉不少 可以随时休息 还有几个场馆是收费参观的 我都忘了是什么了 小商店的冷气很足 商品种类也不少 出口处打车也很方便 还是值得去的,,,,,
非常漂亮的景点，喜爱植物的不要错过，因为身体不适所以坐了游览车逛了一圈，车费8元新币，小朋友3元，一路英文讲解，很多专业的植物名没听懂，遗憾。然后去了花穹和云雾林，里面非常冷，短袖裙子挡不住，一定要穿件外套或披个围巾。云雾林有点小震撼的，值得看。不知不觉天就黑了，夜晚的灯饰非常的璀璨，有印度或中东的感觉，走了几步看到了金沙地标，8:30多打算回去，发现游客都在撤，去前没有做好功课，所以等车等了一个多小时。,,,,,
如果你对美丽的植物很感兴趣，那海滨花园是一个特别值得你来一趟的地方，它的位置也非常好，就在帆船酒店后面，但你要注意怎么过去，地面是没有过去的马路的，你要在地铁的通道里走，这个我们当时绕了好久才弄明白。花院分室外园区和室内园区，室外的是免费的，也很美，室内需要买票，特别推荐一定要进去看看，里面的景色和植物真的超级美，配合人造瀑布，云里雾里，仿佛在仙境一般，室内园区的门口处还有纪念品商店，都是和植物有关的，还有这种植物做的冰淇淋，挺天然的感觉，没有奶油，不错。,,,,,
熟知新加坡的友友们都知道金沙酒店是个建筑地标，富丽堂皇的酒店和别具一格的高空游泳池让人想想都心动不已，夜晚金沙酒店灯光汇演更是一道美丽的风景线。傍晚座上游船来一次巡游也是非常好的选择，鱼尾狮附近也有不少休闲酒吧环境也很棒，喝着酒和友人谈笑风生真的很舒服。围绕滨海湾来个夜跑也是不错的选择哦。总的来说新加坡城市卫生干净整洁，空气清新，美食多样是出行的好去处。,,,,,
交通非常方便，坐蓝色地铁线bayfron的站出来，沿着指示步行就到了。现在中秋节快到了，到处都做了关于中秋节的灯笼，有很多故事，嫦娥奔月的，月下老人等等，装扮得很美，还有表演。晚上的灯亮起来更美，太赞,,,,,
性价比不错，适合拍照和打卡，其他无感。,,,,,
滨海花园真的挺漂亮，在携程订票秒出票哈,,,,,
关键是团队票窗口取票，窗口在景点入口区。一定问清楚具体位置，总体还是方便的。,,,,,
来新加坡不来这里，你就太亏了哈哈哈哈,,,,,
还是很不错的。可以去走走。风景还不错,,,,,
买的扫码入园，方便快捷还便宜，给携程打call。忠告：千万多带衣服！千万多带衣服！千万多带衣服！不亏是冷库，冻得我无心看景。云雾林温度爽上加爽。,,,,,
买了双馆的门票，玩得还是很不错的。,,,,,
很漂亮的美景，晚上更漂亮，有烟花秀,,,,,
云雾林大赞，花穹就显得很鸡肋了。,,,,,
超美，绝对值得一行！！！！适合亲子拍照！注意要带衣服游玩，室内比较冷！不亏是花园城市，算是新加坡一处杰出代表景点了！,,,,,
太美了，值得一去，花园城市新加坡,,,,,
夜景特别好看，一定要留到晚上，下午去闲逛两个管，然后排队走空中走廊，晚上看灯光秀，超级好看的，如果你住在金沙酒店在酒店就能看到，可以一边游泳一边看灯光秀,,,,,
这个地方真的很美，可以在里面坐着发呆，就是春节时间人有点多，植物种类很多，也很美，去新加坡玩的的朋友一定不要错过,,,,,
滨海花园就在滨海湾金沙酒店的后方，从酒店内部乘坐电梯，可以直达公园门口。花园本身很大，植物繁多，还有一个很大的湖泊，水里植物十分漂亮，是个散步的好去处。,,,,,
滨海湾花园实际是两个冷气的室内花园，里面的植物也是很漂亮的在炎热的天气里可以逛一下也是很享受的，晚上的灯光秀也不错啊，但是不适合近处观看，最好是住金沙酒店选择园景，最好是2号楼晚上可以直接观赏,,,,,
简直震惊到我了，里面非常漂亮！,,,,,
脑洞大开的仙境，绝对值回票价。,,,,,
很好用。打印出来，两个馆一扫就进去了，分开扫的，里面很冷还是要穿外套！,,,,,
人很多，一定要找一天不下雨，傍晚去，直到开灯再到入夜，真的很美，空中走廊像个游玩项目有点刺激，恐高的可以不上哈哈，灯光秀时正好在空中走廊，往下特别刺激,,,,,
景点还是很赞的，就是排队确实排了好久，还是在晚上，如果下午更辛苦。不过还是很值得的，地标性建筑一定要去一下的。,,,,,
美轮美奂，值得一去！不虚此行！,,,,,
带五岁以下的孩子去没什么玩的，除非特别喜欢花啊树啊草啊等，里面还特别冷，进去十分钟就出来了。携程定票很方便。,,,,,
很方便，直接刷码不用排长队。,,,,,
视觉盛宴，。老少皆宜的景点。,,,,,
环境不错，就在金沙酒店边上,,,,,
超级好玩，我觉得是新加坡最好玩的地方，孩子很喜欢！下次还会再去的！岛上最爱的地方，非常适合带孩子的家庭去！,,,,,
购票取票都很方便。花穹里的花品种多很多，里面的多肉都好可爱。一进云雾林，瀑布很震撼。两个林里的冷气足足的。,,,,,
花园虽然不是很大，但是规划布置得井井有条。来自世界各地的花草在这里都可以看到。恰逢中国新年，园内还特意为庆祝中国新年做了中国特色的装饰，非常不错。,,,,,
花园虽然不是很大，但是规划布置得井井有条。来自世界各地的花草在这里都可以看到。恰逢中国新年，园内还特意为庆祝中国新年做了中国特色的装饰，非常不错。,,,,,
花园虽然不是很大，但是规划布置得井井有条。来自世界各地的花草在这里都可以看到。恰逢中国新年，园内还特意为庆祝中国新年做了中国特色的装饰，非常不错。,,,,,
花园虽然不是很大，但是规划布置得井井有条。来自世界各地的花草在这里都可以看到。恰逢中国新年，园内还特意为庆祝中国新年做了中国特色的装饰，非常不错。,,,,,
在携程网买的票优惠点，到门口只出示二维码就能进园了，里面有两个植物园，一个是瀑布植物园，另一个是鲜花植物园，植物园距离金沙酒店很近，走过去就是了,,,,,
值得一看的景点 商店基本都会中文 就有点排华 一点服务意识都没有 买东西还要看脸色 如果这么不愿意见到中国人 就别出来做事了,,,,,
听说全世界的植物这里都有，确实很大，瀑布很漂亮，冷气也够足，晚上的灯光秀没时间看，空中走廊没必要去。来新加坡游玩的话，这个地方全是必去的景点吧,,,,,
听说全世界的植物这里都有，确实很大，瀑布很漂亮，冷气也够足，晚上的灯光秀没时间看，空中走廊没必要去。来新加坡游玩的话，这个地方全是必去的景点吧,,,,,
很方便，扫码入园不用排队，而且我们去的那天也可以去上面的桥，建议可以在天黑前先去双馆，然后出来在等天空树的夜景。但是滨海湾花园我觉得是新加坡景点人最多的地方，想拍单独的照片比较困难。,,,,,
也行很不错，不过建议规划出行游玩时间，花穹还有云雾林都是8点后不再让进去了，还有sky walk 也是晚上8点后就不让进了,,,,,
花园挺好的，不过我在对面金沙玩太久，最终可以玩的时间不多，最最最重要的一点携程没有提，好多人都是到了现场还不知道，那个空中走道，要拿票换号的！,,,,,
非常值得一看的景点。,,,,,
云雾林比花穹更好看呀,,,,,
这里是新加坡的网红大花园，超美超凉快！滨海湾花园有个好听的英文名，Gardens By the Bay。这里由两座大花园组成，分别是花穹与云雾林，各有特色，宛如仙境。一进入云雾林的大门，映入眼帘的是世界上落差最大的室内瀑布，35米的飞流直下带给你从头到脚的清凉——我说的是这里的空调系统。这里孕育着适宜在热带山地雨林中生长的兰花、猪笼草以及各种蕨类植物。云雾林如同一个被山间云雾与蒙蒙细雨笼罩的雨林，正确的游览方式是乘坐电梯首先来到最高层，俯瞰漫山遍野的绿植与鲜花，感受身处云端的梦幻仙境。然后在随着步道与栈桥逐层下降，最终返回人间。欣赏艳丽花草的时候，千万要睁大双眼，不然就要被眼前的假象所迷惑。如果只是单纯的拍拍照看看花儿，未免有些俗套。在云雾林的每一层，都有针对各类植物的科普展区与讲解。要是回去一问都看到了什么花有什么特点，却一问三不知，那岂不是很尴尬。花穹则完全是花儿的乐园，云集了五大洲各种习性的植物被分成了九个不同的主题花园，整个花穹再现了地中海的干冷气候，花朵眼里芬芳，游客则享受着一片清凉。九个主题花园分别为猴面包树和宝瓶树花园、多肉植物花园、澳大利亚花园、南非花园、南美花园、加利福尼亚花园、地中海花园、橄榄树林与变幻花田展。园与园之间界限分明，能清晰地感受到植物种类的区别。但各自完美地融入在了花穹这个大花园中，各自蓬勃生长，一不留神便会在花海中穿越五大洲。相比云雾林的层次分明高低错落，这里没有高耸的灌木，无需登上爬下，目之所及，便是一片自由的世界。值得一提的是，滨海湾花园不仅拥有多样的植物生态系统，两座不规则的圆拱形建筑更是曾在2012年赢得了世界最佳建筑奖，与鱼尾狮一道成为了新加坡的标志性建筑。位置：18 Marina Gardens Drive 018953交通：海湾地铁站下车，步行5分钟开放时间：9:00-21:00票价：28新元,,,,,
新加坡美丽的滨海花园是著名的网红打卡地之一，在这里植被茂盛，繁花似锦，无处不充满着浓郁的东南亚风情。而SuperTree by IndoChine餐吧就位于滨海花园中最大的天空之树顶层，在这个不大的露天餐吧里，可以把新加坡的城市风景尽收眼底。一边是金沙酒店在城市skyline的衬托下高耸入云，一边是花园景观连着海岸线郁郁葱葱，可谓是拥有绝佳的地理位置。不仅如此，这里也提供许多东南亚菜系的美食，有新加坡、马来西亚，泰国和越南等地的融合菜，让你一边欣赏美景，一边品尝东南亚美食，体验觉对棒棒的！光临了2次IndoChine都是在夜晚，如果不想吃正餐，顶楼有一个小型的吧台，20新币的入门券，包含一杯酒水饮料，在露天的树顶喝着小酒，吹着海风，欣赏着新加坡的无敌夜景，也是美不胜收。,,,,,
滨海湾花园就在著名的金沙酒店&quot;隔壁&quot;有两个室内植物馆也就是花穹这里上了两张夜景图，觉得门票好贵的没舍得去但是当时意外在办插花类的比赛倒是也一饱眼福。去了空中步道要拍一小会儿队的，也要票的建议票都是网上买，便宜太多。步道会控制人流的，如果想多待会儿得多走动不然会有安保人员赶着你向前走的。我当时待了半个多小时为了等天黑好拍夜景到最后实在是等不及了，夜景图后来在摩天轮上拍的，很漂亮。在空中步道上可以远眺到港口，当然摩天轮什么的景色都在眼前。所以还是蛮推荐的，上面有点微晃，不过保证安全的啦,,,,,
美丽的城市花园，靠海边，连接着金沙，风景无限好。里面有两个展馆，花穹和云雾林。可以分开买票也可以买联票，携程买票还是比较划算的，到卖票点把条形码给最右边一个窗口的工作人员刷就可以了，还是比较方便的。云雾林进门就是瀑布，应该是冰水，很冷，在里面冻的手脚冰凉。在新加坡这种四季很热的天气里，是个避暑的好去处。花穹里面的花分地理区域品种布置造型，也很漂亮。,,,,,
妈妈超级爱的一个景点 因为有好多花儿可以拍照 说实在的造景真的非常棒 一进门的瀑布有四五层楼高 乐高玩具拼的猪笼草也是亮点哦 总之是一个值得一去的景点,,,,,
滨海湾花园还是值得去的。花穹和云雾林门票加起来113RMB，去之前在携程订的，现场扫码。如果早一天，还能便宜几块钱。花穹各种花，还有好多多肉，开花的多肉，各种仙人掌。云雾林有点仙境的感觉，人造瀑布，花的山，还可以观看小电影，加强小朋友的环保教育。超级树晚上更赞，可惜太饿了，跑去金沙商场下面吃晚饭了，花园外围免费的地方没好好看。从滨海湾花园到金沙挺近的，地铁也方便。如果打车要注意晚上6点以后要加5新币的服务费。,,,,,
漂亮的花城。。。。,,,,,
可以说是美极了，新加坡必打卡地点之一。新加坡的室内冷气都超级足，小朋友一定要带一件薄外套或马甲。我们是11月底去的，人不算多，在里面转转拍拍照，怎么也要2小时，更喜欢云雾林，很赞,,,,,
可以说是美极了，新加坡必打卡地点之一。新加坡的室内冷气都超级足，小朋友一定要带一件薄外套或马甲。我们是11月底去的，人不算多，在里面转转拍拍照，怎么也要2小时，更喜欢云雾林，很赞,,,,,
环境很舒服的室内花园炎热的新加坡，这个花芎非常适合排在白天去参观，环境非常舒服，同时可以看到来自世界各地的花草植物，值得来参观,,,,,
世界最大冷室花園,,,,,
新加坡必去的打卡景点之一哦。白天晚上各有不同的感觉。携程可以购买电子门票，无需排队，即可入场。进场后满眼的绿色，让你的眼睛做个spa吧。,,,,,
很美！很漂亮！,,,,,
不错，很值得去,,,,,
推荐必去打卡地,,,,,
滨海花园值得一去，看到很多热带植物，晚上的夜景也很美！,,,,,
室内大花园 冷气十足 双馆风格不同 出门时可以盖章多次往返景区,,,,,
"十分漂亮无论日夜都十分漂亮, 各有不同的感觉。晚上七时四十五分同八时四十五分会有免费的灯光秀, 好有浪漫的感觉, 值得一去，推荐。",,,,,
超级大花园，超级购物中心，听说还有室内大瀑布，耗资巨大呀跟团游，就远看了下，没有逛，有些遗憾了，感觉新加坡真的好喜欢室内瀑布的呀,,,,,
很美的花园,,,,,
都是真花草,,,,,
邻近滨海湾，在金沙对面，从金沙2楼有一个过街天桥可以到达。一大片的绿植，有两个好看的生物馆。有10来棵高耸的天空树，夜景很美,,,,,
绿树成荫百花盛开，是一个值得推荐的地方。是新加坡的一个著名的旅游景点，里面有各种奇花异草，生态环境，集知识性和趣味性于一体,,,,,
坐地铁去，先看空中花园酒店建筑，非常惊艳，买了票大概90多元去56层看了空中花园。下来后买了每人166的票去滨海花园特别好,,,,,
新加坡地标之一，必去的游玩景点，超美的滨海湾花园，壮观的超级树，可以上去俯瞰滨海湾花园，晚上还有灯光秀，学景观的必去之地！,,,,,
值得參觀，小朋友們增長見聞，提高環保意識。記得一定要多穿一件衣服，空調不是一般的冷，主要是夾著水氣吹过來的風，凍的人发寒。,,,,,
我们买了两个馆，虽然小但里面很美，值得去看看，融合了世界各国的花卉。室内瀑布很美，馆内温度舒服，不着急可以慢慢逛小半天。,,,,,
和媳妇一起去的 真的很美 不愧是绿色城市 绿色花园 晚上的夜景值得一看 还有表演 我们第一天没排上登上塔第二天晚上赶上了 没有失望,,,,,
太值得去了，带着孩子荐意最少要七八天，否则玩不全面。好吃的很多，当地的朋友带着去的，玩的开心吃的开心，关键是孩子们很开心,,,,,
两个室内热带植物园花穹 各种花卉植物争相斗妍 照相的好地方 最惊艳的还是晚上的巨树亮灯演出 让你犹如进入了阿凡达的世界 银行出资冠名的空中观景步道可上可不上 个人觉得没啥意思,,,,,
真的超级棒！新加坡必打卡的景点之一！！推荐中午吃了饭以后去，先看一下白天的景观，然后参观两个植物园(立体花园式的，非常新颖，值得参观)。晚上再看看灯光版本的，特别震撼，还有灯光秀，提前掌握好表演时间，要早点去占位置,,,,,
棒棒哒棒棒哒棒棒哒棒棒哒棒棒哒棒棒哒棒棒哒棒棒哒棒棒哒棒棒哒棒棒哒棒棒哒棒棒哒棒棒哒棒棒哒棒棒哒棒棒哒棒棒哒棒棒哒棒棒哒棒棒哒棒棒哒棒棒哒棒棒哒棒棒哒棒棒哒棒棒哒棒棒哒棒棒哒棒棒哒棒棒哒棒棒哒棒棒哒棒棒哒棒棒哒棒棒哒棒棒哒棒棒哒棒棒哒棒棒哒棒棒哒棒棒哒,,,,,
在携程定的套票，但事实上到了海滨花园又重新购买的门票。原因是携程定的票必须在购买后凭借ID及邮件电子凭证去新加坡太平洋酒店去领取门票。而这是我乘坐出租车到达海滨花园被阻止入场时才完全了解的。这个失误不能完全怪携程的网络订票 很大原因来自我没有通读全部信息。不过，订购中的使用说明：“凭有效证件+携程发送的电子票取票入园”。这句对我产生一定误导。21世纪电子票绝大多数是可以现场扫码入园的，当我看到电子票时认为扫码入园是最便捷的方法、另外凭电子票取票入园也自然认为是在公园购票处换取门票，但完全没有想到有了电子票后还要去与公园完全不同方向的另一位置取票。网络订票的意义在于便捷，如果加上往返交通费和时间，那提醒大家 如果不想为了取张票来回折腾就去现场买票。我是晚上7点入园 因为8:45有一个灯光秀 白天是看不到的。两个付费场馆同时购买花了28新币 但我的感觉是一般般。没进去会有点遗憾 但进去了也就那么回事。一小时可以快速看完两个付费场馆。出来买了雪糕等看灯光秀，小摊位卖的雪糕6新币一根不算便宜。应该说整晚最激动人心的就是灯光秀，声光电的配合下能让人体会到一种超越现实的感受。这里提醒你，这个秀是完全免费的，即使不够卖付费场馆门票也不影响你进入主园区欣赏免费的表演。当晚主园区为公众开放至凌晨两点，同时还有免费的露天电影，坐在草地上吃冰激凌看电影很爽。所以说我买了双倍的门票 但印象最深的反而是不需要付费的。每个人喜好不同 旅行时间长短不同 就给大家一个参考吧。,,,,,
第二次来新加坡，却是第一次来滨海湾花园，游罢，着实让我吃了一惊。不要把滨海湾花园当作一个普通意义的温室花园看待。因为它在努力体现着新加坡热带城市的气质精髓。通过大规模、构思精巧的植物、花卉等景观设计，以及环保理念的倡导，帮助新加坡实现价值观的转变。即从“花园城市”向“花园中的城市”蜕变。仅仅两字增加，却意味着这个多元化的小国家在自然景观设计水平、建设规模以及环保意识等方面，有了大幅提升，人居环境当然也有了较之以往的持续改善。三年两次游览新加坡，我更喜欢这个国家了。,,,,,
景色很美 美轮美奂 里面的格局布置很漂亮 就是好冷啊 建议去玩的人带一件薄外套 还是值得一去的 推荐,,,,,
"花花绿绿的世界真好看/刚到新加坡看的第一份“硬菜”，便是这座位于市中心的超级花园以10亿元造价成为新加坡最新的地标，你可在花园中巨大的半球形温室里观赏到超过25万棵奇花异草（相信喜欢花花草草的小仙女，一定不会错过），这里还有个超级地标式的室内瀑布。双馆门票（Flower Dome &Cloud Forest），我们是在网上买的，提前一个小时买就行，电子票，扫一下就能进去，十分方便，RMB 113/人。空中走廊门票（Supertree Grove）我们是去到再买的,8 新币/人。Flower Dome 花穹（晚上8点前都能进去，9点闭馆）一进去就像进入了童话世界一样，新加坡政府真是斥了巨资打造这个空中花园。里面是根据植物的产地做了展馆区域划分，真是开眼看遍世界各地的植物呀。这个馆我最喜欢的要数那群仙人掌了，惊叹仙人掌的品种竟然也有这么多，一个个看起来绒绒的好呆萌，但只可远观不可亵玩哦。中途休息的地方，猛回头竟然发现有一株苏州人送去的某植物，以庆祝苏州-新加坡工业园区20周年。花穹里面挺大，全是缤纷的花朵，布置上也很有意境，小花架小庭院瞬间被治愈。Cloud Forest 云雾林（晚上8点前都能进去，9点闭馆）这座馆是绿色植物居多，一进门就是个巨型瀑布，绿色植物加上水汽，还有窗外的夕阳光。室内山林，仙气环绕，从山顶倾泻而下的瀑布，顺着走道环绕一圈，体验感超棒，完全被自然的那种森气包围。还有缥缈的云雾，就好像是在爱丽丝仙境。两个馆真心可以逛一个下午。场馆本身就很好看，再加上女生在里面凹造型真是停不下来。推荐四五点过来逛，那时候拍照光线比较温柔，重点是逛完休息会儿可以连着晚上的天空树灯光秀一起看。天空树白天和夜晚给人两种不一样的感觉，被灯光点缀过后的天空树带着一丝神秘奇幻的色彩，像极了阿凡达里面那颗树。交通：乘坐地铁CE线至Bayfront站下车划重点的Tips:1.云雾林官网为了控制流量，这个馆是单向游览的，坐电梯直接上顶层，然后绕着景观山一路走下来。 一进入口就是瀑布，网红视角就是在入口这里，但人很多，所以要抓住机会赶紧咔嚓。2.这两个场馆最良心的地方就是出口处可以盖再次游览的印章，如果有时间还想进去看的话，推荐盖章呀。3. 里面冷气很足，20度的感觉，小仙女可以带个外套。",,,,,
我觉得风景还不错，可以玩一下。但是超级超级不推荐网上购票！！！距离远，没有直达交通去景点，非常不方便。建议大家去现场买票，价格一样的，而且去排空中走廊能方便一点。在网上买了很多票，都是价格优惠并且换票非常方便。所以希望大家接受我的建议，滨海花园选择现场买票,,,,,
值得一看，整个建筑体由玻璃构建，设计得非常精妙，两个馆各有千秋。外观贝壳简约大气，弧线流畅，却也内藏乾坤。随着高度上升，植被逐渐发生变化，景色也越来越不一样。馆内烟雾缭绕，透过玻璃能望见整个bay的景色，尤其是夕阳西下的时候，海面金光灿灿，不远处摩天轮缓缓转动，暖色的阳光打在脸上，格外漂亮。,,,,,
好用，扫二维码直接就可以进景点。好用，扫二维码直接就可以进景点。好用，扫二维码直接就可以进景点。好用，扫二维码直接就可以进景点。好用，扫二维码直接就可以进景点。,,,,,
gardens by the bay 全称，实话室内部分感觉像我们中国的世博园结合体，我个人觉得没啥意思，小孩子和女同志应该很喜欢。室外部分天一暗就美得像“阿凡达”里的虚幻世界，这个称赞,,,,,
"走进阿凡达神秘魔灯世界，探秘阿凡达生命之树 一切都被颠倒了，仿佛那里才是真实的世界，这里才是梦。Everything is backwards now. Like out there is the true world, and in here is the dream.来自电影《阿凡达》。                                    当《阿凡达》的生命之树照进现实，如痴如梦的场景中，你是否为“生命之树”那擎天有力的模样而着迷惊叹？Gardens By The Bay新加坡滨海湾公园，种植着18棵阿凡达世界里的Super Tree参天大树（也可称为擎天大树），其位于滨海湾南园区，高达25-50米，每一棵大概是9 至16层楼高的垂直花墙，种满200多种热带植物和蕨类植物。它们树冠白天可以遮阴，也可收集雨水，再造太阳热能，充当着滨海湾花园""通风管道""的角色，除了颜值爆表，具备一定的实用功能。滨海南花园室外公园是免费游玩，而在两座巨型花墙之间则架有一道 128 米长的""空中过道""。游人可随时漫步缓行，居高临下，鸟瞰花园及滨海市区的优美风景。“空中过道”步行是需要收费的。另外，新加坡滨海湾花园内有两个巨型植物冷室：“云雾林”和“花穹”。这两个植物冷室是需要收费的。花穹被收录在2015年的吉尼斯世界纪录，是世界上最大的玻璃冷室。花穹占地1.2公顷，有38米高，气温保持在23°C到25°C。花穹内共分为猴面包树和宝瓶树、多肉植物、 澳大利亚 、 南非 、南美、加利福尼亚、 地中海 、橄榄树林与变幻花田等9个主题园，展示不同地区的植物花卉特色。它模拟了地中海及半干旱、亚热带地区凉爽干燥的气候，总体上以花类植物为主，还有一些多肉、仙人掌，时刻保持着百花盛放的绝妙景致。花穹中央区域会随着不同季节有些特别展出，大家可以留意园内展出告示。云雾林有一座 35 米高的苍翠云山，烟雾缭绕，宛如仙境，一座全球最高的室内瀑布飞流直下，打卡的人超多，让人流连忘返。特殊节假日会邀请乐队在展览馆中进行表演。绕过瀑布就开始进入到展览馆的主要区域，整个展览馆建立了一座七层高的假山。#顶层#模仿食虫植物的栖息生态，有乐高搭建的池塘和玻璃展示架。#中间层#透过玻璃可以看到擎天树丛和金沙酒店#最下层#喜欢转角的水帘洞以及窗格种植的苔藓类植物。上面提到的两个馆是属于室内模拟干冷模式，所以有点凉意，要提前准备了衬衫穿上分别在出口的地方，都可以在手腕上盖一个蓝色的章，凭这个可以再次入馆参观。滨海湾花园里面有一个免费的儿童公园Far East Organization Children's Garden，进门是个很大的音乐喷水池，水流随着音乐不断变幻，小朋友可以尽情戏水 ，同时有免费儿童冲淋区可供小朋友洗刷刷。在喷水池旁边的树丛里，有一个儿童探索区，那里有树屋、悬索桥、蜘蛛网、攀爬设施等，适合小朋友们玩冒险游戏。夜幕降临，音乐响起，擎天大树的灯光随之舞动，灯光熠熠，多姿斑斓，唤醒了整个海滨湾花园之夜! 完美的Gardens by the Bay，精彩的新加坡的夜才正式开始。自然与科幻的完美结合，大开脑洞想象，试想那些可爱的小精灵围绕着五彩缤纷的生命之树飞来飞去，一切都变得如童话般梦幻，那片犹如精灵般的世界，超乎现实的存在。城市与花园的结合，历史与现代融洽共存，合力造就了新加坡的多元文化和无限魅力，让人爱得无法自拔。分享过几篇新加坡旅拍，希望能给大家新加坡之旅带来灵感。欢迎继续关注，陆续分享其他旅拍哦。",,,,,
   在超美的鲜花穹顶下吃一顿fine dinning 到新加坡旅行，大部分的人一定会去滨海湾花园逛上半天，都知道这里的环境超级美，各种擎天大树和花卉绝对吸引游客们。那么，你知道这里面藏着一家非常美的餐厅吗？去之前已经很想打卡，却因为行程临时并没有提前预约，抱着试试看的心态，我们竟然幸运地walk-in了这家超美的被鲜花包围的餐厅。   “Pollen Terrace”是起源伦敦的一家融合欧洲和亚洲的有机餐厅，LP上推荐这里的下午茶，但我们选择了在这里吃午餐，事实证明一家餐厅高品质就真的不管是什么都做得很出彩： 菜单并不是非常丰富，但每一个section都有，而且特别的有为素食者准备的推荐： 前菜沙拉非常爽口，紫色椰菜很值得一试，里面的水果片和黄瓜片搭配着水芝士，还有核桃粒，吃起来口感非常特别，分量不大，两个人差不多； 主食选了一份牛肉芝士汉堡泥，是厨师推荐的，非常欧式的风味，牛肉味道很棒，旁边还搭配了烤面包； 另外一份则是北欧烤鱼配黄糙米，里面有鱼籽，这算是很健康的组合，特别是烤鱼做得非常出色，鱼的部分一点不焦，口感很香却不油腻，特别是鱼皮很嫩； 餐后小吃点了一份三文治配薯条，薯条不错，三文治里面选的是素食，面包意外的软，也是厨师推荐；实在是吃的太饱所以放弃了甜点。 餐厅的就餐环境非常棒，第一次在这么美的餐厅吃饭，头顶是鲜花穹顶，周围也都是各种绿植，位置还能看到外面的新加坡摩天轮 ；坐得舒服，桌子之间距离合适，保护客人谈话隐私；里面的温度配合花园的温度，所以吃到后面还会稍微有点冷，最好自备一件小外套。 服务很不错，餐厅领班亲自服务我们，全程都是英文，点菜的时候很贴心地说“两位可能点这些会比较多哦”，不过fine dinning餐厅一贯的上菜稍微较慢，除此都是好评。 价格算是小资以上，这样的人均大概60-70的新加坡元（附上菜单以供参考），基本上多数是外国客人以及商务客人，我们就餐那会儿是唯二的亚洲脸孔。 关于下午茶，则是在楼上更为休闲的咖啡馆，除了周二休息，其他日子是下午3点-5点提供下午茶。 关于预约的部分，基本上fine dinning餐厅都是要预约为前提，如果超过三个人建议一定要提前订位，我们这次真的是很幸运的直接去到有位置，当我们坐下以后有一家子拖家带口的想进来就已经满了，等到我们吃饱了都还没有位置。 位置&门票：滨海湾花园的鲜花穹顶里面，因为滨海湾花园进去需要门票，如果客人只是为了到餐厅用餐，在就餐时间段可以免费入场。,,,,,
新加坡最值得去的6个地方，千万不要错过很多人都说新加坡这个国家不大，感觉横着走半天就能够逛完了，可是就是在这么个寸土寸金的地方，但玩得项目很多，适合亲子，情侣，‍‍‍家庭游，小众景点能够拍出酷炫的ins照片，交通方便，安全系数高。环球影城：圣淘沙岛上最好玩的地方，有各种各样的体验活动。一共大概有24个娱乐项目，其中有18个专为新加坡设计，全球独有的游乐项目，包括科幻影集太空堡垒(Battlestar Galactica)为蓝本，高度达42.5米的双轨过山车；以及拥有3500个观众席、全球最多座位的未来水世界剧场等各种游乐项目。滨海湾花园：新加坡建立了一个人类迄今最大的景观工程之一的超级花园——滨海湾花园，把全世界的植物都搬到了这里，真的很酷！如果你在新加坡只有一个晚上的时间，那我一定要推荐你来这里——滨海湾花园，新加坡最著名的景点。白天的滨海湾花园像一个安静的植物园，处处是生机勃勃的景象，而到了晚上灯光亮起，整个园区像是换上了霓裳羽衣，成为新加坡最闪亮的地方。樟宜机场：号称全球最好玩的机场，斥资85亿人民币打造，占地1.4万平米，拥有世界上最高室内瀑布，整个机场t1航站楼像是巨大的室内植物园，拥有各种各样的植物，集购物，玩乐，休息为一体，稍不注意还会玩到误机哦~小印度：印度人在新加坡的居住聚集地，满满的异域风情，穿着五颜六色裙子的蒙纱美女，种类多样的印度商品，街头的印度美食，印度寺庙，真让人以为来到了印度呢。牛车水：新加坡的唐人区，这里是满满中国气息的街道，餐厅全都是中式餐厅，中国各省菜系都有。这里还有这号称世界上最便宜的米其林美食，不到50元就能够尝到地道的新加坡美食。如切路：这是在在新加坡东部的彩色街区，街道两边二三层的小楼，它们被涂成多种颜色，或靛青、或粉、或黄、或纯白，在热带的阳光的照耀下，格外吸引眼球。也是ins的网红打卡点。签证：宝300左右机票：广州往返很便宜，1k到2k预计花费：5k起,,,,,
出来空中走道个人感觉排队等电梯太浪费时间，错过了在上面观赏灯光秀外，其他感觉就是场景特别美轮美奂。空中走道必须去走一走。,,,,,
风景优美，极具特色，最好安排半天以上的时间游览，是我见过的最好的几个植物园之一。可以的话多留几照片，会是一个很好的纪念。,,,,,
非常不错的体验，出票快很方便…比公园前售票处买票要便宜，而且在线服务很及时很快，我们是到售票处门口上网查到的，边查边咨询边买票，在自助出票机附近还有服务人员（有会中文的），您咨询他们，他们会的指导您操作的，很方便！,,,,,
【新加坡经典5日游•初访必去游玩攻略！】用去新加坡旅游坐鸭子船观光时，船上导游的话来讲，新加坡只有＂两个＂季节，一个是室外的夏季，一个是室内的＂冬季＂，哈哈哈！在新加坡呆了几天，表示船上的导游讲的真的很形象了！室外要被太阳晒死，室内要被空调冻死。。那么，新加坡什么地方好玩，哪些地方值得逛？分享下个人体验~行程路线:新加坡比较小一般5到6天足够了，先分享下我们的几天行程:day1.上海飞新加坡day2. 新加坡动物园+鱼尾狮公园+滨海湾金沙酒店外观day3. 小印度+鸭子船+牛车水+滨海湾花园超级树灯光秀+金沙购物中心day4. 环球影城day5.小阿拉伯+乌节路+新加坡樟宜国际机场（对，你没看错，机场也是一个景点！）+夜晚航班回上海day6. 抵达上海个人感觉五天整的时间里，把想去的景点都玩过来了，虽然新加坡不大，但是每个景点都好大，每天跑的腿都快断了！重点来了，个人感觉其中特别值得一看的！特色推荐:滨海湾花园超级树灯光秀！（进展览馆才要钱，看灯光秀，不要钱免费的！每天晚上七点45和8点45各一场）两句话总结:夜幕降临前，阿凡达秘境！夜幕降临后，灯光秀开启，仿佛身在外太空！躺在地上看最爽！小印度！（想去印度？怕饮食不习惯？怕旅行不安全？新加坡小印度了解一下！）一句话总结:有着超浓咖喱味儿，遍布彩色房子、特色纱丽和黄金饰品的印度人聚集街区！小阿拉伯！（甘榜格南区域，分布着著名的涂鸦一条街哈芝巷，还有新加坡最大的苏丹回教堂）没到小阿拉伯之前以为小印度就是彩色房子最多的地方了，没想到这里还有更彩的？一句话总结:不仅遍布彩色房子，还有满墙涂鸦、中东飞毯、新加坡最大清真寺的穆斯林聚集区！水陆两栖鸭子船！（有英文和中文班次之分）坐船时一定要尽可能往前座，就坐前两排！要不后面根本听不清导游在讲什么~一句话总结:环游新加坡精华地标且含导游讲解的水陆两栖鸭子船！（水上线路是亮点，手机拍个金沙酒店、摩天轮什么的延时小视频，简直不要太像航拍~新加坡动物园！一句话总结:热带雨林仙境里的动物世界！环球影城！就一个项目就可以值回票价！那就是（未来水世界）！一句话总结:现场观看好莱坞即视感的表演秀！ps:晚上8点钟，环球影城外，圣淘沙岛会表演灯光水秀，也非常不错！免费观看不要钱！新加坡樟宜机场！反正没来新加坡之前听网上说这个机场怎么怎么好，我是不信的！但是当天晚上飞机延误了五个小时，延误到凌晨4点，我！竟！然！一点都不着急，反而希望再多待会！新加坡机场把大树挪机场里来了，每个候机口都放了好多沙发，沙发旁边就是大树还有看电影的地方，还有坐滑滑梯的地方，还有看植物馆的地方，这不像机场，这更像个大型娱乐休闲室。还有很多好吃的地方，里面有家亚坤吐司店，在新加坡没吃够的，可以在机场继续吃，真的没想到一向不吃土司的我竟然爱上了新加坡的土司~实用tips:新加坡室内的空调开的特别大，一定记得带一件外套，否则室内室外的出入会感冒￼去小印度的时候，最好穿长裙长裤，虽然这里是新加坡，但在一群包裹严实的印度人群中，短裙吊带的游客太过于显眼，可能会遭遇‘侧目’，让自己感觉不自在。乘坐公共汽车一定记得上车刷一下，下车还要刷一下。下车不刷的话就默认你到终点下的，按最高金额扣钱，我就是稀里糊涂的被公交车扣了好多钱才发现后悔莫及的总之，新加坡是一个非常适合自由行，安全绝对有保障，融合了印度、阿拉伯、中国文化特色，让人一踏入这个国家，仿佛来到了三个国度的旅游之国，希望有机会还能和新加坡相遇！,,,,,
新加坡的植物冷室包括两个玻璃生态区：“云雾林”（占地0.8 公顷）和“花穹”（占地1.2 公顷）——冷室还原了热带山地地区凉爽潮湿的气候和地中海及半干旱、亚热带地区凉爽干燥的气候。这些地区都是世界上最受威胁的栖息地，许多植物物种面临着人类活动造成的气候变化和栖息地破坏的威胁。植物种植数量约8.7 万柱，包括4百种品种类。两个冷室也是可持续发展工程学的代表项目，采用一系列先进的技术，提供具备能源效益的制冷解决方案。冷室的建立意味着新加坡可种植一些全新的植物。除了永久性展示一些有趣的植物和树种之外，花穹还会根据季节变化更替部分展示的花卉，令游客一饱眼福,,,,,
新加坡滨海湾花园（Gardens by the Bay）由滨海南花园、滨海东花园和滨海中花园三个风格各异的水岸花园连接而成。该花园占地101公顷，位于滨海湾亲水黄金位置，是整个滨海湾项目的组成部分之一。滨海南花园是滨海湾花园中最大的一个花园，占地54公顷。它毗邻滨海湾综合度假胜地，由英国园林建筑公司Grant Associates 设计。这座生机勃勃、活力四射的花园将展示最优秀的热带园艺和园林艺术，拥有大量的热带花卉、色叶植物等。滨海南花园的特色景点包括花穹和云雾林冷室、金园、银园和巨树丛林内的18 棵擎天大树、文化遗产花园、植物世界、蜻蜓湖和翠鸟湖等。滨海南花园内其他值得一看的景观包括花穹内经常更替的花卉、巨树丛林内特别编排的声光表演和一系列的媒体解说和故事讲述，让您亲身体验栩栩如生的植物故事。此外，滨海南花园内还包括齐备的餐厅和零售等生活设施，为您独特的园艺体验画上圆满的句号。,,,,,
"icon新加坡新加坡滨海湾花园花半天时间给最美花园不就是花园嘛，有没有那么值得去看——这样想的话你就错了。滨海湾花园是新加坡打造“花园中的城市”愿景不可分割的一部分。新加坡政府希望通过此计划将所在岛屿打造为绿草茵茵、树木葱茏、花卉争艳的“花园中的城市”由于占地巨大，半天的时间我们只选择了最具代表性的两个植物冷室""花穹Flower Dome""和""云雾林Cloud Forest""。花穹：进门就看到很多肉肉，不是你在花店看到的一小盆一小盆的那种，而是连成一片，超大规模。各式各样，每一颗都肉肉饱满、娇嫩欲滴。然后是仙人掌类植物区，高高低低错落有致。有几颗非常有造型，拍了喜感的合照mfwface不知道是受整体气氛的感染还是怎么的，在这里哪怕是司空见惯的小雏菊都让人觉得非常好看。满眼是大片大片的翠绿，跳跃地点缀着颜色清丽的花朵。随便一拍都是人在画中的感觉。花穹再现了地中海地区干冷的气候，汇集并栽培来自全球各地沙漠的奇妙植物。冷室的气温很低，完全想象不出来此刻室外的炎热。玻璃穹顶让阳光均匀柔和地洒下，使得人物整体采光都非常好，特别适合拍人像mfwface云雾林：一进“云雾林”，更是感觉如进冰柜。太冷了，建议带上一件厚点的外套。印入眼帘的这座 35 米高的云雾林，模拟了热带山地和南美以及非洲高海拔地区凉爽潮湿的气候，巨大云山上生长着茂密的绿色植物和鲜花，雄伟壮观的室内瀑布倾斜而下。在下方仰望已是震撼无比，走入其中一步步向上攀登，才不得不让人叹为观止。尤其是在薄雾缭绕高空走道漫步时，俯瞰整座山林，真有“腾云驾雾”之感！云雾林是一个用照片不够展示万分之一的地方，一定要身临其境都去感受，它营造的不仅仅是一座山林，而是一个完整的生态。你能领悟到新加坡集全国之力，为了“花园里的城市”这个愿景，付诸了多少心思与智慧。(交通)交通攻略：地铁坐到Bayfront station，上来就是金沙大酒店，酒店内部有一座桥可以直通去往滨海湾花园的路，但是实践证明不要妄想从酒店内部坐电梯直达，还是乖乖顺着指示牌走出酒店外再乘坐相应的电梯。(闹钟)营业时间：9：00-21：00(室内区域)(玩法推荐)游玩特点：把南洋的炎热抛到一边，逃离城市的车水马龙，在清凉的室内花园里和花草一同起舞。",,,,,
海湾花园晚上的音乐灯光秀是一大将色。。。,,,,,
买的是云雾林+花穹两个园的家庭亲子票（两大一小）但不知道为什么，进去花穹之后再到电子票进云雾林，工作人员就说我只买了一个大人的票，一脸懵的被挡在外面，工作人员还凶神恶煞的说他只扫到一张大人票，我一脸无奈，后来他问了另外一位工作人员，又莫名其妙的说让我们进去，真是好尴尬！另外，电子票虽然随时买随时用，但进园之后受到网络信号的限制，一度刷不出电子票出来，一家四口本来要进去了，又凉在一边等电子票显示出来‍♀️总的来说携程这个服务还算可以吧，不过话说，要是对方死活不肯让我们进园，给对方看中文订单，对方看的明白吗？尴尬尴尬,,,,,
三日新加坡，在狮城度一个有趣又好吃的周末 #带着旅拍去旅行#三日详细攻略如下：Day 1:松发肉骨茶 ► 红点设计博物馆 ► 滨海湾花园 ► 温室花房/云雾森林 ► 超级树灯光秀 ► 金沙酒店重点推荐：睡醒出门吃个早午餐。松发肉骨茶是很有名的一家连锁。肉骨茶的精髓在汤，松发家的汤是可以加续的。推荐骨肉茶、猪肚汤、腐竹凤爪，强烈推荐薏米水。冰冰凉+淡淡的甜味，口感很棒。临走的时候还可以买调料包回家制作。滨海湾花园只有一个字可形容：美。上万种植物品种以富有设计感的造型与极富意境的概念名称进行修饰，让人与自然的距离拉近。还有超大的室内瀑布。在晚间19:45与20:45，分别有两场超级树灯光音乐秀。在温润的夜晚，躺在地上，仰望超级树霓虹闪烁，旁边就是闪亮的地标建筑金沙酒店，超有意境。一场美轮美奂的灯光秀让人瞬间觉得值回了所有票价。不过如果不购票，也是可以散步滨海湾花园，观看灯光秀的。Day 2: 亚坤咖椰吐司 ► 圣淘沙 ► 亚洲大陆最南端 ► 环球影城 ► 珍宝海鲜 ► 克拉码头重点推荐：在环球影城一下午能量消耗得差不多了，正好晚餐珍宝海鲜走起。它家生意很好，属于新加坡必吃，最好提前拿号。香辣蟹（或者黑胡椒蟹）、麦片虾都好吃得无话可说。蟹肉肥嫩，酱汁可口，恨不得把香辣蟹的汤汁打包第二天拌饭。价格小贵，不过还是强烈强烈推荐。Day 3:牛车水唐人街 ► 了凡油鸡饭 ► 鱼尾狮公园 ► 国家美术馆 ► 哈芝巷 ► 乌节路 ► 樟宜机场重点推荐：牛车水可以看见很多新加坡式的中国元素，好似90年代的复古风貌。在这里有所谓的全球最便宜的一家米其林一星——了凡油鸡饭，只要不到4元新币就可以买一份油鸡饭，人民币不到20元，鸡肉又香又嫩，略带一点烧腊的甜香。11点开门的小店10:30便排起了长队。美术馆融合了西方古典与现代艺术的特色，整座建筑由老旧的国会大赛与高等法院改建而成。比起藏品，艺术本身之美，更为突出。这可能是见过建筑风格最美的国家美术馆。,,,,,
"来了几次新加坡，一直没好好逛过「新加坡滨海湾花园」，这次终于来打卡啦～这个超级花园可以说是新加坡的城市绿洲，里面到处都是花草树木，让人有种穿越到热带奇幻森林的赶脚！整个滨海湾花园里最醒目的标志就是擎天树了，这些巨大的钢筋混凝土“大树”灵感来自热带雨林，不但有树的造型，还模拟了树木的生态功能，上面装置了太阳能电池板和雨水收集器，可以保证周围植物的生长。到了晚上擎天树还可以亮灯表演灯光秀，简直是自然和科技完美合体！滨海湾今年4月又新开了一个奇幻花园，这个花花世界颜值也太高了吧！里面有四个不同主题，拍照最好看的是“花之舞”鲜花长廊，从头顶垂下来的鲜花瀑布特别梦幻，拍人像后期加个烟雾特效秒变仙境！现在奇幻花园比云雾林还火，已经成为新加坡新晋网红拍照地啦！逛完奇幻花园可以去旁边的Cafe Aster歇歇脚，这个cafe也是个小花园，里面都是花花草草，很日系小清新的感觉，逛累了来这里喝喝冰饮吃冰淇淋还是灰常惬意滴～「新加坡滨海湾花园」地址：18 Marina Garden Drive, Singapore",,,,,
singapore小暑天气越来越热让人内心也不由的有些浮躁不过不要慌来新加坡滨海湾花园过个清凉解暑的夏天吧！有个景点的温度总是保持在体感舒适的23-25&#176;C漫步其中除了满眼青葱的绿意外还有定时喷洒的水雾让你感到丝丝凉意,,,,,
体验新加坡政府斥资10亿新币打造的滨海湾花园的两个植物冷室（ 23-25 ℃），分别是：花穹（flower dome）；雾林（cloud forest）“云雾林”（占地0.8 公顷）和“花穹”（占地1.2 公顷）——冷室还原了热带山地地区凉爽潮湿的气候和地中海及半干旱、亚热带地区凉爽干燥的气候。,,,,,
花园本身还不错，两个温室，花穹没意思去不去都行，云雾那个不错，ocbc建议现成买票，不过也一般最重要的事，电子票链接是一个pdf，iphone的 safari是打不开的要在pc上打开保存一下，到时候刷条形码就完了，不用打印预定里没有任何相关的提示，如果你现场订就等着傻眼吧,,,,,
其实云雾林里同样有天桥，还不用另外付上桥费，还可以看6层楼高的人工瀑布。花穹有点鸡肋，不少植物目测都蔫了，但两个馆必须一起买票，所以有点被绑架的意思。其实馆里面也没那么冷，忍忍就适应了。总之呢，花穹一般般，云雾林很赞，天空树跑到跟前看看拍照就好了,,,,,
我们拿到7:40进去的时间票，正好快上去的时候有超级树的灯光秀，我们毅然决然直接上去，想想上面应该有别样的风景，但在上面看到的景色没有下面的好看（在空中走廊看到下面全是人，都躺着地上看，空中走廊真的走起来很刺激，偶尔有风吹，但可以看到金沙酒店全貌、摩天轮，也算是大场景）,,,,,
滨海湾花园是来新加坡必须要打卡的一个景点。门票30多新币，还是有点贵，其实里面就是一些人造的景点，随便逛逛即可，意思不大，逛完出来后晚上了。发现夜景非常漂亮啊，觉得其实完全可以不进去，就在外面看看夜景就可以了。,,,,,
如果说环球影城是我到新加坡的第一目标，那么滨海湾花园就是第二目标了。滨海湾花园是新加坡市中心的超级花园，以10亿元造价成为新加坡最新的地标。园区共分成三个部分：&#160;滨海南花园、滨海东花园，以及衔接二者的滨海中花园。,,,,,
世界各地华人多的地方通常年味反而比国内更浓。新加坡就是一个很适合过年过冬的地方。那里是太热。年味太浓。bay of islands 里都是游客，夜景比较好看，配合着灯光音乐，如果没那么多人，感觉会更好。这地方跟米兰世博会里的灯光树很像，不知道是谁抄谁的。,,,,,
天哪在新加坡带了一年出吧，居然去了5次，哈哈，没次去都是不一样的感觉不一样的花花草草，除了云雾林，隔段时间去都会更新……值得去哟，拍照忒别美,,,,,
打印门票带过去，就直接扫码进场，很方便。这个花园（花穹、云雾林）真的很值得去看看，里面的花和多肉都非常美，布局有新意。我已经是第二次去了，依然看得很开心。花园外面，晚上19:45、20:45各有一场灯光秀，十分钟左右，不算精彩，但也算多一个看点了。,,,,,
灯光秀很震撼，感受到大自然的神奇和伟大，云雾穹更棒，瀑布超美，就是里面太冷了，10度左右的气温吧，穿了长袖依然很冷。,,,,,
不愧是花园国家，自然与现代建筑的结合,,,,,
网上订好买票后直接扫码进入就可以了，建议先玩植物花卉园，然后再玩云雾林，设计的很有特色，跟着指示走就可以了，很方便！,,,,,
网上订好买票后直接扫码进入就可以了，建议先玩植物花卉园，然后再玩云雾林，设计的很有特色，跟着指示走就可以了，很方便！,,,,,
滨海湾花园强烈推荐，大概是新加坡我最爱的景点了。两个馆云雾林跟花穹，摄影爱好者一定要去，里面的花状态非常好，所以每一朵都很适合拍。出馆的时候让工作人员盖个戳可以一天内多次出入。,,,,,
滨海湾花园是新加坡的新地标，怎么可以错过。[调皮]三大景点：花穹、云雾林和超级树。另外，闻名遐迩的金沙酒店就在旁边，让人无限向往的酒店啊！[色],,,,,
和期望的一样。夜间和白天两种美感。,,,,,
虽然是人工景点，但很漂亮，值得一去,,,,,
不错的景点，夜晚灯光秀非常赞。个人认为呢是新加坡必须去的景点。先去双园，然后走走空中走廊，晚上灯光秀一次15分钟！,,,,,
很美，可惜没时间进里面，夜景更美。,,,,,
作为新加坡的标志性景点，非常美，非常赞，景色好，没什么可玩的，但是很漂亮，植物各种，千奇百怪，瀑布令人震撼，值得一去，赞(/≧▽≦/),,,,,
春节的滨海湾花园装饰的很漂亮，完全感受不到这是在国外，中国年的元素很多。,,,,,
很不错的地方，适合傍晚的时候去，十一人也不是很多，可以先逛金沙再逛花园，最后晚上去迷雾森林和花穹，这样比较合理。,,,,,
真是好美的花园，也许对于这个森林城市的人来说，绿色不稀奇，但对于国人来说，真的好美，值得一去，大瀑布也很壮观，可以拍不出感觉，现场看很震撼，空中花园本来是最期待的，不过晃晃悠悠的，就要扣分了～,,,,,
花穹和云雾林两个项目都比较有特色，但是更适合夜间观赏，配合光影才体现出极致设计，相比较而言，supper tree及露天音乐会更让人喜欢，配合阿凡达的光影设计，也许更让人印象深刻。,,,,,
携程的电子票，凭二维码在景点售票处最右边窗口取票，很方便，价格确实优惠！景区内的花草是漂亮，只是它本身门票的定价偏高，性价比偏低。,,,,,
很值得逛逛，室内很凉快，还需要穿外套。在这么热的新加坡白天也只能去去这些凉快的室内景点走走看看了，不然要晒死。,,,,,
还不错 里面的花花草草很漂亮！照相也很美丽 小朋友也喜欢 有个小半天时间足够了！,,,,,
新加坡滨海湾花园是一个将城市打造成花园式城市的创举，这个海湾花园的景色超级美，设计也非常有特色，令人耳目一新。,,,,,
因为新加坡非常热，所以很喜欢这个地方，室内非常凉爽～看看植物花卉，参观云雾林最好加个薄外套～晚上有两场超级树灯光秀，值得一看！,,,,,
新加坡必去的景点，有鉴于新加坡炎热的天气，所以夜景更值得欣赏，本人文笔较差，描述不出那里的漂亮夜景，希望照片可以补足文字的不足。,,,,,
花园很大，风景很美，里面有摩拜单车和一种电动车可以骑，走路还是有点远,,,,,
新加坡是一个森林城市，滨海湾花园就是城市中的大花园。有两个花园馆和一个空中走廊，晚上8点开始灯光秀。每天晚上7:45及8:45 有超级树灯光秀，免费入场，最好的观赏方式是躺着看。,,,,,
花园里的植物很美，建议下午进去，晚上出来。因为晚上有超级树的灯光表演，非常美。室内温度较低，最好带上外套。,,,,,
非常棒！各种珍惜植物，晚上的灯光秀超级漂亮，刚好碰到中秋节前夕，惊喜的是节日气氛居然不比国内差，非常意外！,,,,,
滨海湾花园建议玩2次，一场白天可以看到好多植物；白天建议带好防嗮用具，一场夜晚可以边吹着海风边欣赏灯光秀。,,,,,
美不胜收，值回票价！两个冷室里面的植物真的是太多太美了，都不知道用什么词形容，，人工瀑布很震撼，但真的是有点冷，新加坡真的是不愧于花园城市的称号！,,,,,
flower dome和cloud forest超级漂亮 一定要亲身感受一下,,,,,
分为两个馆，花穹和云雾森林。室内的，凉爽舒适。花穹里都是按地域分的植物，可以科普，适合带孩子。云雾森林就是那个带瀑布的地方，人和自然融合的感觉。,,,,,
预定使用都很方便，晚上还有灯光秀。整个环境和景观都很好。滨海湾还有一个新的花室，希望携程也能预定门票。,,,,,
取票很简单便捷！从金沙后面穿过去大约10分钟就到了，非常值！园内的花花草草非常好看！路标很醒目，很好找,,,,,
新加坡滨海湾花园，空中走廊灯光秀打卡，每天19:40/20:40可以过来免费欣赏，白天来可能会很热，最好是去两个室内场馆会比较舒适。,,,,,
滨海湾花园两园连票要在一天内用完。我们因为买了连票没有用完第二次再去就作废了，只能重新购买。里面的环境舒适，如果你不赶时间，可以在里面坐下来慢慢欣赏。特别适合带上孩子和老人一同前往。,,,,,
滨海湾花园非常值得去，晚上灯光秀很漂亮！植物都很赏心悦目，愉悦身心，溜溜呆了一天，室内的瀑布做的非常好,,,,,
很美很美，必去打卡景点！下午五点左右去合适，不用去太早，否则等灯光秀要等很久，两个温室各一小时够了！,,,,,
太让人惊艳了，居然有这么美丽这么大的公园，室内的大瀑布一进门就让人非常震撼，佩服设计师的设计，值得来,,,,,
超级好用，有效期很长，我们8点多才到，工作人员说可以第二天来，晚上可以看灯光秀，很大，正好有中秋灯展,,,,,
滨海湾花园是新加坡最出名的景点之一。就在滨海湾一带，离金沙酒店也是非常的近，可以直接从酒店那边走过去。里面的话，那个植物园啦，非常的经典，可以玩很久，而且几根大柱子可以走来走去，可以穿行很久很久。来新加坡，这是一个必然要打卡的景点之一。,,,,,
晚上7點45分有燈光秀，個人感覺在天橋上以及天橋下的親水平台處遠距離觀看較為適合。燈光秀是免費的，結束後會有大量人流從場內湧出，請注意安全。,,,,,
超级方便，景区现场取票。比直接现场买便宜不少还不用排长队。之前没注意，买到的票是景区外取票的，联系携程也很快给解决了，赞一个。出国在外，还是用携程靠谱些！,,,,,
看得出是花巨资打造的，里面有很多花花草草。之前看图片还以为是在伞树里行走，其实是在另外的大阳光房里观赏，由此对新加坡重视环境保护、重视绿化的程度可见一斑，还是一个值得一去的景点。,,,,,
总体来说还是不错的，里面的植物也很多，花也开得很灿烂，但是不够特别。晚上的灯光秀很不错，值得一看。,,,,,
超好，一眼看见很震惊，长见识了，园区规划和景致基本做到极致了，花卉等保养维护的很好，晚上躺在树下，配着欧洲大歌剧音乐的灯光大秀，震撼心灵！,,,,,
一个超级大的人造花园！里面有各个大洲的各种植物及花卉，很壮观很美，里面各种色彩各种景色，拍照好去处，能玩一天，晚上有灯光秀，住帆船酒店的话可以看到的，进去很冷记得带外套！切记！,,,,,
滨海湾花园是新加坡花10亿元打造的超级花园，其中云雾林馆有全球最高的人工瀑布；花穹馆有超25万棵奇花异草。漫步在花穹馆，各式各样的花草让人目不暇接、大开眼界。非常棒的一个景点。,,,,,
电影场景很舒服的地方，在花园走走也很棒，不一定要付费上去看。晚上的灯光秀也很棒，很值得来。免入场费。可以从金沙饭店天桥走过去,,,,,
花园嘛真的一般般，跟国内植物园比太小。没见过的种类也和很少。去的时候有一个馆还维修，看不到。晚上等灯光秀，也还可以。但没有很震撼的感觉。,,,,,
景点超级好很美，双馆有3新币的小车可以直接到门口 ，走路也就10分钟，除了热之外其实没大问题，到了馆里很冷。但是我觉得新加坡最美的景点就是滨海湾花园了！下次还去！！,,,,,
超喜欢这里，有雨林花园，有汇聚不同风格的植物园，有变化灯光的光伞... 总之美不胜收,,,,,
场馆分为两个，一个看花一个看植物，里面的景色很美，一定要预留2小时的时间去看，里面很大，我也算是走得比较快的，也快2 小时才出来，最好吃了正餐再去，里面的消费偏贵。,,,,,
很值得去看的地方，景色很美，还有很多我们都不认识的花花草草，我们去的时间有点晚了，结果没法登上瀑布顶去看，晚上的灯光秀不负我此行的最终目的，！！记住要带件长袖去，真冷，里面。,,,,,
携程下单比较方便，电子凭证直接扫码入场，不需换票，景点是新加坡必须去的景点，人比较多，下午五六点去，比较好，可以看到白天的场景，在里面逛了一下，天黑了，又能看到有灯光的场景。,,,,,
超美在里面玩了一天，特别是夜晚的灯光秀，刚好配合到时间，灯光秀的时候在桥上，但是！在地面看上去更震撼更美啊。下次去新加坡还要去看！！！,,,,,
我们下午5点多入场，先逛小花园，黑咕隆咚的看不清啥，走马观花的进入到大花园，里面尽然控流，我排队排了半小时果断退出不玩了，出去本想上空中桥看看，过去8点过了，不让上，请改天,,,,,
提前携程上购买的门票，一行4人，坐地铁到空中花园那一站，下来以后从酒店里走到滨海花园。顺便看了下空中park。建筑真是人工创造的奇迹,,,,,
下午5点左右待到晚上听完晚上的音乐表演在离开，音乐表演很震撼，天还亮的时候去走走廊道拍拍照。,,,,,
非常享受的一段旅行。旅途过程令人惊喜。每张照片都像明信片一样。热带的植物奇花异草特别多，拍了很多的照片。如有机会还会再带家人过来观光。建筑非常的有特色。大瀑布的设计很独特。,,,,,
躺在滨海湾花园的草坪上看场灯光秀真的是个不错的选择…… 最美大树[挤眼]  ​​​！！感觉真的很是kool.very lovely.,,,,,
非常值得去的地方，一定要买票去看云雾林和花穹。里面的景色很漂亮，冷气也没有那么冷，我们是中午去的，正好进去避暑。没有看夜景，很遗憾。,,,,,
新加坡的新地标，曾赢得了2012年世界最佳建筑奖由温室(花穹和云雾林)、18棵超级树、文化遗产花园、植物世界、蜻蜓湖和翠鸟湖等组成。,,,,,
不错不错！,,,,,
风景很漂亮、值得一去。买票很方便，直接扫码就能进去,,,,,
买完没能换票入园，8：00停止换票你们7：59还可以卖，没来得及细看，还不能退。提示一下这好，真是一次糟糕的体检，只能外面看看了。,,,,,
网上买了双馆+空中走廊门票。一定要在网上看好双馆开放时间，以免走空。完全就是和图片里见到的一样，带爸爸妈妈出门的旅行，吃的好玩的好，老人家很满意，表示这样的旅行多多益善。,,,,,
还可以吧，就是进门有个瀑布，可以坐电梯到上面看看,,,,,
两个馆值得一去，天空树实在是懒得等到天黑开灯了。,,,,,
好用，扫二维码直接就可以进景点。好用，扫二维码直接就可以进景点。好用，扫二维码直接就可以进景点。好用，扫二维码直接就可以进景点。,,,,,
滨海湾花园中的人造＂超级大树＂，有凌空而架的弧形走道供游客登高观景。滨海湾花园是一个林木茂盛，鲜花盛开的美丽公园。此处于2012年建成，建于填海土地上，占地101公顷。,,,,,
人山人海奥 挪动前进 走马观花 灯光秀现场看好没劲 不如视频或照片唯美 空中走廊提前去约时间 不然排到很晚,,,,,
方便，快捷。携程上买票非常好，不用换纸质票，刷二维码直接进去，方便快捷。以后出去买票首选携程，服务也没得说，都是第一时间答复。,,,,,
方便，快捷。携程上买票非常好，不用换纸质票，刷二维码直接进去，方便快捷。以后出去买票首选携程，服务也没得说，都是第一时间答复。,,,,,
滨海湾花园很漂亮，晚上和白天完全是不同的感觉，特别喜欢花穹，真是植物王国呀，各种兰花，肉肉植物……真是让人大开眼界，叹为观止，,,,,,
不懂花花草草，在花穹里面完全是看个新鲜。雾林的瀑布令人意外的震撼！窗外的夜景也是非常不错。其实植物山的本身，外行只能看看热闹了,,,,,
花园植物品种繁多，布置的很漂亮。另一个里面有很高的瀑布和空中走廊，两个都冷气十足，需外套。晚上的灯光表演不容错过，的确好看。,,,,,
花园植物品种繁多，布置的很漂亮。另一个里面有很高的瀑布和空中走廊，两个都冷气十足，需外套。晚上的灯光表演不容错过，蛮好看的。,,,,,
花园植物品种繁多，布置的很漂亮。另一个里面有很高的瀑布和空中走廊，两个都冷气十足，需外套。晚上的灯光表演不容错过，蛮震撼的。,,,,,
滨海湾公园很漂亮，两个馆里各有特色，各种植物和花卉，是拍照打卡圣地，而且走进去特别凉爽。晚上灯亮起来的时候巨漂亮，伴着音乐，还能登上去看落日余晖中的金沙，值得一游。,,,,,
任性，新加坡有錢就是任性，人性的人面，好多地方都給人方面，人情又好，城市建築非常到位，真不愧為四小龍之首，為新加坡的政府點讚,,,,,
新加坡必打卡的地方，巨大的植物园内景色颇丰，宛若巨大贝壳的温室，超过20万株的800种植物在受保护的环境中欣欣向荣。夜晚可以看到迷人的灯光秀和金沙酒店交融的风景。,,,,,
【景色】特好【趣味】适合带宝宝去【性价比】景点门票价格便宜,,,,,
晚上和白天各区了一次，不同的感受。晚上灯光秀很精彩，白天上去走走犹如空中漫步。再去新加坡一定还要去去。两个室内景点也很棒！,,,,,
很值的去的一个景点，小朋友很喜欢，太美了！,,,,,
一定要来的一个地方！新加坡必打卡经典之一！很美很震撼！3岁以上的儿童就要开始买票了，不是1.2米噢！带孩子来绝对值得！！！,,,,,
两个花园都去看过了感觉室内的瀑布很大，景色很美也很壮观，花花草草而已，也没有那么想象中那么好灯光秀，因为太晚了没有去看，人很多，园区里还有免费小车不错，很方便。,,,,,
猜！华为和苹果手机拍夜景谁赢了每次旅行我都带个大单反，但其实大部分时间都用手机拍现在的手机拍照功能越来越强大，连夜景都十分优秀去了新加坡大名鼎鼎的滨海湾花园免费灯光秀，太梦幻了，像烟花一样璀璨绚烂，但是更环保。-奉上攻略时间每晚两场7:45pm和8:45pm 每场10分钟地点地铁站“bayfront” 步行10分钟左右 指示牌清晰 跟着走就行设备华为p20pro和苹果xs（华为略胜一筹）辅助设备：三脚架后期vsco和snapseed（vsco易上手，适合新手）,,,,,
花穹的花太多了，可以好好看看，都不舍得走了，毎朵花都想拍一下，强推！室内有点冷，要带个薄外套，建议每个时长1.5小时。（花穹的照片还没整理，拿个植物园的凑一下）,,,,,
加坡滨海湾花园（Gardens by the Bay）由滨海南花园、滨海东花园和滨海中花园三个风格各异的水岸花园连接而成。该花园占地101公顷，位于滨海湾亲水黄金位置，是整个滨海湾项目的组成部分之一。海湾花园为新加坡下一步建设国际化城市战略占有中心位置，是新加坡打造“花园中的城市”愿景不可分割的一部分。新加坡政府希望通过此计划将所在岛屿打造为绿草茵茵、树木葱茏、花卉争艳的“花园中的城市”。,,,,,
滨海湾花园，环境非常优美，对面能看见金沙酒店，另外最推荐的是flower dome和cloud forest，花穹拥有上万种植物，很多花卉都是只有在新加坡花穹里面，才能看到的，五彩缤纷，姿态万千。夜晚的景色更加迷人,,,,,
打卡坡县我最爱的滨海湾花园万紫千红尽收眼底荡漾在花海好幸福~两馆室内空调温度很低建议带宝宝的家长给孩子准备好外套挨着有个儿童戏水公园超棒，一定要去哟记得带好泳衣和毛巾有小朋友换衣服冲温水的地儿,,,,,
新加坡记忆。去过两次新加坡，回想起来，仿佛六字可以概括：阳光、鲜花、美食。新加坡永远不缺的就是明亮灿烂的阳光，在冬天寒冷阴霾的北京出发，一下飞机，就会被新加坡热情的阳光拥抱，那温暖的感觉，不像是旅游到异地它乡，反倒像是回到了久违的故乡！再有，就是到处都是鲜花。如果去植物园兰花馆逛逛，会看到许多世界珍稀物种的兰花，惊喜加惊艳，让人流连忘返。最后，新加坡是吃货们的天堂，黑胡椒螃蟹、肉骨茶、海南鸡饭………，数不尽的美味！新加坡的螃蟹好大，黑胡椒螃蟹钳子里的肉像鸡腿般粗壮！去新加坡，一定尝尝大螃蟹啊！另外，在图2地标性酒店的顶层酒吧中，享受一顿下午茶，观赏一下无边泳池，鸟瞰一下海滨花园景色，震撼又享受。,,,,,
取票口在两个温室的入口处，并不在金沙连接桥进到的入口。折腾了几分钟，需要打印或打开有二维码的确认单，简讯码不行。同样在携程买了夜间动物园，这里的取票比较让人困惑,,,,,
关于新加坡，你只知道鱼尾狮？  解锁新加坡新玩法，get  哈芝巷，给你一种恋爱的感觉 苏丹 回教堂 ，金色“洋葱头”，耀眼地矗立在道路尽头，好不显眼。 马来传统文化馆，曾是皇宫所在地，庭院里大片格南树，满满的异国情调 小印度，多彩的街头涂鸦，印度人聚集地 红点设计博物馆，来感受一下 新加坡 当代设计文化 SEA海洋馆，有你最心仪的那条鱼吗,,,,,
滨海湾花园主打两个馆~云雾林和花穹~花穹顾名思义就是坐拥天下奇花之地~里面的花真的太多太多了，很适合摆拍~还分了很多国家不同品种的花~花穹看完可以去云雾林，一进去就是超大的瀑布~稍微有点小冷~很多人就是为了看这瀑布去的，真的又美又壮观~遗憾的是没有看晚上的灯光秀~,,,,,
云雾林真的好清凉，绝对是避暑胜地，里面的室内瀑布也是网红打卡地，很漂亮，垂直错落的各种植物千姿百态，很有特色；花屋虽小但是鲜花都开得很艳丽，绝对是拍照的好地方；ocbc空中走廊，也很值得体验一下，能远眺摩天轮近看金沙酒店和欣赏灯光秀。,,,,,
滨海湾花园是新加坡的新地标，由滨海南花园、滨海东花园和滨海中心花园所组成的城市花园带。白天你可以参观两个温室，观赏花样万千的植物。晚上可欣赏精彩的灯光秀，感受花园夜景，无缝隙游览，一定让你流连忘返！花园内设有两个植物温室，一个名为“花穹”（Flower Dome），一个名为“云雾林”（Cloud Forest）。温室内培育有二十几万个植物，来自全球各个大洲（南极洲除外），温室穹顶是建筑、环境和园艺文化三者的结合。,,,,,
        新加坡打卡网红地之一——滨海湾湖园！下午四点赶到，购买了套票46新币，含两个冷室（云雾林+花穹）还有一个神秘花园+交通车。本以为两个室内的景点不会占用太多时间，谁知道进去以后才发现别有洞天！于是便开始了逛逛、看看、拍拍、玩儿玩儿的节奏！人超多，云雾林等电梯上到顶层就要排队40分钟左右。当然，当你置身屋顶往下边走边观景的时候，一切都值得！        花穹里面是新加坡的国花——胡姬花的主场，到处都是各种品种、颜色、花型沾满眼底！这都不是一个“好玩、漂亮”能够形容的……        神秘花园只在下午4点到5点开放，我们去的时间刚好，所以又看到了不一样的风景。花花草草就不用说了，山水田园气息十足！有些花被保护，但是又为了让游客看花的结构，它会在前面放一个放大镜，通过此设备能够看见花蕊的结构或是你看不到的东西，特别的人性化！最值得提的是花园里的4D电影，能让你坐在那里就先体验整个滨海湾花园的全貌和景点，并且还能体会到喷水、飞翔、闻到花香等，就跟真的走在其中一样！        用了三个多小时逛完了几个景点儿，匆匆赶到巨树地下，本想再到空中走到感受一下高空看夜景的感觉，可惜时间已经到了灯光秀开始的时候，于是就地而坐，静静享受这美丽的灯光和美妙的音乐吧……        总之，在滨海湾花园里真的是又一次感觉到新加坡花园城市的美名真是名不虚传，还有就是这里规范的管理，人性化的服务，无不体现了一个国家的文明，再次点赞！推荐大家到新加坡一定不要错过这里的美景！,,,,,
滨海湾花园由滨海南花园、滨海东花园和滨海中花园三个风格各异的水岸花园连接而成。适合下午去玩，“云雾林”和“花穹” 里面植物养的精致，室内冷室很有特色。,,,,,
上午9点半到现场售票处后临时携程下单买的，比现场买便宜，而且当时人很少，立即在现场以手机上的链接信息换了门票。云雾林更有特色，就先去参观云雾林。空调很冷，要穿外套。坐电梯上瀑布顶再一层层走下来，绿植设计挺别致的。花穹比较一般。,,,,,
特别喜欢滨海湾花园，里面的空调超凉快，花也特别美，尤其是每隔几个月换一次主题花卉这个特别吸引我，也吸引了很多游客。滨海湾花园地势优越，交通便利，乘黄线或蓝线在Bayfront下车，从B出口出去右转一直走上去300米左右就抵达花园里了。,,,,,
还可以 但是被吹的太过了 灯光秀跟音乐喷泉没什么区别 两个室内的也就 还行吧……人特别特别多 我们平日傍晚去的 全都是人 印度人很多很多 可能赶上印度假期了吧,,,,,
"这里是滨海湾花园的一个室内温室展馆,挑高比较高，冷气也足，但是面积不算很大，里面的植物状态和丰富程度其实不比国内的一些大型植物园好，花墙造型什么的我也不是很喜欢，没有隔壁的那个人造瀑布有特色，不过还是值得来看看，现在这边成了网红，游客比较拥挤",,,,,
It is really nice to spend a day to enjoy the great quality of air and beautiful flowers.,,,,,
滨海湾花园是免费的 可以免费看到花园里的植物，那几个地标式的大树。票钱是一个室内花馆和一个室内树林馆 个人认为还是值得的。 另外大树上面的空中走道需要单独买票大人是8新币 孩子是5新币 晚上有两场灯光秀 就在那几棵大树那里 在下面看更好 ，在空中走道反倒看不全 不过可以看到摩天轮夜景 和很近的金沙夜景。,,,,,
滨海湾花园，如果不去两个馆的话是不需要门票的。从地铁或者公车站出来，沿着路标走就行了，引导得很清楚。因为是晚上到的，只看到了夜景，灯光很梦幻。在7.45和8.45有两场灯光秀，可以学大多数游客那样躺地上欣赏。,,,,,
没注意看，以为滨海花园就是收费的公园，还觉得买这个票买错了！进到花穹和云雾林才知道，真的太漂亮太漂亮了！像到了童话世界一样，特别是云雾林！很推荐！提前下载了门票的预订单，所以进入都非常顺利！景区工作人员很多都会中文！唯一的缺点就是，景点内都是英文的指示牌，携程上面云雾林和花穹是中文，却没有对应英文的提示牌，我还担心自己找错了地方，哈哈！建议下午入园，可以在公园呆一下午，慢慢看看，晚上大概7:40分有灯光秀，非常漂亮，超级树伴随着音乐，还可以看到金沙酒店，灯光都是多种颜色变换！绝对值得看看,,,,,
植物超级多，地方超级大。很遗憾，我们只是走马观花，没机会细细观赏。唯一的缺陷就是太！太！太！冷了。我们穿的不够多，结果实在冻的不行，提前跑出来了。,,,,,
最棒的人造花园 美丽干净 花草常新 令人流连忘返,,,,,
不要门票，真的超级棒。晚上的灯光秀超乎想象。人也特别多。记得带好垫在地上的东西,,,,,
作为一个大中国人民，觉得真心挺一般的，就很假，但是长期生活在城市的人应该很喜欢,,,,,
花穹和云雾林绝对值得一看，有点遗憾是白天去的，晚上去就可以看看花园的发光树了。,,,,,
这个滨海花园是新加坡的一个象征吧，大自然和高科技融合在一起。给游客温馨的体验和高科技的感受。这个室内大花园规避了新加坡室外的高温，让我们尽情感受这花园的魅力。,,,,,
虽然都是人工的 但是管理很到位，科学时代感十足，和新加坡的城市很匹配,,,,,
滨海湾花园是免费的，收费的是两个花房，里面有点凉，记得带长袖，展示各种各样的植物，带小朋友去看看，种下保护环境的种子。,,,,,
没有想象中的震撼，云雾林馆打造的还不错，仙气飘飘的感觉，但对面的花穹馆，我只能说里面的花都是中国常见的，并没有奇花异草，馆也都不大，看起来有点乏味，不太推荐去,,,,,
最后一晚，还是看不够滨海花园的supertree，仿佛看到阿凡达的世界，美轮美奂  ​​​哈哈哈哈,,,,,
很不错 就是离地铁口太远啦,,,,,
很不错，新加坡政府化了不少钱打造的两个室内花园。到新加坡必游景点，是新加坡人民的骄傲。新加坡是名付其实的花园国家。好,,,,,
居然是免费的，真的超出了我的想想。树就不说了超级赞，还有各个国家的花园。很好,,,,,
新加坡外国游客最多的地方，酒店林立,,,,,
购买方便，出票及时，取票方便，总体好评。景点的观感为打卡景点，还是值得来体验一下的，毕竟新加坡也只有那么大，好评。,,,,,
就在金沙酒店的后面，直接联通。不要门票。绝对值得一去的景点。灯光秀好评！,,,,,
值得去看看的网红景点 晚上音乐灯光秀超棒 超震撼的!,,,,,
非常漂亮，值得一看。特别是灯光秀,,,,,
非常好携程网提供了良好的服务，一站式服务，签证、住宿、购票一次办齐。感谢,,,,,
馆内有好多奇异的热带植物，非常吸引人眼球！超级树的夜景也相当漂亮！当夜幕快要降临时，提前抢占有利位置，席地而坐或仰面躺地观看，非常震撼！强烈推荐去看看！,,,,,
环境真心不错，布景也很用心，但可能初到新加坡，未适应当地气温，突然很热，出门特地换了一件无袖连衣裙，没想到景点里空调足到让你可以穿上厚外套，真是要冻成狗,,,,,
个人超喜欢云雾林，水瀑直泻而下，还很凉爽。从金沙酒店出来Tower 2中间门出去坐直梯到6楼，大概十几分钟吧就走到了，只是有点热，没啥树荫。,,,,,
不错的景色，值得一去，很美丽。,,,,,
必打卡景点，建议晚上去很漂亮，很适合带孩子，附近有沙叻串，非常好吃，50新币一套串儿，很安静，晚上夜跑的人很多,,,,,
来到新加坡滨海湾花园，才真正感受到什么叫城市的园林文化精品。相比于广州的花城汇，档次不知高了多少。真心觉得新加坡人很幸福，在家门口就有这么漂亮的花园。,,,,,
空中走廊观景一流，花穹和云雾林纳凉好去处，当然特别栽培的鲜花也很棒。,,,,,
喜欢植物的可以去，双馆推荐，凉快啊。特别是云中那个馆，个人非常喜欢。,,,,,
订购之前一定要看一眼，当时是到了景点才买的，没想到取票的地方不在景点。。。险些就错过最后的时间，差点没进去。,,,,,
地铁下来距离花园还有15分钟步行路程，取票比较方便，但价格较高，十一国庆期间游客很多，且景区要求推婴儿车的游客必须坐无障碍电梯，等电梯排队时间很长。,,,,,
还行吧，瀑布壮观，里面很冷，要带外套.另一个以花园为主，色彩比较好看,,,,,
非常不错的植物园！维护良好。空中走廊夏天去非常热，但是景色还不错。两个场馆里面都有空调，不过依然会晒到太阳。,,,,,
很漂亮的花园和云雾林的瀑布很惊艳，馆内有点儿冷要多穿一件衣服，很多可以拍照的地方，换票也非常方便，电子取票。,,,,,
场馆环境舒适，有许多美丽的花，设计优美，让人流连忘返，走走看看很舒适,,,,,
花园的植物看不懂啊，最好提前预习植物学，否则进去就是看个热闹，晚上的超级树灯光秀不错，别买树顶的钱啊，可以买步道票看。树顶的票适合天亮的时候拍照。,,,,,
好，植物园很大，里面很美，出了空调很大以外其他都好。很值得来一看。,,,,,
应该说还是非常值得一看的，尤其是冷气花房，无论景观还是布局都非常合理。记得游览时带上外套，冷气打的有点足。,,,,,
这里有好几个地方可以去玩，flower dome和cloud forest是收费的，儿童嬉水区和天空树都免费，天空树晚上有两场灯光秀，如果住在旁边的金沙酒店会便利很多,,,,,
两个冷室 我是觉得没必要去 国内植物园太多了,,,,,
cloud forest排队时间大长，外面排很久，里面进去了又要排，没有太多区域可游览。服务也很生硬，不是很推荐。在外面游览就可以了。,,,,,
新加坡滨海湾花园临近地铁站，面积很大，景色很美，晚上灯光也很美。,,,,,
新加坡海滨花园景色宜人，里面都种满了各种各样的热带花草，值得一去,,,,,
非常值得一去的地方，尤其晚上去感觉更好，新加坡的旅游景点都比较精致。特别是新加坡机场的瀑布，真的很壮观。,,,,,
除了两个贝壳形的大馆（室内的植物园 ，气温比较低，进去参观最好带件薄外套!）和空中走廊之外，其他园区都是免费游览的。来这拍照得要有广角,,,,,
滨海湾花园真是美不胜收，夏季来也不怕，有凉爽的室内景观，清新宜人，非常舒适，很适合旅游观光度假，一点也不会累，赏赏景，附近时繁华每段，餐饮丰富。,,,,,
新加坡人觉得不错， 但是我感觉一般，因为就是大植物园，没什么兴趣，所谓的冷室，也就是空调房里的植物园，实在有点没意义，国内植物园比它好的太多了，至于晚上的灯光秀，也就那样吧,,,,,
从鱼尾狮走到滨海湾花园差点瘫痪，进管后满血复活，简直避暑胜地。第二个管就在自动扶梯楼上。换管非常方便。,,,,,
去过两次，第一次白天去得，人很多体验有点差，特别是云雾林，等电梯要一个小时多。果断放弃。第二次傍晚去的，人少，正好看晚上的超级树灯光秀，超赞。【景色】,,,,,
新加坡滨海湾花园面积很大，无论是白天还是晚上游览，景色都很美。,,,,,
设计非常合理，连通金莎会展中心和金莎酒店，走过热带风情的滨海湾花园，最深处就是著名的热带植物园，上次出差时间有限没能买票参观植物园，下次会再去,,,,,
新加坡花费六年的时光，填海造地，占地101公顷，耗资10亿元，成就了这个值得称为新加坡最骄傲的新景点，以「花园中的城市」做为滨海湾花园的发想，设计了这座不思议的城市景点。一定要来的！,,,,,
很好，很美，下次再来,,,,,
方便，快速出票，不用在门口排队买票，建议早点去，可以逛久一点，不好的地方就是节假日人多要排队上电梯。,,,,,
双馆都非常美！值得再度打卡！离金沙酒店和金沙购物中心非常近！,,,,,
双馆必去的太美了，孩子很喜欢雨雾林，里面的奇花异草非常的美。,,,,,
买这个很方便，不用排队买票，扫码直接进去就可以了，票价也就便宜十块左右而已，一个票两个园都可以进去！,,,,,
美不胜收啊！！！！灯光秀很精彩！！！！小朋友兴奋极了！！！！,,,,,
很方便，如果以后还去还得在这里订，不过新加坡真的是一个很漂亮的地方，非常值得大家去，花园也太漂亮了？,,,,,
这里算是新加坡的名景点了吧，我和朋友打车过去的。出租车司机居然会说普通话，简直感动。整个园区的植物叶很震撼，尤其是那个铁树，真的老高老高了。,,,,,
新加坡斥資了200多億打造的濱海灣花園出現了一群名為《超級樹》的機能建築超級樹其實是個大溫室當初設計概念便是以供應生活機能為主要訴求超級樹的樹葉在白天的時候吸收太陽光轉化成電能儲存同時還具有遮蔭的效果等到夜晚來臨樹冠便會亮起成為路燈形成照明設備主要靠的便是白天所蒐集到的太陽能真是高能,,,,,
新加坡真正的外面的景点其实不多的，转来转去就是这些。这个植物园倒是很值得一看而且可以和空中花园一起参观。主要是看一下花穹和云雾林很有特色的。,,,,,
新加坡人气最旺的人工花园之一。巧夺天工的设计，夜景很漂亮！,,,,,
很多植物，布景超级美，从来没有见过如此多品种的仙人掌和多肉,,,,,
晚上去的，很漂亮，但是室内超级冷，一定要带好外套啊，尤其是参观cloud forest，进门就是和6层楼高的大瀑布，冷到不行了。,,,,,
滨海湾花园，非常漂亮。花穹和云雾林，我更喜欢云雾林，就是比较冷。瀑布从天而降，仿佛置身其中。在云雾林还能通过网架看金沙酒店和摩天轮，气派。,,,,,
值得一去的地方这里你能感受到新加坡政府为人民做的事情都好棒,,,,,
玩了基本一天，馆里冷气十足，外面比较热，世界的感觉，非常美,,,,,
超级树特别显眼。晚上的灯光秀真的很棒。还不需要门票，可怕,,,,,
白天去的，应该是晚上去比较好看哦，灯光一打，灯树好漂亮哦,,,,,
滨海湾花园晚上来的话可以看超级树表演，很精彩的，而且免费,,,,,
两个馆都逛了，室外也很大，晚上看了灯光秀，携程买票很方便,,,,,
Cloud forest 还不错。,,,,,
漂亮 虽然灯光秀这些都是人造景观 但是确实不落俗套的美 值得打卡,,,,,
景色很美啊！,,,,,
值得一去的地方，云雾林和花穹都不错，最后还有个保护环境的视频，让所有参观者都了解气候变化对地球的影响，每个人都应该从我做起爱护地球。,,,,,
游客众多，环境非常好，尤其夜晚灯光绚丽，景色非常美。,,,,,
很棒，花的种类很多。整个花园的设计很漂亮，值得一去。,,,,,
两个花穹都是各种各样的花草，人造瀑布也很壮观，结尾的环保片很震撼。两个花穹都是各种各样的花草，人造瀑布也很壮观，结尾的环保片很震撼。,,,,,
美丽丽丽啊,,,,,
值得去，云雾林、灯光秀、金沙空中花园、摩天轮都不错,,,,,
幸运的是下来之后我们累了，就在下面坐着休息，后来20:45又有一场灯光秀，我们也躺在下面看，所以我们算是既在空中走廊上见识到灯光秀又享受到躺在树下欣赏了灯光秀！运气爆表！,,,,,
真的是非常不错的地方，在里面玩了一整天，特别凉快,,,,,
可以真心的不错，携程值得你推荐，真心快，希望大家在携程购买门票，可以真心的不错，携程值得你推荐，真心快，希望大家在携程购买门票，,,,,,
环境非常好，也很有创意，以后还会再去，夜景更美哦,,,,,
两个馆都挺好，建议下午来，连着能看晚上的灯光秀。,,,,,
订票方便，取票方便，价格优惠！一直以来都很信任携程，每次出游都会在携程上订机票酒店和各种门票，以后还会一直选择携程，使用携程的。,,,,,
这是新加坡比较有特色的景点。一定要过来拍照留念。,,,,,
新加坡最爱的景点，不愧为花园之城，这里有两个室内馆需要收费，非常有特色，其他外景都是免费的，晚上会有精彩的灯光秀，绝对不容错过！,,,,,
很漂亮的很多颗铁树啊，当天下雨也档不住他的美。,,,,,
云雾林和花穹都还不错，下午在里面逛也不会被热到。云雾林是单向参观的，想拍瀑布全景的，进门后一定要多拍一会，出的时候就看不到了。,,,,,
新加坡滨海湾花园在金沙酒店对面，走一走就可以过去，如果参观两个室内花园需要购票，只看外面的人造大树是免费的，晚上还有灯光表演。,,,,,
大家来的话一定要注意灯光秀的时间是19:45和20:45。虽然说白天也挺漂亮的，但是没有灯光还是少了很多乐趣！！园区很大，最好的拍照地点是从金沙酒店穿过去有个平台！！,,,,,
很好玩，不是旺季去的，人也不少，大人孩子一起玩的特别开心。将来有机会还会带孩子们再去玩，新加坡适合多住几天好好享受假期的地方。,,,,,
适合亲子游，几个主题馆都还挺好，瀑布挺震撼的，另外supertree的夜景灯光秀不错，推荐大家到新加坡有时间还是去这里逛逛。,,,,,
很不错的景点。夜间7：45，8：45有灯光秀,,,,,
自然与建筑的完美融合让人惊叹！让人流连忘返！,,,,,
很美的地方，植物很茂盛，花朵很漂亮，分成各个不同的区域，适合观光游览，说到这里，不得不感叹一下新加坡的绿化真的很棒，也很干净,,,,,
滨海湾花园造型独特，里面植物很多很漂亮，瀑布从植物上冲下来，很是独特，很值得大家去看，就是排队时间比较长，我们排了45分钟。,,,,,
新加坡很值得一去的地方，里面很凉快，很漂亮。,,,,,
环境相当的不错 就是白天会非常热。,,,,,
景色优美，适合老人孩子的地方，很值得去，推荐,,,,,
新加坡的热带植物的种类也是很丰富的，这个依附于它的地理位置。这个滨海湾花园里面的我最喜欢的就是Cloud Forest，真的很棒的一种体验，科普到许多植物,,,,,
刚刚从滨海湾花园回来。就在摩天轮和金沙酒店的对面。两大一小300出头的门票非常划算。第1次看的话还是比较震撼的。值得推荐。,,,,,
滨海湾花园景色超级漂亮的类 哈哈,,,,,
公园两个馆的景色很美，很不错，值得推荐，赞一个，取票也很方便，建议这个景点傍晚去，看完两个馆后，7.45有灯光秀，也很好看,,,,,
新加坡是我最喜欢的亚洲国家了。推荐大家来滨海湾花园，这里的可玩性很高，吃喝玩乐样样齐全的大本营，不过缺点就是消费有点高呢～,,,,,
因为灯光秀晚上才有，所以下午稍微迟点去比较好，因为18点天才慢慢黑，灯光亮起来的花园才够异星。那个天空树的天桥要排很长的队，本人两次来坡国，都因为人太多，弃排了。,,,,,
非常精巧的花园，设计合理，观赏性强，而且垂直布局后走的路很少！就是里面空调有点凉，吹的人生冷，两个馆离的很近，值得一看！,,,,,
夜景相当漂亮，灯光秀也是非常值得一看的。,,,,,
里面的植物很多值得一去！带上小熊拍拍拍！,,,,,
很好很不错，只是比想象的小，用不了太多时间玩，晚上快八点有灯光秀很好，因为上午去了到晚上已经逛不动了，建议下午玩比较合适,,,,,
滨海湾花园超级树的灯光秀时间是晚上7点45和8点45各一场。灯光秀最佳观赏位置是金沙6楼的人行天桥末端，在这里可以看到超级树的全景，另外就是超级树下方，沿滨海湾公园内的指示牌朝着Super Treegrove一直走，目标很大很容易找，席地而坐近距离观赏超级树灯光秀更为震撼！,,,,,
新加坡的滨海湾花园位于滨海湾亲水的黄金位置，这是一个超级大的植物园，由南花园、滨海东花园和滨海中花园组成。进入园区内，就能看到招牌的擎天树，如果有时间的话，建议等到晚上，“树枝”上会呈现出星空的感觉。值得游览的是南花园，里面景点很多，比较有特色的是花穹，花穹的顶部有观景道，居高临下很壮观，带小朋友游玩可以看到很多珍贵的植物。购买云雾林+花穹馆双馆的套票价格大概110元人民币左右。,,,,,
附近就是最繁华的商业、金融中心，高楼密集林立的滨海区，虽范围不大，但远看很有国际大都市的气派。闲逛附近的滨海艺术中心——榴莲剧场，外形像榴莲，附近有铁桥。不得再次称赞，到处是花草树木，整洁得完全看不到一点垃圾，市容真是一流！,,,,,
打卡Gardens by the bay 非常漂亮，相当值得！从一出地铁站 就开始了花园的感觉 室内部分，有手扶梯和无障碍电梯，樱花祭做得非常精致，赞赞赞。下次还想再去看看。,,,,,
坐車去很方便， 直接在地铁的海濱公園出口便是， 指示還清楚。 但天氣太熱， 一般都是3，4钟去， 近黃昏時份去的， 因晚上7点有燈光表演， 可以順道一起看。,,,,,
去新加坡必去景点，价格合理，特别是新加坡天气炎热，但是里面很凉爽舒适，带着孩子边走边看，不仅可以学习很多植物知识还不累。,,,,,
感觉来到了外太空的科幻世界，十分震撼的,,,,,
非常棒的花园，千万要去看夜景，很漂亮。,,,,,
夜景超级美，灯光水舞秀也是非常美轮美奂,,,,,
很漂亮，花和人造树都很震撼，晚上更漂亮,,,,,
方便，扫码直接就可以进！景点非常漂亮！,,,,,
携程买的电子票五分钟出票入园十分方便，在新加坡滨海湾花园是必打卡的一个景点，公园很大，除了两个植物冷室还有很大一片户外区域，整个园区规划的非常完美，生态环境特别赞，这种设计理念值得我们国内学习借鉴！,,,,,
非常非常漂亮的大花园，新加坡必来之地。,,,,,
晚上来看超级树的表演就很好玩，值得来,,,,,
好，新加坡滨海湾花园，值得你去花钱看,,,,,
很值得去！两个馆和晚上的灯光很漂亮！,,,,,
冷室还是很震撼的，值得去！花卉园正赶上杜鹃花展，国内见的多，并不觉得很惊艳。,,,,,
太漂亮啦，一定要去看看两个温室花园,,,,,
#新加坡# 手机里翻出了几张在新加坡时拍的照片，不过已经记不清这是我第几次的新加坡出差之旅了......,,,,,
赞 赞 赞 赞 赞 赞 赞 赞 赞,,,,,
方便快捷，国内app太强大了直接取票，不用排长队现场购票，里面公园不错，不同地区植物，就是有点冷，最好带个小外套，,,,,,
建议晚上去，灯光效果很好，里面不大,,,,,
很漂亮，有超级多品种的花，值得一游,,,,,
十分梦幻的地方，可惜没看到夜景…,,,,,
今年4月去的这里，非常漂亮的地方,,,,,
超级美丽的地方，特别适合晚上去。,,,,,
高科技加精彩创意，非常值得一去。,,,,,
很漂亮，分冷馆热馆，携程出票很快,,,,,
虽然是人造景观，但修的很漂亮大气,,,,,
花园城市名不虚传。夜景尤其漂亮！,,,,,
很不错，花的世界，让人心旷神怡！,,,,,
导游师傅，一下车就推荐我们滨海湾花园，确实非常漂亮，逛好久，晚上的灯光秀值得一看，不过要提前找好位置，游客太多了,,,,,
值得一去的地方，很有创意，很美！,,,,,
滨海湾花园是一个免费的公园，也是每一位来到新加坡的游客必到的公园。公园很大，风景很好，尤其是黄昏时分，尤其美。公园经常有各种主题展览，在公园某些角度看飞行者摩天轮，非常棒！适合休闲散步的公园。,,,,,
新加坡地标建筑，一定要去看看。,,,,,
晚上的夜景确实也是超级漂亮的哦,,,,,
超级喜欢的，晚上的夜景特别迷人,,,,,
新加坡的网红景点啊，值得一看！,,,,,
值得一去的花园，占用大半天时间,,,,,
特别的体验，感受别样植物园！！,,,,,
两馆里面的植物确实很漂亮，但对于花园城市的新加坡来说并不一定要花钱去馆里看，另外，馆里确实太冷了，需要＋件外套,,,,,
花园城市中的花园，在金莎对面，还是挺值得一去的，尤其是两个室内植物园的布置，值得喜欢花花草草的人去慢慢走走看看,,,,,
花园城市中的花园，在金莎对面，还是挺值得一去的，尤其是两个室内植物园的布置，值得喜欢花花草草的人去慢慢走走看看,,,,,
真的特别美，晚上去看，很值得。,,,,,
下午4点多去的，大花园随便走，有两处收门票，有很多兰花，同伴喜欢，慢慢拍照，总体感觉不错，其中有一室内有瀑布，感觉稍冷，要带薄外衣,,,,,
在金沙酒店旁边，在炎热的新加坡，这里面简直就是避暑胜地。一进门就是一面瀑布迎面扑来，顿感凉爽。里面有很多花卉植物，孩子觉得很有意思，看到很仔细，还看了一场关于地球变暖的小电影，让他触动很深。,,,,,
随便一个地方都能拍出大片的感觉,,,,,
新加坡旅行，对滨海花园映像深刻，据说是填海造地建成的，推荐晚上去，会看到非常美的夜景，室内温室也非常值得推荐,,,,,
挺漂亮的，双馆很不错，尤其空中步道设计感很强，新加坡的建筑风格很具现代感，走在街头就相当于看免费的建筑案例,,,,,
有空调蛮凉快的，就是拿两个地方做人工热带雨林景点这样，就还行，看大自然的感觉，看过了就不会再来了，有点鸡肋,,,,,
新加坡滨海湾花园，又称双馆，两个场馆里面很大，里面的植物很多。娃玩了一天累了，第二个场馆没有看完，有点可惜,,,,,
地理位置极好！前台服务周到，周边去景点都非常近！有的时候酒店帮忙订车拿行李，还很有礼貌！期待下次再次入住！,,,,,
风景不错，空气又好，室外和室内完全二种风格（室内还有空调），室内的植物品种众多目不暇接还有根雕，值得一去。,,,,,
花园馆没有意思，另外一个挺不错的，我以为这个就有空中走廊的，应该买了空中走廊一起的就好了。值得去，一次就好,,,,,
很大呀，很多花，有特点，还是值得一去的，温度有点低，最好带个外套,,,,,
非常好。建议买带2个馆和空中走廊得通票。取票地点不在现场，建议先取票，然后穿过商场，走双螺旋桥到金沙酒店,,,,,
非常好，取票快速，不用排队，比现场便宜十新币 非常推荐,,,,,
前一晚预订，确认很快，到现场后换票也迅速便捷，而且票价便宜些。虽然刚好是圣诞节当天游览，但景区秩序很好。,,,,,
金沙酒店兑换门票，离景点还有段距离，建议傍晚去不热，总体还算方便,,,,,
即买即用，非常方便，扫码入园不用取票，到景区门口买的票，体验很棒,,,,,
景色超赞，鱼尾狮，滨海花园，金沙酒店，一次搞定。晚上9点前有灯光,,,,,
这是新加坡必玩景点，不多说了，自己去看去体验，确实值得看。爱花的照片肯定拍不完。那个瀑布和机场那个都很震撼。看照片看不出来，到了体验确实不一样。,,,,,
滨海湾花园 阿凡达式的奇幻花园 白天可惬意地穿行在这座骨骼惊奇的室内丛林中 夜幕降临后美轮美奂的声光秀来袭。三月份有樱花展，选一件浅色衣服拍照还是很上镜的,,,,,
正好遇到了8:40的灯光秀，非常震撼。花穹的瀑布飞流而下，壮观,,,,,
云雾林很好看，各种植物，瀑布，空中走廊。里面非常凉爽，适合下午逛逛。不用取票非常方便，直接刷手机进去。,,,,,
新加坡实在是太热了，室内的场馆简直就是大救星。场馆里面很凉爽，得多带件长袖，礼物有很多植物，孩子长知识,,,,,
预定2大1小的套票，但儿童票出票时出了一点状况，导致在门口等了一会儿，不过携程的客服很快帮忙解决了。,,,,,
不错的选择，可以节省门口排队买票的时间，但领取票的地点离景点有点远，虽然有交通车可乘，但时间间隔长。,,,,,
不错，二维码入园方便,,,,,
非常不错的一个国家，一个花园城市，攻略下可以玩转这个美丽国度,,,,,
不错的，里面很凉快，人很多，看到各种漂亮的植物，还有不同造型的，还有荷兰的郁金香花展，希望下次再来看,,,,,
这里的户外花园是免费区域，通过六个系列的花园了解雨林中的植物关系网，反映植物的生物多样性。这些花园都在山上，一条路直走就能走完。游客也不多。有人会在这里的山上看晚上的擎天树灯光秀。,,,,,
我们是下午去的，对于炎热的室外天气来说，在温度舒适的云雾林和花穹里慢慢欣赏，再合适不过了。傍晚躺在世界树前的草地上等着亮灯，值得推荐的景点。,,,,,
人太多，和上海辰山差不多，花都没拍。建筑造型不错，拍了很多，空中走廊上去了，上去就后悔了，腿抖，怕高，一定要晚上去，白天会很热，晚上有灯光秀,,,,,
除了大家熟悉的中秋节元素如嫦娥、玉兔等传统故事外，今年的活动还配合滨海湾花园亲近自然的宗旨，加入“鱼跃龙门”“百鸟朝凤”等古代神话，结合“宫灯百合”“巨型花”等大型灯饰，讲述传统文化的同时，营造一种置身在奇幻世界的感觉。灯展的另一个亮点为“凤凰戏牡丹”。这个长20公尺，宽9.4公尺的灯饰，借用凤凰百鸟之王，牡丹百花之王的寓意，祝福游人吉祥和谐、万物欢欣，在滨海湾花园擎天树丛下带来一场灯光盛宴。,,,,,
我还是建议买上双馆的票子，至于那个空中走廊，如果你胆子够大的话也可以尝试一下哦。海湾花园里面确实有着不少的奇花异草，还是值得过来认识一番的呢,,,,,
科技感的一个地方～,,,,,
这里预定很方便 孩子都喜欢 玩的很开心,,,,,
很漂亮的项目，一定要提前买，两个馆加上空中走道，建议下午三点过去看两馆，晚上七点看超级树，空中走道,,,,,
挺漂亮的，各种花，下雨天没地方去可以来这边，票价稍微有点贵，另外进去最好带个外套，还是比较冷的。,,,,,
出票快，换票简洁,,,,,
晚上去的，里面很暗，8点就要关门，两个馆是匆忙看看的，可能白天去更好。总体感觉一般，不值那么多钱,,,,,
两个馆值得一看，,,,,,
一定要傍晚去玩，地方很大，要走很久，室内植物园很漂亮，逛完出来有灯光秀！超级美，但人也很多，注意地铁时间，门票价格略高，但去一次是OK的,,,,,
这个联票要提醒下，必须在一天内把联票景点都玩掉，不然过期就作废了。注意看下各景点的最晚入场时间。,,,,,
相当的漂亮，白天和夜晚都要游玩一番才知足，【景色】世界上独一无二的设计【趣味】90分【性价比】90分,,,,,
排队买票的人很多，携程上买了票，扫码入园，省了不少时间,,,,,
好看啊，夜晚很美，就是下雨天常有，要把握好时间，运气好还能去空中走廊看看，晚上定点有灯光秀好看,,,,,
一定要带外套哦,,,,,
滨海湾花园还是很值得一去的，小朋友也是很喜欢的。购票价格很实惠，比门市便宜多了，出票确认很快。,,,,,
感觉不用买进馆的门票 晚上看免费的灯光秀就已经很完美了，一定要坐在草地的位置效果最好,,,,,
云雾森林真的是名不虚传，中午看见了传说中的大瀑布，个人认为云雾林比花穹更适合小朋友，一定要排队上到栈道走一走，可以发现一个乐高拼的花园,,,,,
美不胜收 一定要去 两个馆虽然不是很大 但是可以在里面逛很久 简直太美了 尤其云雾林,,,,,
花穹Flower Dome、云雾林Cloud Forest，空中走道OCBC Skyway三个主要景点。,,,,,
很好方便 不用排队买票 即买即用,,,,,
取票点有点难找，其他还好。就是中午到一个高档餐厅吃饭，结果就在花穹里面，吃完直接也不用验票了,,,,,
下午去的景点，有2个室内花园，冷气充足，凉冰冰的，适合夏天游玩。晚上的灯光秀，需要预约排队喔，大家留意拉，赞赞赞赞赞赞赞赞赞赞赞赞赞,,,,,
从地铁站下来买了shuttle bus的票去植物园，小孩子还挺乐意。适合白天看，我们晚上去看黑漆漆的，都看不清楚花的颜色。,,,,,
避暑好去处,,,,,
还蛮美的，值得一去，挺好看的。还蛮美的，值得一去，挺好看的。还蛮美的，值得一去，挺好看的。,,,,,
双馆，呃，，，一般。反倒是印象中的植物园更好些。,,,,,
双馆，呃，，，一般。反倒是印象中的植物园更好些。,,,,,
各种植物眼花缭乱，室内瀑布很漂亮，夜间的超级树美轮美奂，伴随着音乐的灯光秀让人难以忘怀。,,,,,
感觉到了阿凡达的世界，奇花异草都在一面墙上，真的好漂亮。很难想象这个工程当时建的时候得耗费多少资金。馆内没有网友说的那么冷，还好,,,,,
打卡Flower Dome&amp;Cloud Forest～其实不出国门也能体会到类似的，比如……上海辰山植物园……滨海湾花园,,,,,
值得一看挺不错的跟孩子老婆在里面玩了，大概有四个小时建议大家去看看，不过都是人工景色。,,,,,
滨海湾花园中秋佳节盛装纳客！8月30日至9月15日新加坡滨海湾花园的夜晚张灯结彩，游人如织。主办机构准备了丰富多彩的游园活动。,,,,,
使用很方便 建议购买好的亲们可以先截图二维码 这样进门的时候会更快,,,,,
使用很方便 建议购买好的亲们可以先截图二维码 这样进门的时候会更快,,,,,
花园是免费开放的，只有两个馆和空中走廊要门票。我们网上买的实体票，因为电子票需要换票，而换票地点并不在滨海湾花园，太不方便了。,,,,,
非常方便，比在现场买票还要方便多了，不用排队，直接手机上扫码就可以进入。大赞非常好。,,,,,
非常值得一来的景点，夜景就像阿凡达的纳美星球,,,,,
晚上去的，风景非常不错，花穹和云雾林也非常值得参观。植物的种类很多，而且大部分都是在花期，加上立体化的布置，充分利用了空间。,,,,,
风景很好，大概游玩时间2-3个小时，建议5点左右去玩更好，因夜景更美，还有灯光秀看，灯光秀有2场，具体时间可咨询那边工作人员,,,,,
景色异常美丽，夜景拍出来很好看也很震撼。灯光非常的绚烂，五彩缤纷。晚上去那边走一走看一看是非常不错的选择。很好玩，老少皆宜。,,,,,
两个玻璃展馆像两个巨大的贝壳，超级树也是绚烂夺目。我们买了两馆一廊的门票，需要提前到滨海广场领实体票。两馆中“花穹”比较一般，“云雾林”巨大的室内瀑布还是有点震撼。,,,,,
还可以吧，就是环境好空气新鲜，好多花都蔫了，对于住惯大陆脏乱差的人来说很新鲜很羡慕,,,,,
内容很少，没有植物的介绍，讲了几百个字而已。都是没用的内容。千万别买！谁买谁上当！,,,,,
取票不是在景点门口取，要先去一个商场取票，浪费了很多时间，饶了很多路才找到了取票点,,,,,
携程订票很方便！这是新加坡做好的景点！起码准备半天时间，慢慢逛，慢慢牌照才有意思！,,,,,
与室内的景色相比，票价太贵了。娱乐性不是很大，优点在于可以躲避户外高温在里面吹空调。新加坡也实在是没有什么可以游玩的景点了,,,,,
景点很大，带着小朋友，太累了，没有逛完，,,,,,
里面景色非常美 尤其是云雾，人太多排队 到哪儿都得排队排队。,,,,,
非常美丽的景点，一定要去看！,,,,,
"Fatanstic! however, if i go agian, i will remember to wear more clothers, a littlr bit cold inside...",,,,,
滨海湾花园是新加坡***非常值得游览的景点，此前参加过团队游的朋友多半因为门票而没有去过，双馆的设计风格很现代，植物花草也丰富多彩，建议和金沙酒店的空中花园放在一天，因为他们靠在一起，时间安排上可以下午先去花园双馆（室内，不晒）傍晚上酒店顶层空中花园，然后看7:45的灯光秀灯光音乐秀（免门票）携程网上订票价格优惠不多，但不需换票、直接扫码入园，很方便感觉很好！,,,,,
买票网络上还方便，但是  拿票的地址 有点难找   问了换多人，绕了很多路，在不起眼的，一个看显示 买车的柜台 才扫码拿到,,,,,
这个地方很多游客，但是个人感觉很鸡肋与其说是景点，不如说是小型室内植物园可能在新加坡来说 是很美的地方，但是对于中国地大物博来讲，景色真的算不上惊艳，只能说很一般，很正常。作为地标打卡是可以的，专门去，没有啥必要而且门票其实换算成人民币性价比并不高,,,,,
7.57358383837583E+039,,,,,
一定要看呀，云雾林太壮观了，世界最大的室内瀑布，坐电梯上到顶端，再一点一点走下来，体验特别好。随处都是奇花异草，芳香扑鼻，顶上还有一个人造池塘，里面还有乐高积木拼的食人花，猪笼草什么的，趣味满满。处处都充满了创意和环保理念，最后会有一个观影厅放映关于环保的影片,,,,,
值得推荐的公园，开始只想去那个空中的公园，后来发现，那个并不是最经典的，基层楼高的瀑布那里也很美，植物的王国，很值得一去，最厉害的是，这么多植物，竟然没有蚊子，新加坡这个国家真是带给人很多惊喜，如果华人以外的新加坡人能更友善些，旅游体验一定更好。,,,,,
非常漂亮，值得一去，新加坡必打卡的地方。,,,,,
携程购买确实比现场买便宜。这2个园布景风格不一样，但非常亮眼，关键是不是简单地把各种奇花异草堆积在一起，而是有主题，有高低错落，有楼层让人可以从不同角度欣赏的自由度，路线设计合理，2个室内园正好一个出口，一个入口，方便自然。我一直在想国内的植物园为啥做不出来，还是本人不知道?,,,,,
必去必去必去！太好玩太美太震撼！如同置身未来世界，逛起来也不累，清凉舒适又美！逛完再去金沙和滨海湾玩一下，简直不要太舒服,,,,,
票⬆️写到晚上8点可以使用，事实8点已经进不去了，带两个孩子飞奔到是19:58，已经不让进，打国际长途嚷工作人员解释半天，也不让退票也不让进。。。第二天离开新加坡的日程，让我第二天再过去玩。。。就是不让退票。408块钱，不算什么，但你这售后连4分8都不值。,,,,,
新加坡滨海湾花园（Gardens by the Bay）由滨海南花园、滨海东花园和滨海中花园三个风格各异的水岸花园连接而成。该花园占地101公顷，位于滨海湾亲水黄金位置，是整个滨海湾项目的组成部分之一。滨海南花园是滨海湾花园中最大的一个花园，占地54公顷。它毗邻滨海湾综合度假胜地，由英国园林建筑公司Grant Associates 设计。这座生机勃勃、活力四射的花园将展示最优秀的热带园艺和园林艺术，拥有大量的热带花卉、色叶植物等。滨海南花园的特色景点包括花穹和云雾林冷室、金园、银园和巨树丛林内的18 棵擎天大树、文化遗产花园、植物世界、蜻蜓湖和翠鸟湖等。滨海南花园内其他值得一看的景观包括花穹内经常更替的花卉、巨树丛林内特别编排的声光表演和一系列的媒体解说和故事讲述，让您亲身体验栩栩如生的植物故事。此外，滨海南花园内还包括齐备的餐厅和零售等生活设施，为您独特的园艺体验画上圆满的句号。滨海东花园位于滨海堤坝西岸，占地32公顷。滨海东花园目前仅作为临时花园向公众开放，之后还将进行全面开发。滨海东花园的设计已确定交由英国的园林建筑公司Gustafson Porter经手。主要特色包括静谧的氛围，营造滨海湾和花园之间“亲密的关系”，以及滨海湾水岸鳞次栉比的小花园，让游客与海滨亲密接触，欣赏金融区优美的天际线。滨海中花园这个花园可连接滨海南花园和滨海东花园。它将建造长达3公里的水滨长廊，城市美景尽收眼底。,,,,,
对于喜欢南国植物的我来说，Gardens by The Bay是我新加坡最最期待的地方，连续去了两次！极具未来感的设计，让我看到了未来城市的样子，尤其是云雾林的喷雾，太梦幻！,,,,,
新加坡自然&建筑奇迹|滨海湾花园拍摄攻略新加坡滨海湾花园新加坡政府为了建设国际化城市，定位“花园中的城市”愿景。在这座填海的岛屿上建立自然气息。绿草如茵，树木葱笼，花卉争艳。也是屡获殊荣的城市地标。红脸普西主要推荐三个地方：‍擎天大树林SUPERTREE GROVE & OCBC SKY WAY滨海南花园里最大的一个花园，擎空大树与天际融合。设计灵感源自胡姬花，形似新加坡国花“卓锦万黛兰”。花园正中央的几棵巨型擎天大树占据整个视野，让你置身自然的美景。两颗主树之间的空中走道，买票可上。晚上擎空树灯光秀， 五光十色的奇幻夜空，背景音乐现代流行乐，视觉和感官十足享受，最佳的观影位在文章尾部哦～云雾林 CLOUD FOREST全球最高的室内瀑布飞流直下，一座35米高，六层楼高的苍翠云山，烟雾缭绕，宛如仙境般。排队坐电梯上到六层，一层一层往下走，感受新加坡自然建筑魅力，景观可看到绿植城市的融合，花园城市概念完美呈现在你眼前。花穹 FLOWER DOME全球最大的室内植物冷室，将地中海地区干冷的气候搬进空间，这里汇聚并栽培来自全球各种沙漠的奇妙植物。空中走廊（5新币/人）人多会限流，可先排队买票，会告知上去的时间，准时到检票口即可）晚上也可以上去的哟云雾林+花穹（双馆套票28新币/人 ）灯光秀仅两场，时间段：19:45；20:45。地铁：蓝线DT16，BAYFRONT STATION地址：18 MARINA GARDENS DRIVE拍摄打卡位：1:擎天大树：走到擎空最大的主树，看照片的方向，找上二楼的楼梯，然后往左侧寻找，大概五分钟就能找到。灯光秀也可以在这，最佳视角。2:云雾林：门口处直拍瀑布，由下往上低视角拍摄；一楼过道处，宏观大山视角；四层空中走廊，能拍摄夕阳与云雾山的美景。路线安排：可安排在18:30到，提前找到擎天大树拍摄位（为晚上灯光秀位置打好卡），接着前往双馆打卡，日落时分在云雾林能拍出大片视感，一直逛到19:30，回到擎天大树等灯光秀。来自地球红脸普西的贴心提醒1-,新加坡很热，衣服质感可选择轻薄型3-,双馆温度很低，怕冷带衬衫4-,提前在携程买套票 便宜5-,有任何问题可以留言或评论6-   建议很实用的话，双击点赞或收藏哦～,2020-02-12 20:30:46.068809
新加坡滨海湾花园Garden By The Bay 网红拍照新地标。整个公园被绿植覆盖，占地面积101公顷，有25万颗绿植。公园内到处都是树林成荫、花草芬芳，随手一拍都是热带风情的味道。公园门口的擎天树群非常壮观，大概有好多层楼那么高，如果不恐高的人可以去走超级树中间走廊，可以看见公园和滨海湾全景，可惜我恐高没有去。如果想拍到擎天树的大场景一定记得找到我图一到三的最佳机位，可以同时在构图中囊括地标网红金沙酒店+热带绿植花园+城市现代化的建筑天际线在一幅画面，不难理解Ins上也非常火了。冷室花穹，来自除了南极洲的世界各地不同气候生长的奇花异草，曾获得“世界十大最佳室内花园”、“世界十大惊人建筑”等美誉，置身其中，目不暇接的对着花花草草拍不停。冷室云雾林Cloud Forest ，一进门靠着巨大山体的30多米大瀑布非常壮观，去的时候还遇见新人在拍婚纱照。按着顺序乘坐电梯上到顶部，沿着树梢布道和云雾廊漫步，欣赏到建筑线条的科技感，一边享受室内的绿植中，又同时可以欣赏到建筑外面的城市风光，真感觉是腾云驾雾了。晚上的擎天树灯光秀强烈推荐，一定要看，每晚7:45-8:45两场，随着灯光与节奏的不断变幻，巨大华丽的树冠，多姿多彩的释放它的美，无论哪个角度欣赏都非常美。最佳推荐机位有我之前的大场景那里，没有遮挡；还有大家都争相追捧的树顶下。欣赏着这些具有未来感的艺术作品，后面是金沙酒店，在树下谈恋爱或者表白一定都可以心随所愿吧,,,,,
打卡全世界唯一的冷室花园，就在新加坡。去过新加坡的小伙伴，一定都见过这个像来自阿凡达世界一样参天大树吧。这里就是新加坡滨海湾花园。这个花园一年四季免费对外开放。花园占地面积面积很大，分为好几个区域，每个区域都有不同的主题。擎天树丛晚上还会有声光表演，夜幕下闪着光的参天大树，变幻着不一样的光。真的仿佛去到了外星球。登上空中走廊，还能俯瞰整个花园。可能因为户外花园太大，所以很多人忽略了，这里还拥有全世界唯一的冷室花园。这里有来自世界各大洲、不同气候下生长的奇花异草。尤其是云雾林，花草山上的瀑布，真的像仙境一般。冷室花园门票：28新币。空中走廊：5新币。小贴士：冷室花园内真的很冷，和户外温差较大，大家一定记得带件外套或者披肩哦。,,,,,
滨海湾花园里散落着18棵擎天树Supertrees，这些树形的垂直花园上有不少热带攀缘植物、附生植物和蕨类植物。 一些树冠上安装了光伏电池，白天吸收太阳能，供夜间照明，或是与花穹和云雾林系统相连，作为排气口。这里晚上会有灯光表演，五彩灯光和投射多媒体会把垂直花园装点得妖娆多姿。擎天树之间有个华侨银行空中走道，额外购票，可以在空中欣赏花园美景。擎天树上有很多光源，随着音乐节奏不断变幻颜色和动作，看起来五光十色，变幻多姿，十分夺目。大家都坐在大树下，仰着头看灯光表演。擎天树白天吸收太阳能，夜晚转换成光能，给大家带来了震撼的灯光表演。15分钟的灯光秀，看得人都振奋了。小贴士：擎天树灯光秀，每天晚上7:45和8:45分别有一场，每次15分钟，对外免费。建议提前找好位置，选个好的角度拍照。不然等大家都坐在地上看灯光秀了，就不好挪动位置拍照了。,,,,,
去新加坡一定要去的景点。OCBC取了票之后还要去现场拿时间表按固定场次进，第一次去取的时候是晚上看完第一场灯光秀之后，那个时候太晚了排不到了。第二次是下午6点去取，排到的时间是8点40，正好可以在走道上看第二场灯光秀，感觉还是蛮值的。如果要在晚上走OCBC，大家一定要根据自己的时间提前去现场拿时间表。,,,,,
远东儿童乐园  Far East Organization Children’s Garden是宝爸宝妈们最不容错过的遛娃圣地，这个特别的花园为全年龄段儿童提供各种游乐体验，包括水上嬉戏、雨林树屋、山脊步道及拱形攀爬架。嬉水区是整个乐园的核心部分，各种花洒和喷水管将这里变成了一片水雾世界，小孩子们尖叫笑闹着在里面跑来跑去。而对于幼儿，嬉水区里还有一个鱼形喷泉，造型可爱的小鱼雕塑可供宝宝们攀爬嬉戏。嬉水区周围由一片绿荫葱葱所环绕，各种攀爬设施隐藏其中；热带雨林树丛中建有两座树屋，生长茂密的榕树为这里带来一丝冒险的气氛，同时也提供了与树木亲密接触的机会。攀爬平台及屋子由长绳和坡道所连接，还有吊床、望远镜、攀爬网和制造声音的设备，让小朋友们尽享丛林探险的乐趣。,,,,,
入夜的滨海湾花园又是另一番景象，在中心超级树，每天晚上这里都会有音乐灯光秀，动感的音乐配上五光十色的灯光，透过树林还能隐隐约约看到金沙明亮的灯火，真的是久久不忍离去！灯光秀最佳观赏位置是金沙6楼的人行天桥末端，在这里可以看到超级树的全景，不过因天桥本身观赏位面积较小，不适合拍照取景，摄影发烧友更别指望能有空间架个三脚架什么。超级树下方，沿滨海湾公园内的指示牌朝着Super Treegrove一直走，目标很大很容易找，席地而坐近距离观赏超级树灯光秀更为震撼！交通：从蓝线/绿线Bay Front地铁站D出口，穿过地下通道至滨海湾花园户外区域，沿滨海湾公园内的指示牌朝着SUPER TREEGROVE走，穿过布满绿色植物的拱门即是。门票：观看灯光秀免费，上超级树门票8新币。开放时间：灯光秀时间是晚上7点45和8点45各一场,,,,,
滨海湾花园灯光秀一定不要错过超级树每晚都有音乐灯光秀的（每晚19：45、20：45各一场），当我们轮到进入后不到一分钟，灯光秀就开始了，感觉好幸运。动感的音乐配上五光十色的灯光，尤其在高空的走廊上亲身体验，感觉非常的梦幻。在离开新加坡之前，能亲身感受这场魔幻般的超级树灯光秀，感觉精神上非常的享受，也让这趟狮城的旅行画上了一个圆满的句号，最让人惊讶的是那十几棵树形结构的超级树，以及蜿蜒在超级树之间的高空走廊。金属的枝丫向天空延伸，树干上缠满了藤蔓，丝毫没有钢铁的冷漠感，倒充满了科幻的味道，仿佛来到了未来世界。当夜幕降临后，这些擎天的人造大树上灯光开始亮起，还不时的变幻着颜色。可以席地而坐欣赏灯光秀，但想走上盘旋在擎天大树上的走廊是需要门票的。特别在晚上，还需排队分批乘电梯入内。,,,,,
花园城市中的智能花园新加坡被称为“花园城市”，而最能映衬这个称号的地标建筑，则非滨海湾花园莫属了。这个闹中取静的花园胜地建在滨海湾之畔，占地面积达101公顷，囊括25万棵珍稀植物，由18棵超级树、2座大型温室、文化遗产花园、植物世界、蜻蜓湖和翠鸟湖等组成，还有一个适合小朋友们玩耍的远东儿童乐园(Far East Organization Children’s Garden)。无论是从空中俯瞰，还是坐游船驶过，滨海之畔这两个宛若巨大贝壳的温室和郁郁葱葱造型奇特的超级树都是令人赞叹的存在，尽显建筑、设计和工程领域的奇观。置身于这座载誉世界的园艺巨作之中，或在树顶鸟瞰郁郁葱葱的园景，或在温室观赏华丽珍稀的植物，或在湖畔边闲庭信步，或在庭轩间小憩片刻，沉浸在滨海湾的绿色园林之中。,,,,,
早闻大名，特地抽了三个小时的时间过来。先说交通，就是金沙旁边，非常好找，顺着路标人群走过来就好。两个场馆，花穹算是美，但不惊艳，有些品种是我以前没见过的，但雾林的壮观是久闻大名了，确实是不虚此行，两大一小三个人的票价，我认为是值了，如果只是看花，我感觉意思不大。但花粉过敏的人要小心，花穹还是挺香的，我有一些不舒服。,,,,,
"半室内半室外植物园,两个馆里的植物种类繁多,如果慢慢看看一天也不够,走马观花半天也就够了.如果走累了推荐去树顶餐厅小坐坐楼下有售卖门票的员工会问你需要哪种饮料,果汁比较便宜喝啤酒和别的就稍微贵一点大概贵4新币.坐在上面往下看的感觉还是不错的!",,,,,
这里是新加坡必打卡的一站！新加坡被称为“花园城市”，而滨海湾花园绝对是是精华中的精华！这里分成室内花园及户外花园两部分，如果只是在外部闲逛免费，想要进入招牌景点两个巨型植物冷室“花穹”和“云雾林”就需要购买门票了。花穹和云雾林两大植物冷室联票为成人票28新币，儿童票15新币。建议大家提前在网上买好联票，价格会优惠一些。游览建议：逛完花园大约需要3-5小时，个人觉得下午13：00点去比较适合，18:00左右吃个饭就可以顺道去看19:45的擎天树灯光秀表演了。室内温度比较低，带着小朋友的话建议带一件薄外套。浏览顺序：先逛花穹或先逛云雾林都可以。云雾林一进门拍完瀑布之后乘电梯到山顶，随后沿着云雾廊一路漫步和拍室内剪影，最后下山后在云雾林剧院观看全息投影，最后结束行程。每天上午10点、12点、下午2点、4点、6点和8点，云雾林会有喷雾，这时候水雾缭绕充满了仙气，最适合拍照！穿搭建议：纯色为主的搭配，如白色及浅色的服装比较适合拍照，绝对不要尝试碎花或绿色，不然你会消失在花丛中。带上一些草帽、墨镜、包包等，可以拍出度假风的感觉，此外建议穿平底鞋或运动鞋，因为需要走得蛮久的。,,,,,
如果来新加坡强烈推荐来这里，其中最值得去的就是云雾林和花穹，在这里可以拍出很仙的ins大片～云雾林一进去就能看到一座大瀑布，听说是全球最高的室内瀑布之一。此外这里还有不少植物墙，都超适合拍照！每天定点还会喷出雾气，犹如仙境～而花穹内可以看到世界各地的花卉和植物，尤其是多肉控一定要来，这次还赶上了“迪士尼松松主题圣诞心愿”花卉展。穿搭建议：建议穿纯色服饰，如白色黄色黑色等，戴草帽可拍出好看照片。贴士：提前网上买票，便宜还省排队；两个场馆逛下来需要3小时左右，建议午饭后去，逛到晚上顺便去看晚上的擎天树灯光秀～,,,,,
最近几年，在网络上看新加坡的图片，总是能看到几棵擎天大树，宛如阿凡达的世界，这就是滨海湾花园。滨海湾花园非常大，面积达到了101公顷，由滨海南花园、滨海东花园和滨海中花园三个风格各异的水岸花园连接而成，其中最受欢迎的就是最大的滨海南花园。远远地就能看到擎天大树，走到跟前更是震撼。这些擎天大树就好像是垂直的花园，它垂直展示了热带攀缘植物、附生植物和蕨类植物，制造出令人惊叹的元素。这些擎天大树营造出了仿若阿凡达世界的环境，让我们行走于自然之间，同时又感受到了科幻之感。新加坡原本就被誉为“花园城市”，而滨海湾花园更是让其成为全球化“花园中的城市”。这些绿化和花卉景观，大幅提高了新加坡居民的生活质量，同时也让我们更加享受这儿的环境。在滨海湾花园内有两个玻璃生态区，也就是冷室，分别是云雾林和花穹。这里让新加坡可以种植一些全新的植物，令游人一年四季都能一饱眼福。无论是漫步于滨海湾花园内的哪个位置，都能看到巨大的擎天大树和金沙酒店，不愧为新加坡的地标建筑啊！,,,,,
坐鸭子船的时候远远看到超级大的两个贝壳，小朋友知道晚些要去，便极度兴奋。里面温度比较低，建议多穿点衣服，尤其是小朋友里面各种各样的花，让孩子们看的眼花缭乱，如果里面有些互动的活动就更好了！,,,,,
坐摩天轮，高空俯览新加坡市景简直太美了，被誉为花园般的城市的确如此。植物园植物品种繁多，真的非常的漂亮稀奇，巨大的室内人工瀑布令人叹为观止，繁星点点般的水塔给夜空更增添无以言表的美丽。。。太美了，我唯有将它们一一融进我的眼里，刻在我的脑里。,,,,,
花了半天時間才玩了B和C兩個館，說真的新加坡不愧是花園城市，綠化真的做的非常好，B館可以看到不同的樹，仙人掌，因為聖誕節所以聖誕樹全是真的樹喔！另外C館裡的空中走道值得走走，可以看到對面的摩天輪，感覺特別舒服,,,,,
新加坡滨海湾花园，是你去了觉不会后悔的地方。是初到新加坡必打卡景点之一。个人建议傍晚去，可以先美美的拍几张照片，然后就可以等着看晚上的灯光秀。我去的时候正好排队到空中走廊上面，所以上面和下面看到了两种不同的效果。后来发现还是在下面感觉更好，看的灯光秀更漂亮，随着音乐变换着，有种想翩翩起舞的感觉。,,,,,
一千个游客眼中会有一千个不一样的新加坡。已经是第二次来到这里了，一年过去了，发现了一些些微妙的变化，滨海湾金纱空中花园的椰子树又长高了，中国人更多了，不绝于耳的中文仿佛让我觉得置身于国内的某个城市。香格里拉酒店多了很多中文标注，服务较去年又提升了一个层次。,,,,,
新加坡滨海湾花园是新加坡游玩最最值得前往的景点之一，特别是滨海湾超级树，实在是很壮观。【交通路线】乘坐地铁C或者E线至Bayfront站下车【门票信息】由于滨海湾花园很大，里面分为三块地方，其中植物冷室是需要付钱的。还有滨海湾空中廊桥也是需要付费的。植物冷室成人28新加坡元，3-12岁儿童15新加坡元，华侨银行空中走道(OCBC Skyway)成人5新加坡元，3-12岁儿童3新加坡元。【游玩体验】首先去往的是滨海湾的花穹和云雾林。注意，里面会很凉，所以最好带一家长袖去。华穹里面展示了各国的花朵，所有的鲜花和植物都是鲜活的，展馆里面一年四季保持恒温，里面的鲜花无数，实在是漂亮极了。特别是里面有各种各样的胡姬花，作为新加坡的国花，很是漂亮。游玩时间大约在40分钟左右。出来之后便是前往云雾林，就好像到了仙境一样的，里面的树木还有雨雾以及瀑布，都非常有趣。一般是先上5楼，从楼上玩到楼下。尽管这些都是人为的景观，但是游玩效果还是相当不错的，很值得带小孩子去看看，会增长很多知识。之后便要去到滨海花园属滨海南花园，其中建有多棵巨大的超级树，有趣的阿凡达树。无论是白天看还是晚上看都非常有趣。在晚上还有音乐灯光表演，一晚上有两场。夜晚的超级树是很漂亮的，灯光闪烁，璀璨迷人。此时，上到空中廊桥是最好的，不但能够近距离看到树木的夜景，还能够从最好的角度拍摄金沙酒店的背面。总体游玩感觉很赞的，是非常值得一去的。,,,,,
就是需要带一件衣服，有点冷，其余没什么,,,,,
非常漂亮，特别是夜里，灯光下更惊艳。值得一去的好景点，空中走廊上俯瞰整个园区，别有一番景致，遥望金沙酒店也是美不胜收。,,,,,
你爱花的话，非得花一整天时间慢慢游走。早上在外面晃，感觉热了去冷气花穹，中午就近午餐非常方便，丰俭由你定。傍晚再去树丛上面的酒吧喝一杯红酒，吹凉风，看狮城夜景,,,,,
扫码入园无需取票很方便，花穹感觉一般，云雾林不错，在金沙平台上看超级树很美！,,,,,
很不错的一个地方，新加坡打卡景点之一,,,,,
新加坡滨海湾花园里面好多漂亮的植物和花卉，非常适合拍照It's always nice to be back!!!,,,,,
还算好看，不过属于看一眼就可以的那种，个人建议如果行程已经很满了就没必要去,,,,,
没什么劲哈，就这个空中走廊好一些。,,,,,
景色挺漂亮的，不得不说新加坡残疾人通道做的非常棒，到哪儿都有。顺利到达顶层,,,,,
很美，全是花草，就是去的时候人多了点，最好避开人多的时候，不然拍照有些困难,,,,,
视觉盛宴，晚上的音乐灯光秀也很震撼,,,,,
里面特别冷，需要穿长衣，除了各种花就是植物，估计男生不喜欢，不值得，太不值,,,,,
非常便捷 体验度很好 不需要排队取票直接二维码扫描进去,,,,,
十分震撼的室内植物园，还可以空中漫步欣赏瀑布和各种不同洲的植物，完美。不过建议白天去，晚上去了拍照不那么震撼清晰。,,,,,
扫码很方便，花园适合拍人与花的合影，但是看是云雾森林布置得更好看，5点左右去，逛完双园正好赶上7:45第一场灯光秀,,,,,
新加坡滨海湾花园位于滨海湾，靠近金沙酒店。住在金沙酒店就可以看见满目花园美景，滨海湾花园最有特色的便是一棵棵擎天大树，即使在夜间也十分的显眼。据说整个花园造价竟需10亿。是新加坡旅行的必游景点。,,,,,
一家人去玩，有点冷，记得带衣服。,,,,,
这个景点太好看了，室内冷室很赞，外面天热。里面很舒服！孩子们玩的也开心！,,,,,
环境优美，植物花草树木令人赏心悦目。是假日休闲的好地方，值得向朋友推荐。,,,,,
不错，没事可以去看看。挺有意境的,,,,,
这次扫门票很顺利，不过基本也不需要排队，还是挺有观赏性的，记得带外套，冷,,,,,
扫码就可入直接园  顶方便的  ,,,,,
云雾森林和花穹是避暑好去处！空中走廊太晒就没去！建议想去的可以傍晚再去！,,,,,
花卉植物布景都很美，就是太冷了……下雨没看到晚上的灯光秀。携程出票快，比当场买便宜，不需要换票直接扫码进，方便。,,,,,
此行新加坡最满意的景点 各种花卉 很好的融合在一起 值得去的公园 非常好,,,,,
两个大温室，对我们南方的人来说感觉一般 。主要是下午安排的项目看完就快到晚上7点45的超级树灯光秀。不过也是跟游完的心情有关。当时我们两三天内走了好多路。所以有点累，逛起来觉得一般。,,,,,
二刷，必去景点，美不胜收。孩子说：超级树的灯光秀和水上乐园，印象深刻。,,,,,
二刷，必去景点，美不胜收。孩子说：超级树的灯光秀和水上乐园，印象深刻。,,,,,
很有新加坡特色，微缩版的植物世界，充分利用了有限的展示空间，值得推荐。,,,,,
做得很不錯的公園，品种很多，而且地方寬敞，值得去看，而且定期有不同展出,,,,,
电子票很方便，这里也值得一看！,,,,,
可以，不错的花园，里面很凉快。,,,,,
打卡新加坡滨海湾花园，很值得一去！本来以为2-3小时就能搞定，没想到从下午逛到晚上，那个桥不错，就是有点吓人。,,,,,
与室内的景色相比，票价显得太贵了。优点在于可以躲避户外的高温，在里面吹空调。新加坡也实在是没什么可游玩的景点了,,,,,
买票和进场都很方便，傍晚去的，很舒服，人流量明显比国内长假景点少，玩的很轻松。正好遇到美国使馆活动，开开眼界。,,,,,
室外花园免费，有两个温室需要门票，感觉不值。如果不是为了研究植物，就不推荐去。人很多，花园是国内5块钱的水平。,,,,,
云雾林感官体验非常好，花穹馆里很多没见过的花花，也要灯光效果非常好看,,,,,
云雾馆非常好，Skyway得看天气，下雨会关闭。金沙第三大厅取票方便,,,,,
滨海金沙酒店背后，超级美的地方，不上树上廊桥去的话，就在下面躺地上看，伴随着背景音乐，也超有意境。一定要去。,,,,,
花园就在金沙酒店后面，面积很大，包括了花穹和云雾林，最引入瞩目的就是这几颗人工天桥大树，晚上灯亮后尤其漂亮。,,,,,
滨海湾花园的夜景非常的漂亮，值得一曲游客，不少春节期间的游客挺多的。,,,,,
第一次在国外当天买票，速度快，双人票还便宜31人民币，使用也方便。,,,,,
值得去看，很多植物和鲜花，有很多种类，还有室内瀑布，看起来挺壮观的,,,,,
当天只开放了花穹一个馆，感觉亏了，总之不是很推荐，不入星耀樟宜惊艳,,,,,
好清凉的植物园！这次去听说原先的植物园已经很少人去了，于是我们也改变行程去了这个新的植物园！参观真的很舒服，炎炎夏日，可以在貌似露天的山水花鸟中享受清凉，太写意了！云雾林比花穹更有意思！,,,,,
很不错，亲近自然的感觉很棒，生态在这里体现的淋漓尽致。来自全球各类花卉，在新加坡相得益彰，宛如在植物王国。,,,,,
很好 其实不大 两个馆内加外面也值得让孩子看看,,,,,
花园虽然不是很大，但是规划布置得井井有条。来自世界各地的花草在这里都可以看到。恰逢中国新年，园内还特意为庆祝中国新年做了中国特色的装饰，非常不错。,,,,,
花穹和云雾林，我更喜欢云雾林，瀑布飞泄，绿叶苍苍，只是好冷，记得多带一件外套。取票也方便，工作人员也友好。,,,,,
非常好，值得下一次再来。,,,,,
还是很值得一去哒，建议傍晚去，不晒，然后等到天黑亮灯，就很美了～,,,,,
第一感受就是大，可参观的景点众多，重点还是2大网红点。里面温度适中，瀑布景点是真的冷，建议多穿一些衣服。,,,,,
风景如画，气候适宜，环境优美，在新加坡很适合带小朋友游玩的地方。,,,,,
太方便了，电子验票，不用排队，孩子们都玩得非常开心，期待下次旅行,,,,,
来新加坡一定要来这里玩玩。非常不错的景点。。有很多珍惜的植物，大开眼界。要是在中国也有这样的景点就好了。,,,,,
买了票是孩子和妈妈一齐去看，她们回来说很美，我不去看真走宝了。,,,,,
取票的面脸儿很小，不太容易找。但是除此之外整个过程还是蛮顺畅的,,,,,
绿化覆盖率很高，花园十分壮观，景色秀丽，视野开阔，非常值得一看,,,,,
挺美的，各种花花草草适合拍照，里面花半天够了，不过很冷很冷，一定要穿外套。。来自曾被冻到发烧的人士提醒,,,,,
出票快，景点门口取票，非常方便。去的时候是早上10点，游客少，室内空调很足。适合带长辈小朋友去的地方。,,,,,
氧吧，空气超级好，看到了很多没见过的花草植物，很值得大家去看看,,,,,
不错的地方，云雾林最好玩，晚上也不错，距离海边很近，方便看夜景,,,,,
完美的享受！真的很漂亮！瀑布景观那里非常冷，建议带外套！还有滨海湾花园灯光秀美好的不行，千万不要错过！,,,,,
对于喜欢花花草草的就不错，不喜欢的的就去个名气，环境还是不错的,,,,,
票价便宜，兑票不是太方便，其余挺好！景点很美，非常值得一去。,,,,,
只能说一般吧，不值得,,,,,
票价不是最便宜，audio的4块没必要付钱就是两句语音而已。,,,,,
还可以！就是人太多了！简直就是去看人的！各个国家的都在那里！,,,,,
好好！！！！！！！！！！！！！！！！！！！！！！！！！！！！,,,,,
还是不错，值得去。植物造型独特，适合拍照，去打个卡是必须的。,,,,,
携程售票方面，快捷。价格还算适中，大家都可以考虑，比较省心。,,,,,
那个云雾林还是很高很高的，至于花穹啥的，我觉得真没有啥好看的,,,,,
我最爱的兰花，在这儿找到了不同的版本。花仙子小培最后找到了李嘉文，而我和我的李嘉文在这花园里流连忘返,,,,,
值得非常值得，很美很漂亮很好，尤其要去云雾林，很壮观很精彩很美！雾气缭绕弥漫其中，待一天都觉得舒服哦,,,,,
景点还算不错，里面冷气太足了。即使盛夏也最好备一件外套保暖！,,,,,
花园真的很美，设计的也很有艺术感，值得一看。小tip：多穿点进去，冷。另外，在国外用携程买门票真的很给力，不用排大队，直接兑换进去就可以了。,,,,,
很不错，小朋友在里边各种摆拍！各种造型，很不错！玩的不想走了,,,,,
值得一去哦，门票价格也还可以，我们去了其中的两个馆，各种不同的花、植物实在是太漂亮了，小朋友也很喜欢,,,,,
如果确定三个景点都去，强烈建议购买实体票。优点：1）行前在国内就收到门票，省去到国外再找地换票的麻烦，据我所知，很多电子票换票点甚至不在景点附近。2）逆天的是，这种实体票的有效期实际上是6个月，预定时只要保证你的行程在这段日期里就可以，到坡国后再择日去游览即可，灵活方便。3）一张小纸条就含三个景点（好像比一些双馆就要110元的票实惠），每个小点门口交给工作人员分别检票/打孔即可畅通无阻啦。,,,,,
买的双馆连票，花穹没意思，云雾林值得去。晚上的灯光秀美轮美奂，7:45和8:45两场，15分钟结束。,,,,,
海滨湾花园，花园外围是不收费的，但里面还有很多收费的“小园”，CloudForest，算是一处，虽说是人造景观，但是步入期间，还是让人感觉很舒服的，再次不得不佩服一下城市设计师们，细节之处不一不是辣么滴考究，各式五彩斑斓花花绿绿，搭配上水的灵动，让人沉溺其间。CloudForest里面还有个小放映厅，科普讲座，有时间可以听听，尤其是小朋友，很多都是国内比较少教但是应该会的。晚上非常漂亮，感觉晚上的滨海湾花园比白天更赞。,,,,,
滨海湾花园，有一美叫做震彻心底！是新加坡必定签到的地方咯~像擎天一样向上张扬，显示着希望，晚上还会亮灯呢都是靠着太阳能的，无一不显示着这座花园城市的环保，这里还有两个冷室可以入内参观，有室内最大的人造瀑布，进去里面有廊道还可以看到这个海湾的全景呢，门票华人的话是28新币,,,,,
喜欢花花草草的要去看一下！室内温度很舒服！孩子建议带外套！,,,,,
非常不错的海边花园 非常好玩 值得一看,,,,,
滨海湾海园，值得一去，特别是我这种喜欢花花草草的人，拍照也很美，在携程上买的电子票，很方便进门时给二锥码验票就好，里面可以看40分钟左右。,,,,,
里面空调特别低，大家注意保温，不喜欢看植物的就不要进去了,,,,,
在新加坡旅游的时候买的，挺方便的。需要在花园票务室取票。,,,,,
除了里面植物真的很漂亮外，这么热的天在里面太舒服了。最近还有玫瑰展，置身在花海里谁还不是个小公举,,,,,
小朋友很喜欢，看到了很多植物，而且是沉浸式参观，推荐。,,,,,
特别好，挺凉快,,,,,
拔草了。花穹都是北方常见的花，云雾森林吓尿了，恐高啊。,,,,,
好玩，特别喜欢,,,,,
代朋友订的 应该还可以吧 去过忘了,,,,,
还是很有意思，可惜去晚了，两个馆只看了半个。超级碗演出很梦幻，值得一看。小朋友必须很喜欢啊。大人也喜欢。可是空中走廊因为下雨不开放，也不让退票。感觉好亏。买票之前看好天气呀。,,,,,
漂亮～地标，来过一次就足够了，晚上音乐show也很震撼,,,,,
两个温室大棚 不同的植物 但感觉云雾森林更值得一逛 里面的人造瀑布很漂亮 可惜的是当天空中走廊维护 所以只是远观了一下超级树,,,,,
滨海湾花园这里，因为新加坡独特的气候环境，所以这里还是有许多的热带的植物在里面很漂亮，白天和晚上的感觉还是完全不一样的我感觉晚上更漂亮,,,,,
这个公园最大的特色就是远远就能看到天然人造树。虽然树干是人工的，但是盘绕在树干上的一草一木都是真的哦，设计师在树干内部设计了一套自动循环系统，就好像一个可以自己浇花的大花盆。,,,,,
花园很棒，适合安排一天，云雾林特别漂亮，玩得很开心，几秒出票，不用取票扫码入园很方便，还有一点点优惠！！！携程境外门票购票体验非常好！,,,,,
非常值得一游，各种新奇花草树木争奇斗艳，让人耳目一新,,,,,
虽然是人造景观，但瀑布的设计很逼真，还是挺震撼人心的,,,,,
很棒的室内花园，植物种类真的是多到数不清，很赞的体验,,,,,
非常好 只是不含空中栈道 可惜了,,,,,
一般般，也许见了太多好环境了，没有别人那种惊艳的感觉,,,,,
价格优惠，兑换方便，这个要点赞，我们住在金沙，直接走过去换了票就可以参观。滨海花园的两个馆还是很值得一看的，确实很美，各国各地的植物，特别是夏天，里面温度适宜，很适合参观。,,,,,
滨河花园值得逛逛 花很漂亮 ！！,,,,,
棒！非常喜欢的景点。花穹是室内冷房植物园，植物种类繁多，很多都没见过。云雾林内的瀑布很震撼。,,,,,
值得期待去,,,,,
超级树还是很好看的，云雾林很赞，不得不夸他们的创意,,,,,
取票方便 但人太多了 云雾馆很舒服 半空走道傍晚时拍照特别美,,,,,
可以，好看，价格合理，好看。但应该提供大树的门票。,,,,,
票价有点贵！时间紧张完全可以不去，去了就是拍拍照！,,,,,
值得一看，买了两个馆加skyway的门票，很棒！带着老人和孩子玩的很开心。出口的地方还有模拟视频，可以给孩子普及一下大自然的知识。,,,,,
不错，方便领票。地方很美，推荐大家使用。如果找不到问任何一个工作人员都会告诉你换票的位置。,,,,,
很美，空调很冷，坐地铁走得比较久，晚上还有灯光树看。有个粤菜馆味道超正，完胜各种当地美食。,,,,,
里面有个儿童乐园，小朋友在这里面也可以找到乐趣！,,,,,
购票放心 取票方便 值得一去,,,,,
无需兑换 扫描进入 方便快捷,,,,,
热带花园很漂亮，就在滨海湾这里，去金沙酒店很方便,,,,,
临时买票看了两个馆，空调温度低有点冷，其他还好。,,,,,
非常不错的城市花园，适合带孩子来科普，晚上还有超级树灯光秀，躺在超级树下观赏，非常美妙！,,,,,
取票方便取票方便取票方便取票方便取票方便取票方便,,,,,
第二次来新加坡第二次来滨海湾花园，还是那么好看！,,,,,
新加坡滨海湾花园及其热带雨林馆，承载着为下一代演释盘古开天辟地的历史使命，也充斥着梦幻。,,,,,
首先 我想说 冲着图片想去才买的 但实际却是隔壁圆顶植物园 非常误导消费者 差评 不会再订携程了 ,,,,,
新加坡滨海湾花园真的很漂亮 里面的植物种类很多 值得在里面逛个两小时,,,,,
新加坡滨海湾花园是新加坡夜间的火树银花不夜天，可以在人造树之间的人行道上散步，到了晚上整个花园变得充满了生命，有灯光表演，然后可以步行到滨海湾金沙酒店，去看激光秀表演。,,,,,
新加坡必到的景点，正值圣诞前夕，已经有浓郁的圣诞气氛。傍晚，光影交错，美不胜收。对面的金沙酒店，气派豪华，晚上的灯光照的特别美。,,,,,
不愧称为花园城市，室内瀑布很漂亮，关键是不热。,,,,,
看看花挺好的地方就是中文少了点，去的话英文要好,,,,,
免费，有两个时间段表演，分别有两个地方，晚上完全可以分开看两场，如果想在好的位置观看，最好提前小小到现场【性价比】,,,,,
这个可要早点去，天黑了就不好玩了，建义先去瀑布屋再去天穹，晚上真的看不到感觉，建议直接到屋下的换票，靠近在金沙的售票处不换票。,,,,,
植物要吹空调。很人工很耗能的植物园。宣传环保的建筑是最不绿色的建筑。一边吃着牛肉还要呼吁保护动物，异曲同工。不要周末去，人多。,,,,,
就是一个植物园瀑布，没啥特别，城市植物园都有,,,,,
"发货很快,店家服务很棒，景点很漂亮，很喜欢o",,,,,
非常帮的 灯光 视觉享受,,,,,
强烈建议大家穿好外套，实在太冷了，我带了防晒服感觉完全不够用的，还是好冷！馆挺大的，就一直在看些植物，室内风景，还有晚上的灯光秀，不过大家看清楚日期，有的时候会闭馆,,,,,
不错，就是室内一定要给孩子穿衣服哦，太凉了！,,,,,
很好，很快捷、服务很好。1234567890,,,,,
值得去 ，非常好的体验，网红打卡地,,,,,
热带花园，那个瀑布非常惊艳！空调开的好冷！,,,,,
很值得看的地方 提前买票太方便啦,,,,,
感觉去机场就无需来这个了。就是看看花而已。,,,,,
植物丰富环境优美，喜欢植物花草一定去看一下,,,,,
新加坡最好玩的景点 很有特色很美,,,,,
景点非常一般，还没有外面漂亮，瀑布稍微好点,,,,,
很有特色，满意，价格不贵，很好玩，干净卫生,,,,,
两个巨大的玻璃温室，能在里面看到各种各样的植物，印象最深的是好像有块叫失落秘境的区域里一片猪笼草，从来没见过这么多猪笼草。,,,,,
非常美，不愧是魅力新加坡，白天夜晚景致不同各有特色，一点也不容错过的美景，空气好环境宜人，气候温和，非常适合旅游观光游览！,,,,,
里面的植物馆一定要去看！很震撼，各种植物,,,,,
非常美的花园，新加坡的园林做得非常原生态,,,,,
值得一去的地方，整体非常棒，里面很凉快。,,,,,
水池很漂亮，花园城市，很好的诠释了这一点,,,,,
整体环境优美，适合拍照，路线设计也很合理,,,,,
很好玩，携程订，放心，省心，开心还省钱。,,,,,
白天去的，室内的面积也不是很大，一个里面就是各种植物，另一个里面是一座人造山，山外有瀑布，老实说和我国的很多自然风景比起来，没什么特别出彩的，但是设计的还是比较巧妙的，也许晚上在灯光的照耀下会更吸引人一些吧,,,,,
分为花穹和云雾林，冷是真的，切记带上一件薄外套，里面的植物真的很漂亮，有特色，适合拍照，漂亮，也适合带小朋友去认识自然。,,,,,
夜间去拍摄，不错！特别是热带的花，美呀！,,,,,
来到滨海湾，天幕渐暗，吹吹海风，看看夜景，等待金沙激光秀。平时最著名的鱼尾狮是狮妈妈，背后的狮宝宝也在努力的喷着水，圣淘沙上还有个狮爸爸，去岛上就能找到狮爸爸。激光秀来了，断断续续的，一会闪一下，再隔一会闪一下，不知道别人看到的激光秀也是这样的吗？我们去的时候双螺旋桥边上在搭展台，也许有小型演唱会？所以双螺旋桥那边不能过去，挺可惜的。滨海湾这里也有个小夜市，人气很旺。只能和老外拼桌，大部分桌子都满了。,,,,,
双馆门票。花园是人造自然的集成，来自各大洲的花卉树木和谐共处一室，设计巧思，景色美丽，行走路径科学，标志性景点名不虚传。,,,,,
双馆门票。花园是人造自然的集成，来自各大洲的花卉树木和谐共处一室，设计巧思，景色美丽，行走路径科学，标志性景点名不虚传。,,,,,
好喜欢Garden by the bay，两个大温室花园超级美啊，不得不说这个真的是新加坡人口中全世界最好的花园！晚上的灯光秀简直美呆，很值得等一晚上，躺在地上看灯光秀的感觉好棒,,,,,
新加坡+丹民岛休闲游新加坡的旅游攻略都是很有意思的，但是贾赦单品岛的话，那就是让人感到很舒适的，带上摄影机和自己的手账本去旅游，更加拥有的是旅游记忆的能力。民丹旅游区整个旅游区域都是有很多家民宿组成的，让我更觉得很新颖的事，有club或者是一些很有意思，咖啡馆餐厅一类的建筑的特色，隔着海岸的景色都收尽眼底，组成的是一幅很美丽的画卷，让人耳目一新但是整个沙滩所拥有的情调和典型，更有趣的是所有的区域都是很让人感到惬意，有高尔夫球场和每一个俱乐部可以做完自己很喜欢的事情，很多酒店都可以自己慢慢的去看，选一所自己很喜欢的去住。开放时间全天开放门票信息免费开放推荐用时1到3小时新加坡滨海湾花园整个都变成了花园中的城市，就是是沿着海湾这一地区附近的花园，或者是植物园都非常的多，包含在里面的特色景区，游玩地点也是很有特色的，丰富多彩活动和很它的整个占地面积都是很大的，我走了很久的路程，而且里面还有巴士，可以穿梭在里面小火车一类的，也有可以乘坐一下浪漫的火车穿梭在是一种很让人感到安心的感觉吧，尤其是花和海的味道。开放时间全年开放门票信息免费开放推荐用时1到4小时圣淘沙岛我很喜欢这座岛屿，它就是圣经中所描写的那样，一般很多圣洁的灵魂都会在这里安息，让人感到的是宁静，之前他是一个世外桃源，没有人的打扰，也许是没有开发的，但到了后面被政府的鼓励下，逐渐成了一个旅游的热门景点，每年都有几十万的游客地游玩，特色也是很多的，真正的景点，加上美食也是足够招引人心，整个的风情都是热带的风情，人们都非常友好。开放时间全年开放门票信息免费开放推荐用时1到5小时滨海艺术中心艺术中心的外形观照是很吸引人的，它的整体造型就像一个带了刺的甲壳虫一样，但是实际上是很豪华的砖石进到眼前的时候，进去是不需要门票的，购票的话是要自己观看的场剧买来表演所购买，里面的演出都是很有意思的，还有很多新加坡很著名的演员都会在这里演剧。在海边的他领着汗的景色，从远处看，就像一个小小的房子一样，但也脚步会追随着他而来到它这个地方，你一定要看一场精彩的演出。开放时间全年开放门票信息免费开放推荐用时1到5小时双螺旋桥它在桥设计界是很有名的，来到这个地方，我一定会在这里欣赏一个很美好的夜晚景色，它双曲线是整个全国乃至整个世界，全球都是第一座建成的曲线桥。整个全球有很多步行通道，所建筑的造型都很奇特，渎庙你看一个个的走过，就当散步一样欣赏海上的风景，它的整个形式都象征了一个国家的精神吧，繁荣和永不放弃的精神，地理位置是很好的，在重大节日的时候可以看到烟花的绽放。开放时间全年开放门票信息免费开放推荐用时1到3小时在新加坡和这座岛旅行的这些日子，真正意义上体会到了旅游的最高形式，那就是完全的舒心放松，让人享受的景色就是这一些了。并且景点都是很有名的，更代表的一个是现代的建筑设计吧。,,,,,
去新加坡不得不看的攻略新加坡作为一个可爱的袖珍型花园城市，风景秀丽，空气清新。而民丹岛也以其独特的风情吸引着世人。我假期比较长，便仔细研究了两个地点的旅游攻略。这里有了众多景点，例如新加坡滨海湾花园，圣淘沙岛，新加坡植物园，娜湾海滩俱乐部，500 Lohan Temple。都是旅游的好去处。美丽的滨海花园——新加坡滨海湾花园这个花园人气逐渐蹿升，已经成为新加坡的新的地标景点。这个城市花园带一共有三个组成——滨海东花园，滨海南花园，滨海中心花园等。白天时候，我们去了花园温室里，欣赏千姿百态的花卉和植物，这里植物的种类极其丰富。有热带种类，也有地中海花卉，琳琅满目。馆内的设计和布局也很新颖，充满着设计师的奇思妙想。晚上，我们观赏了独特的灯光秀，美妙的花园夜景，。总之，入股不亏，强烈推荐。建议游玩时间：1-3小时门票价格：详情查询官网娱乐岛屿——圣淘沙岛这个岛可谓到新加坡去是的打卡必备之地，最受家长和小孩子的推荐。如果你带着小朋友去旅行，这个可谓能满足你的所有幻想。因为这里有很丰富的娱乐项目和设备，例如西勒所海滩，新加坡环球影城等等。在环球影城，你可以花费一天时间体验各种刺激的娱乐项目，如：木乃伊复仇记，变形金刚，太空堡垒过山车等。在西勒所海滩，你可以体验户外冲浪，沙滩自行车，还可以和家人朋友体会海底世界的奇妙。建议游玩时间：1-2天门票价格：自行车和PMD用户免费，其他则需查询官网。闹市旁边的绿色宝地——新加坡植物园新加坡的地铁很便利，我们一路坐地铁来到的植物园，这里的历史也比较悠久。除了两万多种热带和亚热带植物外，还有音乐会，图书馆等。自然与人类历史文化气息很浓烈，和谐相融。我们先来到南面的大门，这里有个银色的大门很漂亮，游人们一直在这里合照。公园里的人不算多，有一些遛狗的市民，也有野餐，踢足球的小孩子。我还看到了一对新人在这里举行的草坪婚礼，配上秀丽的景象，感觉十分浪漫。植物园很大，路很多，但这里有中文的路标，让我感觉很舒心，在这里面没有迷路的机会。建议游玩时间：半天或一天门票价格：免费，但内部的国家胡姬花园门票要5加坡元美丽的俱乐部酒店——娜湾海滩俱乐部我们一行人来到民丹岛时，选择的这家酒店会所。这里的服务十分优秀，提供的特色印尼小吃也很符合我的胃口，尤其推荐这里的鱼肉和黄面条，可以裹上特制的酱料，人间美味。准备，我们还可以看到壮丽的海边日落。晚上时，吹着海风散步，无比惬意。那些民宿门口，还有人连麦唱歌，吉他清脆，嗓音悦耳，带给人一种十分舒适的感觉，无可挑剔。由于这里人比较少，我们可以一直不被打扰，沉浸在自然的壮美里，心情格外惬意。建议游玩时间：1-2小时门票价格：住房另行付费罗汉寺庙——500 Lohan Temple据说这里是有由新加坡华人捐赠的钱而修建起来的佛寺。看来这家主人深受佛教影响，乐善好施，也许是为了积攒功德。自从听到这个名字起，我就一直在找罗汉雕像。一眼望过去真的是非常震撼，这里纯白的石头堆让我十分震惊，雕塑神态各异，细节栩栩如生。这里也有很多大树，非常粗壮，绿树映照着白色石像，显的十分庄重肃穆。值得一提的是，这附近酒店饭馆啥的比较少，所以我们准备了干粮和饮料，在这里的草地上解决了午餐。建议游玩时间：4小时门票价格：免费新加坡-民丹岛的旅行让我感到终身难忘，我深深地被这里的秀美景象，独特的文化，美味的食物，动听的音乐，有趣的人们吸引住了。这次旅行让我增长了见识，开阔了视野。我深刻地体会到了读万卷书行万里路的感受，也震惊于这里和老家截然不同的生活方式，有向往，渴望，也有哲理启发。希望下次你来这里的时候，也给我们分享分享你的见闻经历。,,,,,
前两天去的圣淘沙，把体力都耗光了。Day4打卡滨海湾花园，安静地舒适休闲地逛。超正点，美到窒息，进入就不想离开的仙境！好像一秒进入了侏罗纪时代，非常棒的感官体验，视觉盛宴！全世界的品种都有，太有才了，要多用心栽培才能把这么多的品种培育好啊！带小孩子来，进行环境保护教育非常有意义！,,,,,
非常漂亮，世界各地的植物集锦，环境很好呢,,,,,
与花共舞新加坡滨海湾花园作为新加坡新的地标，滨海湾花园占地面积广，花园内有25万颗植物，十分受游客欢迎。美丽的滨海湾花园我是在某宝上买的票，门票也分好几种，我买的是双园票，感觉比较实惠。展馆内的温度比较低，所以大家记得多穿一点。我首先来到云雾林，看到云雾林的瀑布我被震撼到了，35米高的瀑布上水飞流而下十分壮观。当然这是一个人工瀑布，瀑布周围有各种花花草草，这些植被让这里的一切都变得更加迷人。妹子一定会喜欢的地方，花穹！一个适合拍照的地方，五颜六色的花圃汇聚在一起，在花穹里可以看到无数的游客在自拍，场面壮观。花穹的正中心有一辆老式的车子，车子的四周有很多南瓜，是为了迎接万圣节做的准备，很像漫画里的场景。参天大树滨海湾花园里有一个地方叫巨熟丛林，18颗参天大树立在其中，宛如原始森林一般。滨海湾花园让我大开眼界，是我为数不多去过一次还想再去一次的地方。开放时间9:00～21：00,,,,,
一个非常棒的地方！（花穹）植物馆满是热带植物花卉，云雾林更是让人惊叹！走在那空中站道，你才能体会到阿凡达的“阿里路亚！”,,,,,
10.5下午两点多到酒店安顿好，四点左右在携程上订好票，立马打的过去滨海湾花园，时间刚刚好～花园一般，云雾馆比较有新意～观赏出来7点四十正好赶上灯光秀，说实话，真看不懂灯光秀有什么壮观的，估计是深圳的灯光秀太震撼了，这几个花穹音乐的灯光秀感觉就是小菜一碟～,,,,,
很漂亮，建议订票双馆和长廊的票，＋长廊也只有多30元而已。管内空调很足，很冷，建议小朋友带一件衣服，颈椎不好的女性最好带条围巾，管内有很多植物，环境卫生做的很好，没有蚊虫只有自由飞翔的小鸟。双馆到长廊要走10分钟左右，长廊又是室外的，白天注意防晒。我们是下午看了双馆＋长廊，再过去玩摩天轮，回来再看灯光秀，灯光秀19:45.20:45场次的，要拍照视频的最好带一张大报纸躺地上拍摄，角度最佳。,,,,,
flower dome占地非常大，而且花的种类很多，简直自拍圣地，内存谋杀者。forest tree是七层楼高的建筑，非常震撼，植物按海拔分类栽种，别出心裁。有数条走廊伸出建筑外，让人可以更全面的观赏这栋植物花园。十分值得去！,,,,,
非常值得去、各种植物和花、里面装饰也非常漂亮、可以让孩子了解很多花草植物、连我们大人也不想走了。里面可以看一个自然生态的电影、孩子看完之后感触很深、拼命问我到了2080年真的人和动物都会死么？问我该如何保护生态环境,,,,,
傍晚去最好，可以看到白天景色与夜景灯光秀，漂亮不是一点半点，超值票价，正好在登顶时观看灯光秀，看到金沙酒店夜景，不虛此行,,,,,
新加坡的新地标，曾赢得了2012年世界最佳建筑奖(WinnerofWorldBuildingoftheYear2012)，由温室(花穹和云雾林)、18棵超级树、文化遗产花园、植物世界、蜻蜓湖和翠鸟湖等组成。地铁黄线、蓝线，海湾舫站均可到达，这个花园是不需要门票的，但是你要是进到两个馆里面还有空中走廊是要收费的，两个馆（玻璃冷室）、“云雾林”和“花穹”，冷室还原了热带山地地区凉爽潮湿的气候和地中海及半干旱、亚热带地区凉爽干燥的气候。除了永久性展示一些有趣的植物和树种之外，花穹还会根据季节变化更替部分展示的花卉，这里也是拍摄金沙酒店、新加坡摩天轮的绝佳地点，建议晚上来，有灯光夜景很美，晚上7:45和8:45各有一场灯光秀，持续15分钟，还是很梦幻的。,,,,,
晚上8点钟金沙购物中心外面露天有 水雾电影看（见图1），非常不错~据说是亚洲第一大。结束后前往下一站滨海湾花园看音乐灯光表演，大家可以走商场的天台（见图2）走过金沙酒店的天桥（见图6）徒步15分钟就可以到滨海湾花园了，期间遇到一位问路的大姐 用中文问我滨海湾花园怎么走 问我是不是新加坡本地人 怕我指错路，哈哈~大姐，你就放心吧~~这一带好热闹，人超多 一路走过来可以看到好多熟悉的面孔 熟悉的普通话 好多游客是中国人，音乐表演的时间是8点45分，找个靓位置 躺在树下 仰望天空 看潘多拉树随着音乐律动各种灯光变幻，很是浪漫~~,,,,,
非常满意，云雾林和花穹都非常值得游览。,,,,,
amazing 非常非常好看,,,,,
景点不错，就是去的时间不太好，人太多了,,,,,
电子票，特别方便。直接去门口扫码就行了,,,,,
很大，适合大孩子观察植物，表演很精彩！,,,,,
可能因为周日所以人特别多，但是小朋友玩的很嗨，正巧遇到这里搞玩具总动员4的活动，所有游艺项目全部免费哦，真是意外的惊喜,,,,,
植物种类繁多，很漂亮，最意外的是两个花市都是冷气十足，又凉快又不晒，可以很好的欣赏美景。瀑布那个花室各种热带雨林植物。,,,,,
滨海湾花园很值得去看下，各种植物还有云雾林的人工瀑布及那个空中过道，摩天轮也是非常不错的一个项目，就是我们去的时候是假期，排队排了一个多小时，有点累，但很值得,,,,,
很美很静干净,,,,,
新加坡原本就是一个花园式的城市，现在全力打造这个滨海湾花园，更加美化了环境。,,,,,
夜景很漂亮，是一场灯光和音乐的盛宴。,,,,,
挺好的，最好是傍晚时分去，值得一去。,,,,,
超美，特别适合拍照，就是冷气太冷……,,,,,
很漂亮，长见识了，各种植物的新奇张法,,,,,
很美，很震撼，值得一去，记得坐电瓶车,,,,,
规划很好，适合亲子游玩。新加坡朋友说相对来说，更推荐植物园，植物园刚被评为世界文化遗产，但我们时间有限，没有去植物园,,,,,
【景色】无敌美丽可爱！真想长期过来玩,,,,,
很棒的花园，漂亮干净，据说花了10几个亿的新币打造而成。时间仓促没有仔细一一细看，只看了两个馆。玻璃桥没走，有些可惜，期待下次。离金沙很近，酒店里可以直达。,,,,,
超乎想象的花园，很适合亲子及带老人去。特别是喜欢植物的，能看到很多珍惜植物。,,,,,
新加坡地标，值得玩。就是空调太冷了。,,,,,
打卡必去的地方，适合带孩子去看一看。,,,,,
携程在手，说走就走。愉快的新加坡之旅,,,,,
滨海湾花园是一个很大的区域，夜晚主要是观赏天空树的灯光秀，走在天空树的高空走廊，远观摩天轮、近观天空树，变幻的色彩五彩斑斓，映衬出梦幻的天空。走下高空走廊，躺在树下，仰望星空，也是一番景色和享受。,,,,,
虽然是人工景点，但很漂亮，值得一去,,,,,
虽然是人工景点，但很漂亮，值得一去,,,,,
下单后迅速出票，在花穹门口买的票。,,,,,
出票超快 扫码就进很方便,,,,,
园内比较冷 建议多穿衣服,,,,,
很漂亮，值得一去。就是内环境有些冷,,,,,
新加坡必看，不过取票地点不太好找。,,,,,
新加坡必去的地方，非常适合亲子游！,,,,,
晚上六点多去的，人太多尤其是印度人,,,,,
需要换票的人有点多，价格还是挺优惠,,,,,
梦幻般的美丽花园，晚间灯光秀震撼！,,,,,
很漂亮的花园，当天下雨，适合室内逛,,,,,
不错，游客很多很好看，很震撼的效果,,,,,
很不错的室内游玩，观赏到了奇花异草,,,,,
室内很凉快，植物很新奇，值得推荐！,,,,,
建议下午去，赏花的同时还可以避暑。,,,,,
看港景非常不错，周边出行非常方便！,,,,,
还不错还不错还不错还不错还不错还不错还不错还不错还不错还不错还不错还不错还不错还不错还不错还不错还不错还不错还不错,,,,,
整个城市都是非常的，景点也好玩舒适,,,,,
到了景点售票处再预定，便捷优惠！,,,,,
和别的植物园很不一样，值得一去。,,,,,
挺美的，多穿点儿衣服进去，有点冷,,,,,
一般，人工景点，胜在室内，凉快！,,,,,
花园不错，喜欢看花卉的可以去看看,,,,,
很漂亮，很壮观，人工瀑布也很好看,,,,,
云雾林真的好美！很值得去看看哦！,,,,,
看到各种各样的植物和花朵，非常美,,,,,
现场28新币，比现场便宜了一点。到购票点出示确认单出票。很漂亮的植物园。,,,,,
还可以吧还可以吧还可以吧还可以吧,,,,,
值得一去的地方，花园城市当之无愧,,,,,
非常不错，值得一行，孩子很喜欢。,,,,,
花园和森林都不大，但是设计得非常好，新加坡之行必须要去的地方，至于铁树，路过一下就好，晚上的灯光秀也没那么惊艳，住金沙的都能看到。网上买票方便，进门刷手机就可以。就是离地铁出口远，抱个娃累死。,,,,,
不值这个票价，没什么游玩乐趣。,,,,,
不错，很漂亮，适合晚上去看夜景,,,,,
不错，很漂亮，适合晚上去看夜景,,,,,
超美，还遇上新加坡国庆演习，赞,,,,,
