"","name","link","review_number"
"0","Gardens by the Bay","/Attraction_Review-g294265-d2149128-Reviews-Gardens_by_the_Bay-Singapore.html","55202"
"1","Singapore Botanic Gardens","/Attraction_Review-g294265-d310900-Reviews-Singapore_Botanic_Gardens-Singapore.html","18648"
"2","Singapore Zoo","/Attraction_Review-g294265-d324542-Reviews-Singapore_Zoo-Singapore.html","21380"
"3","Cloud Forest","/Attraction_Review-g294265-d4400781-Reviews-Cloud_Forest-Singapore.html","13754"
"4","Marina Bay Sands Skypark","/Attraction_Review-g294265-d1837767-Reviews-Marina_Bay_Sands_Skypark-Singapore.html","15998"
"5","National Orchid Garden","/Attraction_Review-g294265-d317453-Reviews-National_Orchid_Garden-Singapore.html","13106"
"6","Singapore Flyer","/Attraction_Review-g294265-d678639-Reviews-Singapore_Flyer-Singapore.html","16819"
"7","Singapore Mass Rapid Transit  (SMRT)","/Attraction_Review-g294265-d8016698-Reviews-Singapore_Mass_Rapid_Transit_SMRT-Singapore.html","21806"
"8","Supertree Grove","/Attraction_Review-g294265-d8634325-Reviews-Supertree_Grove-Singapore.html","5308"
"9","Singapore Cable Car","/Attraction_Review-g294265-d315470-Reviews-Singapore_Cable_Car-Singapore.html","3930"
"10","Jurong Bird Park","/Attraction_Review-g294265-d315466-Reviews-Jurong_Bird_Park-Singapore.html","4977"
"11","National Museum of Singapore","/Attraction_Review-g294265-d324550-Reviews-National_Museum_of_Singapore-Singapore.html","2607"
"12","Marina Bay","/Attraction_Review-g294265-d1177497-Reviews-Marina_Bay-Singapore.html","12198"
"13","Buddha Tooth Relic Temple and Museum","/Attraction_Review-g294265-d1438273-Reviews-Buddha_Tooth_Relic_Temple_and_Museum-Singapore.html","6192"
"14","Chinatown","/Attraction_Review-g294265-d317415-Reviews-Chinatown-Singapore.html","13426"
"15","Flower Dome","/Attraction_Review-g294265-d4400784-Reviews-Flower_Dome-Singapore.html","6115"
"16","Merlion Park","/Attraction_Review-g294265-d644919-Reviews-Merlion_Park-Singapore.html","9068"
"17","Orchard Road","/Attraction_Review-g294265-d317454-Reviews-Orchard_Road-Singapore.html","12868"
"18","Clarke Quay","/Attraction_Review-g294265-d324756-Reviews-Clarke_Quay-Singapore.html","3199"
"19","MacRitchie Nature Trail","/Attraction_Review-g294265-d386880-Reviews-MacRitchie_Nature_Trail-Singapore.html","1769"
"20","National Gallery Singapore","/Attraction_Review-g294265-d8077179-Reviews-National_Gallery_Singapore-Singapore.html","1148"
"21","River Safari","/Attraction_Review-g294265-d4089881-Reviews-River_Safari-Singapore.html","2826"
"22","Battlebox","/Attraction_Review-g294265-d9859121-Reviews-Battlebox-Singapore.html","1966"
"23","The Southern Ridges","/Attraction_Review-g294265-d1523862-Reviews-The_Southern_Ridges-Singapore.html","1096"
"24","Haji Lane","/Attraction_Review-g294265-d3512383-Reviews-Haji_Lane-Singapore.html","922"
"25","The Helix Bridge","/Attraction_Review-g294265-d2138898-Reviews-The_Helix_Bridge-Singapore.html","2750"
"26","Chinese and Japanese Gardens","/Attraction_Review-g294265-d379346-Reviews-Chinese_and_Japanese_Gardens-Singapore.html","728"
"27","Waterfront Promenade","/Attraction_Review-g294265-d1888876-Reviews-Waterfront_Promenade-Singapore.html","4182"
"28","Asian Civilisations Museum","/Attraction_Review-g294265-d310896-Reviews-Asian_Civilisations_Museum-Singapore.html","2094"
"29","ArtScience Museum at Marina Bay Sands","/Attraction_Review-g294265-d2138895-Reviews-ArtScience_Museum_at_Marina_Bay_Sands-Singapore.html","1492"
"30","The Shoppes at Marina Bay Sands","/Attraction_Review-g294265-d2138910-Reviews-The_Shoppes_at_Marina_Bay_Sands-Singapore.html","2088"
"31","East Coast Park","/Attraction_Review-g294265-d317426-Reviews-East_Coast_Park-Singapore.html","1149"
"32","Arab Street","/Attraction_Review-g294265-d324757-Reviews-Arab_Street-Singapore.html","2188"
"33","F1 - Singapore Grand Prix","/Attraction_Review-g294265-d8820216-Reviews-F1_Singapore_Grand_Prix-Singapore.html","548"
"34","MacRitchie Reservoir","/Attraction_Review-g294265-d1527627-Reviews-MacRitchie_Reservoir-Singapore.html","802"
"35","Henderson Waves","/Attraction_Review-g294265-d3561693-Reviews-Henderson_Waves-Singapore.html","590"
"36","Maxwell Food Centre","/Attraction_Review-g294265-d13078277-Reviews-Maxwell_Food_Centre-Singapore.html","3099"
"37","Sungei Buloh Wetland Reserve","/Attraction_Review-g294265-d315468-Reviews-Sungei_Buloh_Wetland_Reserve-Singapore.html","496"
"38","Chinatown Heritage Centre","/Attraction_Review-g294265-d324540-Reviews-Chinatown_Heritage_Centre-Singapore.html","987"
"39","Chijmes","/Attraction_Review-g294265-d338376-Reviews-Chijmes-Singapore.html","681"
"40","Fort Canning Park","/Attraction_Review-g294265-d324755-Reviews-Fort_Canning_Park-Singapore.html","963"
"41","Science Centre Singapore","/Attraction_Review-g294265-d446423-Reviews-Science_Centre_Singapore-Singapore.html","735"
"42","Peranakan Museum","/Attraction_Review-g294265-d1491151-Reviews-Peranakan_Museum-Singapore.html","1230"
"43","Haw Par Villa","/Attraction_Review-g294265-d324758-Reviews-Haw_Par_Villa-Singapore.html","800"
"44","OCBC Skyway","/Attraction_Review-g294265-d10229455-Reviews-OCBC_Skyway-Singapore.html","385"
"45","VivoCity","/Attraction_Review-g294265-d634131-Reviews-VivoCity-Singapore.html","1366"
"46","Night Safari","/Attraction_Review-g294265-d324761-Reviews-Night_Safari-Singapore.html","11648"
"47","The Changi Museum","/Attraction_Review-g294265-d324543-Reviews-The_Changi_Museum-Singapore.html","2047"
"48","Marina Barrage","/Attraction_Review-g294265-d1823698-Reviews-Marina_Barrage-Singapore.html","653"
"49","Suntec City Mall","/Attraction_Review-g294265-d317398-Reviews-Suntec_City_Mall-Singapore.html","576"
"50","Sultan Mosque","/Attraction_Review-g294265-d317468-Reviews-Sultan_Mosque-Singapore.html","990"
"51","Boat Quay","/Attraction_Review-g294265-d317397-Reviews-Boat_Quay-Singapore.html","1208"
"52","Kampong Glam","/Attraction_Review-g294265-d317436-Reviews-Kampong_Glam-Singapore.html","434"
"53","ION Orchard","/Attraction_Review-g294265-d2139448-Reviews-ION_Orchard-Singapore.html","971"
"54","Wild Wild Wet","/Attraction_Review-g294265-d641343-Reviews-Wild_Wild_Wet-Singapore.html","367"
"55","Bukit Timah Nature Reserve","/Attraction_Review-g294265-d315472-Reviews-Bukit_Timah_Nature_Reserve-Singapore.html","378"
"56","Singapore City Gallery","/Attraction_Review-g294265-d315469-Reviews-Singapore_City_Gallery-Singapore.html","486"
"57","Little India","/Attraction_Review-g294265-d324541-Reviews-Little_India-Singapore.html","3868"
"58","Mustafa Centre","/Attraction_Review-g294265-d2139541-Reviews-Mustafa_Centre-Singapore.html","2878"
"59","The Intan","/Attraction_Review-g294265-d7791180-Reviews-The_Intan-Singapore.html","519"
"60","The Pinnacle @ Duxton","/Attraction_Review-g294265-d3512810-Reviews-The_Pinnacle_Duxton-Singapore.html","230"
"61","Jewel Changi Airport","/Attraction_Review-g294265-d17237163-Reviews-Jewel_Changi_Airport-Singapore.html","305"
"62","National Library of Singapore","/Attraction_Review-g294265-d1994786-Reviews-National_Library_of_Singapore-Singapore.html","553"
"63","Lau Pa Sat Festival Pavilion","/Attraction_Review-g294265-d386879-Reviews-Lau_Pa_Sat_Festival_Pavilion-Singapore.html","1536"
"64","Raffles City","/Attraction_Review-g294265-d2139569-Reviews-Raffles_City-Singapore.html","484"
"65","Katong District","/Attraction_Review-g294265-d640944-Reviews-Katong_District-Singapore.html","233"
"66","Emerald Hill","/Attraction_Review-g294265-d592883-Reviews-Emerald_Hill-Singapore.html","307"
"67","Singapore River","/Attraction_Review-g294265-d4283466-Reviews-Singapore_River-Singapore.html","1965"
"68","Takashimaya Singapore","/Attraction_Review-g294265-d1640638-Reviews-Takashimaya_Singapore-Singapore.html","684"
"69","Kranji War Memorial","/Attraction_Review-g294265-d386877-Reviews-Kranji_War_Memorial-Singapore.html","968"
"70","Mount Faber","/Attraction_Review-g294265-d2344356-Reviews-Mount_Faber-Singapore.html","360"
"71","Singapore Visitor Centre","/Attraction_Review-g294265-d8572446-Reviews-Singapore_Visitor_Centre-Singapore.html","615"
"72","Kuan Yin Thong Hood Cho Temple","/Attraction_Review-g294265-d386878-Reviews-Kuan_Yin_Thong_Hood_Cho_Temple-Singapore.html","168"
"73","National Stadium","/Attraction_Review-g294265-d2349033-Reviews-National_Stadium-Singapore.html","150"
"74","Parkview Square","/Attraction_Review-g294265-d2341763-Reviews-Parkview_Square-Singapore.html","148"
"75","Satay street","/Attraction_Review-g294265-d9977571-Reviews-Satay_street-Singapore.html","152"
"76","Sri Veeramakaliamman Temple","/Attraction_Review-g294265-d317472-Reviews-Sri_Veeramakaliamman_Temple-Singapore.html","499"
"77","Sri Mariamman Temple","/Attraction_Review-g294265-d324753-Reviews-Sri_Mariamman_Temple-Singapore.html","976"
"78","Lee Kong Chian Natural History Museum","/Attraction_Review-g294265-d8015325-Reviews-Lee_Kong_Chian_Natural_History_Museum-Singapore.html","130"
"79","Raffles Hotel Arcade","/Attraction_Review-g294265-d1492403-Reviews-Raffles_Hotel_Arcade-Singapore.html","1694"
"80","Marina Bay Sands Casino","/Attraction_Review-g294265-d1062119-Reviews-Marina_Bay_Sands_Casino-Singapore.html","1251"
"81","City Square Mall","/Attraction_Review-g294265-d2139492-Reviews-City_Square_Mall-Singapore.html","290"
"82","Esplanade Park","/Attraction_Review-g294265-d317427-Reviews-Esplanade_Park-Singapore.html","419"
"83","Faber Peak","/Attraction_Review-g294265-d7221059-Reviews-Faber_Peak-Singapore.html","93"
"84","IMM Outlet Mall","/Attraction_Review-g294265-d4717342-Reviews-IMM_Outlet_Mall-Singapore.html","296"
"85","Kusu Island","/Attraction_Review-g294265-d317438-Reviews-Kusu_Island-Singapore.html","101"
"86","Thian Hock Keng Temple","/Attraction_Review-g294265-d317402-Reviews-Thian_Hock_Keng_Temple-Singapore.html","279"
"87","Mint Museum of Toys","/Attraction_Review-g294265-d1452075-Reviews-Mint_Museum_of_Toys-Singapore.html","261"
"88","Labrador Nature Reserve","/Attraction_Review-g294265-d2344142-Reviews-Labrador_Nature_Reserve-Singapore.html","186"
"89","Joo Chiat/Katong","/Attraction_Review-g294265-d2344138-Reviews-Joo_Chiat_Katong-Singapore.html","94"
"90","Chinatown Point","/Attraction_Review-g294265-d8015310-Reviews-Chinatown_Point-Singapore.html","136"
"91","Fountain of Wealth","/Attraction_Review-g294265-d317428-Reviews-Fountain_of_Wealth-Singapore.html","618"
"92","Holland Village","/Attraction_Review-g294265-d2062367-Reviews-Holland_Village-Singapore.html","330"
"93","Plaza Singapura","/Attraction_Review-g294265-d1640639-Reviews-Plaza_Singapura-Singapore.html","308"
"94","Robertson Quay","/Attraction_Review-g294265-d3460002-Reviews-Robertson_Quay-Singapore.html","213"
"95","Hort Park","/Attraction_Review-g294265-d2344355-Reviews-Hort_Park-Singapore.html","119"
"96","Lucky Plaza","/Attraction_Review-g294265-d317458-Reviews-Lucky_Plaza-Singapore.html","635"
"97","Geylang Serai","/Attraction_Review-g294265-d2049172-Reviews-Geylang_Serai-Singapore.html","124"
"98","Pasir Ris Town Park","/Attraction_Review-g294265-d591382-Reviews-Pasir_Ris_Town_Park-Singapore.html","119"
"99","St Andrew's Cathedral","/Attraction_Review-g294265-d446427-Reviews-St_Andrew_s_Cathedral-Singapore.html","363"
"100","Marina Square","/Attraction_Review-g294265-d2139528-Reviews-Marina_Square-Singapore.html","248"
"101","Kong Meng San Phor Kark See Temple","/Attraction_Review-g294265-d386876-Reviews-Kong_Meng_San_Phor_Kark_See_Temple-Singapore.html","99"
"102","Library @ Orchard","/Attraction_Review-g294265-d7254973-Reviews-Library_Orchard-Singapore.html","63"
"103","Tekka Centre","/Attraction_Review-g294265-d2338971-Reviews-Tekka_Centre-Singapore.html","243"
"104","Changi Beach","/Attraction_Review-g294265-d3459679-Reviews-Changi_Beach-Singapore.html","134"
"105","Jurong Point Shopping Mall","/Attraction_Review-g294265-d6981762-Reviews-Jurong_Point_Shopping_Mall-Singapore.html","118"
"106","People's Park Complex","/Attraction_Review-g294265-d8015306-Reviews-People_s_Park_Complex-Singapore.html","132"
"107","Chinese New Year (China Town)","/Attraction_Review-g294265-d8820414-Reviews-Chinese_New_Year_China_Town-Singapore.html","84"
"108","Bukit Brown Cemetery","/Attraction_Review-g294265-d2547770-Reviews-Bukit_Brown_Cemetery-Singapore.html","204"
"109","Singapore Turf Club","/Attraction_Review-g294265-d562954-Reviews-Singapore_Turf_Club-Singapore.html","141"
"110","Marina Bay Cruise Centre","/Attraction_Review-g294265-d6844331-Reviews-Marina_Bay_Cruise_Centre-Singapore.html","145"
"111","Jurong East Swimming Complex","/Attraction_Review-g294265-d2258396-Reviews-Jurong_East_Swimming_Complex-Singapore.html","119"
"112","Singapore Philatelic Museum","/Attraction_Review-g294265-d446422-Reviews-Singapore_Philatelic_Museum-Singapore.html","245"
"113","313@somerset","/Attraction_Review-g294265-d2139475-Reviews-313_somerset-Singapore.html","246"
"114","Ngee Ann City","/Attraction_Review-g294265-d2139551-Reviews-Ngee_Ann_City-Singapore.html","163"
"115","Geylang Serai New Market","/Attraction_Review-g294265-d317432-Reviews-Geylang_Serai_New_Market-Singapore.html","97"
"116","Tangs Plaza","/Attraction_Review-g294265-d8574463-Reviews-Tangs_Plaza-Singapore.html","106"
"117","Lian Shan Shuang Lin Temple","/Attraction_Review-g294265-d446424-Reviews-Lian_Shan_Shuang_Lin_Temple-Singapore.html","34"
"118","Singapore Cricket Club","/Attraction_Review-g294265-d591520-Reviews-Singapore_Cricket_Club-Singapore.html","157"
"119","Jacob Ballas Children's Garden","/Attraction_Review-g294265-d4355521-Reviews-Jacob_Ballas_Children_s_Garden-Singapore.html","83"
"120","NUS Baba House","/Attraction_Review-g294265-d1857193-Reviews-NUS_Baba_House-Singapore.html","104"
"121","Red Dot Design Museum","/Attraction_Review-g294265-d1937005-Reviews-Red_Dot_Design_Museum-Singapore.html","213"
"122","Resorts World Sentosa Casino","/Attraction_Review-g294265-d1994850-Reviews-Resorts_World_Sentosa_Casino-Singapore.html","414"
"123","Victoria Theatre & Victoria Concert Hall","/Attraction_Review-g294265-d446443-Reviews-Victoria_Theatre_Victoria_Concert_Hall-Singapore.html","90"
"124","Cathedral of the Good Shepherd","/Attraction_Review-g294265-d379341-Reviews-Cathedral_of_the_Good_Shepherd-Singapore.html","57"
"125","St John's Island","/Attraction_Review-g294265-d2344433-Reviews-St_John_s_Island-Singapore.html","100"
"126","Admiralty Park","/Attraction_Review-g294265-d7396418-Reviews-Admiralty_Park-Singapore.html","33"
"127","Singapore Art Museum","/Attraction_Review-g294265-d310899-Reviews-Singapore_Art_Museum-Singapore.html","515"
"128","Indian Heritage Centre","/Attraction_Review-g294265-d8072555-Reviews-Indian_Heritage_Centre-Singapore.html","108"
"129","ION Sky","/Attraction_Review-g294265-d2280987-Reviews-ION_Sky-Singapore.html","327"
"130","Tanah Merah Ferry Terminal","/Attraction_Review-g294265-d1638636-Reviews-Tanah_Merah_Ferry_Terminal-Singapore.html","159"
"131","Pagoda Street","/Attraction_Review-g294265-d8399607-Reviews-Pagoda_Street-Singapore.html","84"
"132","i Light Marina Bay","/Attraction_Review-g294265-d10020483-Reviews-I_Light_Marina_Bay-Singapore.html","48"
"133","Air Force Museum","/Attraction_Review-g294265-d562179-Reviews-Air_Force_Museum-Singapore.html","59"
"134","Bollywood Veggies","/Attraction_Review-g294265-d2344448-Reviews-Bollywood_Veggies-Singapore.html","149"
"135","Suntec Singapore Convention & Exhibition Centre","/Attraction_Review-g294265-d1419989-Reviews-Suntec_Singapore_Convention_Exhibition_Centre-Singapore.html","191"
"136","Lazarus Island","/Attraction_Review-g294265-d12105952-Reviews-Lazarus_Island-Singapore.html","22"
"137","Changi Point Boardwalk","/Attraction_Review-g294265-d8010699-Reviews-Changi_Point_Boardwalk-Singapore.html","42"
"138","Coney Island Park","/Attraction_Review-g294265-d8720312-Reviews-Coney_Island_Park-Singapore.html","70"
"139","Isetan Scotts","/Attraction_Review-g294265-d1892450-Reviews-Isetan_Scotts-Singapore.html","132"
"140","Far East Organization Children's Garden","/Attraction_Review-g294265-d10040709-Reviews-Far_East_Organization_Children_s_Garden-Singapore.html","48"
"141","Bishan Ang Mo Kio Park","/Attraction_Review-g294265-d4578243-Reviews-Bishan_Ang_Mo_Kio_Park-Singapore.html","67"
"142","Cavenagh Bridge","/Attraction_Review-g294265-d591456-Reviews-Cavenagh_Bridge-Singapore.html","263"
"143","Bukit Batok Nature Park","/Attraction_Review-g294265-d591455-Reviews-Bukit_Batok_Nature_Park-Singapore.html","68"
"144","Telok Ayer Street","/Attraction_Review-g294265-d324751-Reviews-Telok_Ayer_Street-Singapore.html","62"
"145","HarbourFront Centre","/Attraction_Review-g294265-d7797836-Reviews-HarbourFront_Centre-Singapore.html","121"
"146","Orchard Central","/Attraction_Review-g294265-d2139558-Reviews-Orchard_Central-Singapore.html","128"
"147","West Coast Park","/Attraction_Review-g294265-d2587912-Reviews-West_Coast_Park-Singapore.html","75"
"148","Surviving the Japanese Occupation: War and Its Legacies","/Attraction_Review-g294265-d1583427-Reviews-Surviving_the_Japanese_Occupation_War_and_Its_Legacies-Singapore.html","170"
"149","Tanjong Pagar","/Attraction_Review-g294265-d3915753-Reviews-Tanjong_Pagar-Singapore.html","75"
"150","Kallang Wave Mall","/Attraction_Review-g294265-d8452085-Reviews-Kallang_Wave_Mall-Singapore.html","66"
"151","Malay Heritage Centre","/Attraction_Review-g294265-d1371240-Reviews-Malay_Heritage_Centre-Singapore.html","154"
"152","Istana","/Attraction_Review-g294265-d446430-Reviews-Istana-Singapore.html","95"
"153","Central Fire Station","/Attraction_Review-g294265-d591532-Reviews-Central_Fire_Station-Singapore.html","95"
"154","River Hongbao","/Attraction_Review-g294265-d8820412-Reviews-River_Hongbao-Singapore.html","28"
"155","Bedok Reservoir Park","/Attraction_Review-g294265-d8010667-Reviews-Bedok_Reservoir_Park-Singapore.html","45"
"156","Singapore Indoor Stadium","/Attraction_Review-g294265-d2348984-Reviews-Singapore_Indoor_Stadium-Singapore.html","56"
"157","Nex Shopping Mall","/Attraction_Review-g294265-d4355205-Reviews-Nex_Shopping_Mall-Singapore.html","89"
"158","Great World City Shopping Centre","/Attraction_Review-g294265-d2338979-Reviews-Great_World_City_Shopping_Centre-Singapore.html","142"
"159","Central Business District","/Attraction_Review-g294265-d317414-Reviews-Central_Business_District-Singapore.html","126"
"160","UOB","/Attraction_Review-g294265-d591191-Reviews-UOB-Singapore.html","113"
"161","The NEWater Visitor Centre","/Attraction_Review-g294265-d1993200-Reviews-The_NEWater_Visitor_Centre-Singapore.html","35"
"162","Riverside Point","/Attraction_Review-g294265-d10491239-Reviews-Riverside_Point-Singapore.html","38"
"163","The Green Corridor","/Attraction_Review-g294265-d7393386-Reviews-The_Green_Corridor-Singapore.html","32"
"164","Snow City Singapore","/Attraction_Review-g294265-d1550566-Reviews-Snow_City_Singapore-Singapore.html","274"
"165","Gillman Barracks","/Attraction_Review-g294265-d4355460-Reviews-Gillman_Barracks-Singapore.html","55"
"166","Punggol Waterway Park","/Attraction_Review-g294265-d9580678-Reviews-Punggol_Waterway_Park-Singapore.html","49"
"167","Jubilee Bridge","/Attraction_Review-g294265-d11843969-Reviews-Jubilee_Bridge-Singapore.html","69"
"168","Kent Ridge Park","/Attraction_Review-g294265-d2291384-Reviews-Kent_Ridge_Park-Singapore.html","54"
"169","The Arts House","/Attraction_Review-g294265-d317457-Reviews-The_Arts_House-Singapore.html","63"
"170","Former Ford Factory","/Attraction_Review-g294265-d14149881-Reviews-Former_Ford_Factory-Singapore.html","36"
"171","Temple Street","/Attraction_Review-g294265-d10850321-Reviews-Temple_Street-Singapore.html","38"
"172","Statue of Raffles","/Attraction_Review-g294265-d446429-Reviews-Statue_of_Raffles-Singapore.html","270"
"173","Sri Srinivasa Perumal Temple","/Attraction_Review-g294265-d317471-Reviews-Sri_Srinivasa_Perumal_Temple-Singapore.html","131"
"174","Coney Island Park","/Attraction_Review-g294265-d8720288-Reviews-Coney_Island_Park-Singapore.html","28"
"175","Waterway Point","/Attraction_Review-g294265-d10000725-Reviews-Waterway_Point-Singapore.html","49"
"176","Christmas Wonderland at Gardens By The Bay","/Attraction_Review-g294265-d10020481-Reviews-Christmas_Wonderland_at_Gardens_By_The_Bay-Singapore.html","81"
"177","Bugis+","/Attraction_Review-g294265-d9990227-Reviews-Bugis-Singapore.html","103"
"178","Tiong Bahru Estate","/Attraction_Review-g294265-d2371793-Reviews-Tiong_Bahru_Estate-Singapore.html","92"
"179","House of Tan Teng Niah","/Attraction_Review-g294265-d13147635-Reviews-House_of_Tan_Teng_Niah-Singapore.html","26"
"180","Reflections at Bukit Chandu","/Attraction_Review-g294265-d2403126-Reviews-Reflections_at_Bukit_Chandu-Singapore.html","89"
"181","Sun Yat Sen Nanyang Memorial Hall","/Attraction_Review-g294265-d338367-Reviews-Sun_Yat_Sen_Nanyang_Memorial_Hall-Singapore.html","76"
"182","Liang Court","/Attraction_Review-g294265-d8653636-Reviews-Liang_Court-Singapore.html","59"
"183","The Centrepoint","/Attraction_Review-g294265-d2139485-Reviews-The_Centrepoint-Singapore.html","68"
"184","Church of St. Alphonsus","/Attraction_Review-g294265-d12967606-Reviews-Church_of_St_Alphonsus-Singapore.html","18"
"185","Singapore Musical Box Museum","/Attraction_Review-g294265-d9604652-Reviews-Singapore_Musical_Box_Museum-Singapore.html","29"
"186","Woodlands Waterfront Park","/Attraction_Review-g294265-d6677798-Reviews-Woodlands_Waterfront_Park-Singapore.html","41"
"187","Tanglin Mall Bazaar","/Attraction_Review-g294265-d2338946-Reviews-Tanglin_Mall_Bazaar-Singapore.html","71"
"188","Thow Kwang Pottery Jungle and Dragon Kiln","/Attraction_Review-g294265-d5770223-Reviews-Thow_Kwang_Pottery_Jungle_and_Dragon_Kiln-Singapore.html","45"
"189","Sri Krishnan Temple","/Attraction_Review-g294265-d1888871-Reviews-Sri_Krishnan_Temple-Singapore.html","85"
"190","The Live Turtle and Tortoise Museum","/Attraction_Review-g294265-d1138048-Reviews-The_Live_Turtle_and_Tortoise_Museum-Singapore.html","92"
"191","Sembawang Park","/Attraction_Review-g294265-d623071-Reviews-Sembawang_Park-Singapore.html","34"
"192","Raffles Place Skyscraper Buildings","/Attraction_Review-g294265-d8399830-Reviews-Raffles_Place_Skyscraper_Buildings-Singapore.html","72"
"193","Wisma Atria Shopping Centre","/Attraction_Review-g294265-d1516753-Reviews-Wisma_Atria_Shopping_Centre-Singapore.html","119"
"194","Sands Expo and Convention Center","/Attraction_Review-g294265-d8561913-Reviews-Sands_Expo_and_Convention_Center-Singapore.html","35"
"195","Orchard Gateway","/Attraction_Review-g294265-d8565683-Reviews-Orchard_Gateway-Singapore.html","75"
"196","Marina Bay Singapore Countdown","/Attraction_Review-g294265-d10411295-Reviews-Marina_Bay_Singapore_Countdown-Singapore.html","19"
"197","Singapore Night Festival","/Attraction_Review-g294265-d8820417-Reviews-Singapore_Night_Festival-Singapore.html","26"
"198","National University of Singapore","/Attraction_Review-g294265-d10181429-Reviews-National_University_of_Singapore-Singapore.html","27"
"199","Vintage Camera Museum","/Attraction_Review-g294265-d12505397-Reviews-Vintage_Camera_Museum-Singapore.html","14"
"200","Kampong Buangkok","/Attraction_Review-g294265-d7142898-Reviews-Kampong_Buangkok-Singapore.html","28"
"201","112 Katong","/Attraction_Review-g294265-d8650385-Reviews-112_Katong-Singapore.html","60"
"202","Chan Ngee","/Attraction_Review-g294265-d12692854-Reviews-Chan_Ngee-Singapore.html","33"
"203","Lower Peirce Reservoir Park","/Attraction_Review-g294265-d8772713-Reviews-Lower_Peirce_Reservoir_Park-Singapore.html","20"
"204","Hill Street Building","/Attraction_Review-g294265-d379351-Reviews-Hill_Street_Building-Singapore.html","55"
"205","Chingay Parade","/Attraction_Review-g294265-d8820413-Reviews-Chingay_Parade-Singapore.html","20"
"206","Sri Vadapathira Kaliamman Temple","/Attraction_Review-g294265-d10000540-Reviews-Sri_Vadapathira_Kaliamman_Temple-Singapore.html","35"
"207","The Church Of Our Lady Of Lourdes","/Attraction_Review-g294265-d4355488-Reviews-The_Church_Of_Our_Lady_Of_Lourdes-Singapore.html","30"
"208","Marine Cove Playground","/Attraction_Review-g294265-d10532196-Reviews-Marine_Cove_Playground-Singapore.html","23"
"209","Anderson Bridge","/Attraction_Review-g294265-d591431-Reviews-Anderson_Bridge-Singapore.html","119"
"210","Civilian War Memorial","/Attraction_Review-g294265-d3459938-Reviews-Civilian_War_Memorial-Singapore.html","135"
"211","Woodlands","/Attraction_Review-g294265-d2344350-Reviews-Woodlands-Singapore.html","52"
"212","Masjid Abdul Gafoor","/Attraction_Review-g294265-d2341783-Reviews-Masjid_Abdul_Gafoor-Singapore.html","48"
"213","Armenian Church","/Attraction_Review-g294265-d310895-Reviews-Armenian_Church-Singapore.html","107"
"214","United Square Shopping Mall","/Attraction_Review-g294265-d8130730-Reviews-United_Square_Shopping_Mall-Singapore.html","38"
"215","OCBC Aquatic Centre","/Attraction_Review-g294265-d7384474-Reviews-OCBC_Aquatic_Centre-Singapore.html","20"
"216","The Animal Resort","/Attraction_Review-g294265-d7189348-Reviews-The_Animal_Resort-Singapore.html","19"
"217","Singapore Maritime Gallery","/Attraction_Review-g294265-d4432790-Reviews-Singapore_Maritime_Gallery-Singapore.html","34"
"218","Sembawang Hot Spring","/Attraction_Review-g294265-d6538922-Reviews-Sembawang_Hot_Spring-Singapore.html","26"
"219","City Hall Building","/Attraction_Review-g294265-d317421-Reviews-City_Hall_Building-Singapore.html","108"
"220","Tampines Mall","/Attraction_Review-g294265-d10538832-Reviews-Tampines_Mall-Singapore.html","45"
"221","Robinsons The Heeren","/Attraction_Review-g294265-d7084036-Reviews-Robinsons_The_Heeren-Singapore.html","36"
"222","People of the River","/Attraction_Review-g294265-d2341762-Reviews-People_of_the_River-Singapore.html","81"
"223","Horizon Fast Ferry","/Attraction_Review-g294265-d9787725-Reviews-Horizon_Fast_Ferry-Singapore.html","49"
"224","G-MAX Reverse Bungy","/Attraction_Review-g294265-d941492-Reviews-G_MAX_Reverse_Bungy-Singapore.html","155"
"225","China Square Central Flea Market","/Attraction_Review-g294265-d2338978-Reviews-China_Square_Central_Flea_Market-Singapore.html","54"
"226","Parkview Museum","/Attraction_Review-g294265-d12287411-Reviews-Parkview_Museum-Singapore.html","20"
"227","Tekka Temporary Market","/Attraction_Review-g294265-d1516752-Reviews-Tekka_Temporary_Market-Singapore.html","71"
"228","Boon Tat St","/Attraction_Review-g294265-d1516755-Reviews-Boon_Tat_St-Singapore.html","67"
"229","MCI and MCCY Building","/Attraction_Review-g294265-d2341761-Reviews-MCI_and_MCCY_Building-Singapore.html","37"
"230","Asia Square Tower","/Attraction_Review-g294265-d8501414-Reviews-Asia_Square_Tower-Singapore.html","28"
"231","Chestnut Nature Park","/Attraction_Review-g294265-d12345257-Reviews-Chestnut_Nature_Park-Singapore.html","15"
"232","National Design Centre","/Attraction_Review-g294265-d5943805-Reviews-National_Design_Centre-Singapore.html","30"
"233","Tanglin Shopping Centre","/Attraction_Review-g294265-d2338936-Reviews-Tanglin_Shopping_Centre-Singapore.html","73"
"234","Civil Defence Heritage Gallery","/Attraction_Review-g294265-d576932-Reviews-Civil_Defence_Heritage_Gallery-Singapore.html","51"
"235","Church of Saints Peter and Paul","/Attraction_Review-g294265-d2432275-Reviews-Church_of_Saints_Peter_and_Paul-Singapore.html","37"
"236","Orchard Plaza","/Attraction_Review-g294265-d8572864-Reviews-Orchard_Plaza-Singapore.html","28"
"237","The Star Performing Arts Centre","/Attraction_Review-g294265-d8010605-Reviews-The_Star_Performing_Arts_Centre-Singapore.html","25"
"238","Bedok Mall","/Attraction_Review-g294265-d8387489-Reviews-Bedok_Mall-Singapore.html","45"
"239","Esplanade Bridge","/Attraction_Review-g294265-d8486295-Reviews-Esplanade_Bridge-Singapore.html","63"
"240","Singapore Quarry","/Attraction_Review-g294265-d7727452-Reviews-Singapore_Quarry-Singapore.html","22"
"241","Istana Park","/Attraction_Review-g294265-d8124760-Reviews-Istana_Park-Singapore.html","41"
"242","Sri Layan Sithi Vinayagar Temple","/Attraction_Review-g294265-d7804225-Reviews-Sri_Layan_Sithi_Vinayagar_Temple-Singapore.html","27"
"243","Temple of 1,000 Lights (Sakya Muni Buddha Gaya)","/Attraction_Review-g294265-d446417-Reviews-Temple_of_1_000_Lights_Sakya_Muni_Buddha_Gaya-Singapore.html","45"
"244","Sri Senpaga Vinayagar Temple","/Attraction_Review-g294265-d2341794-Reviews-Sri_Senpaga_Vinayagar_Temple-Singapore.html","38"
"245","Sakya Muni Buddha Gaya Temple","/Attraction_Review-g294265-d2341789-Reviews-Sakya_Muni_Buddha_Gaya_Temple-Singapore.html","53"
"246","Downtown East","/Attraction_Review-g294265-d2148698-Reviews-Downtown_East-Singapore.html","49"
"247","Capitol Theatre","/Attraction_Review-g294265-d12809787-Reviews-Capitol_Theatre-Singapore.html","7"
"248","Clementi Mall","/Attraction_Review-g294265-d12309383-Reviews-Clementi_Mall-Singapore.html","18"
"249","Silat Road Sikh Temple","/Attraction_Review-g294265-d6740370-Reviews-Silat_Road_Sikh_Temple-Singapore.html","15"
"250","Queensway Shopping Centre","/Attraction_Review-g294265-d8011488-Reviews-Queensway_Shopping_Centre-Singapore.html","43"
"251","Zhongshan Mall","/Attraction_Review-g294265-d4985955-Reviews-Zhongshan_Mall-Singapore.html","45"
"252","MasterCard Theatres","/Attraction_Review-g294265-d8759258-Reviews-MasterCard_Theatres-Singapore.html","37"
"253","Far East Shopping Centre","/Attraction_Review-g294265-d2338907-Reviews-Far_East_Shopping_Centre-Singapore.html","42"
"254","Mandarin Gallery","/Attraction_Review-g294265-d2139514-Reviews-Mandarin_Gallery-Singapore.html","64"
"255","Wheelock Place","/Attraction_Review-g294265-d8588328-Reviews-Wheelock_Place-Singapore.html","44"
"256","West Coast Plaza","/Attraction_Review-g294265-d12204918-Reviews-West_Coast_Plaza-Singapore.html","14"
"257","Japanese Cemetery Park","/Attraction_Review-g294265-d3459923-Reviews-Japanese_Cemetery_Park-Singapore.html","28"
"258","Ode To Art","/Attraction_Review-g294265-d2341738-Reviews-Ode_To_Art-Singapore.html","41"
"259","Raffles Landing Site","/Attraction_Review-g294265-d317464-Reviews-Raffles_Landing_Site-Singapore.html","101"
"260","Makam Habib Noh","/Attraction_Review-g294265-d4355176-Reviews-Makam_Habib_Noh-Singapore.html","10"
"261","Elgin Bridge","/Attraction_Review-g294265-d8639180-Reviews-Elgin_Bridge-Singapore.html","64"
"262","GX-5 Xtreme Swing","/Attraction_Review-g294265-d2344540-Reviews-GX_5_Xtreme_Swing-Singapore.html","40"
"263","Batamfast","/Attraction_Review-g294265-d12255345-Reviews-Batamfast-Singapore.html","32"
"264","Ang Mo Kio Town","/Attraction_Review-g294265-d3512386-Reviews-Ang_Mo_Kio_Town-Singapore.html","33"
"265","New Creation Church","/Attraction_Review-g294265-d13150066-Reviews-New_Creation_Church-Singapore.html","7"
"266","Prudential Marina Bay Carnival","/Attraction_Review-g294265-d13546273-Reviews-Prudential_Marina_Bay_Carnival-Singapore.html","24"
"267","Lasalle College of the Arts","/Attraction_Review-g294265-d8632133-Reviews-Lasalle_College_of_the_Arts-Singapore.html","18"
"268","Shaw Centre","/Attraction_Review-g294265-d2478768-Reviews-Shaw_Centre-Singapore.html","43"
"269","Sri Shivan Temple","/Attraction_Review-g294265-d5960144-Reviews-Sri_Shivan_Temple-Singapore.html","18"
"270","Paya Lebar Square Retail","/Attraction_Review-g294265-d9801226-Reviews-Paya_Lebar_Square_Retail-Singapore.html","26"
"271","Sago Street (Street Of The Dead)","/Attraction_Review-g294265-d317466-Reviews-Sago_Street_Street_Of_The_Dead-Singapore.html","74"
"272","Marine Parade Market","/Attraction_Review-g294265-d10257480-Reviews-Marine_Parade_Market-Singapore.html","23"
"273","The Gem Museum","/Attraction_Review-g294265-d9724660-Reviews-The_Gem_Museum-Singapore.html","15"
"274","Republic of Singapore Navy Museum","/Attraction_Review-g294265-d5892197-Reviews-Republic_of_Singapore_Navy_Museum-Singapore.html","16"
"275","Farmart Centre","/Attraction_Review-g294265-d2344443-Reviews-Farmart_Centre-Singapore.html","33"
"276","Cool de Sac Play Centre","/Attraction_Review-g294265-d6716246-Reviews-Cool_de_Sac_Play_Centre-Singapore.html","25"
"277","Army Museum of Singapore","/Attraction_Review-g294265-d3459972-Reviews-Army_Museum_of_Singapore-Singapore.html","31"
"278","Sasanaransi Buddhist Temple","/Attraction_Review-g294265-d446418-Reviews-Sasanaransi_Buddhist_Temple-Singapore.html","39"
"279","Beauty World Centre","/Attraction_Review-g294265-d10807485-Reviews-Beauty_World_Centre-Singapore.html","20"
"280","Lorong Halus Wetland","/Attraction_Review-g294265-d8010632-Reviews-Lorong_Halus_Wetland-Singapore.html","16"
"281","Katong Antique House","/Attraction_Review-g294265-d317437-Reviews-Katong_Antique_House-Singapore.html","27"
"282","Bukit Panjang Hawker Centre and Market","/Attraction_Review-g294265-d10266407-Reviews-Bukit_Panjang_Hawker_Centre_and_Market-Singapore.html","16"
"283","Abdul Gaffoor Mosque","/Attraction_Review-g294265-d317393-Reviews-Abdul_Gaffoor_Mosque-Singapore.html","67"
"284","Jamae Mosque","/Attraction_Review-g294265-d379355-Reviews-Jamae_Mosque-Singapore.html","92"
"285","SBS Transit - Rail Transit","/Attraction_Review-g294265-d11851217-Reviews-SBS_Transit_Rail_Transit-Singapore.html","32"
"286","Changi Sri Ramar Temple","/Attraction_Review-g294265-d5937491-Reviews-Changi_Sri_Ramar_Temple-Singapore.html","15"
"287","Church of the Sacred Heart","/Attraction_Review-g294265-d6877717-Reviews-Church_of_the_Sacred_Heart-Singapore.html","29"
"288","J-Cube Mall","/Attraction_Review-g294265-d3879022-Reviews-J_Cube_Mall-Singapore.html","54"
"289","Hindhede Quarry","/Attraction_Review-g294265-d10211790-Reviews-Hindhede_Quarry-Singapore.html","14"
"290","Old Supreme Court Building","/Attraction_Review-g294265-d317473-Reviews-Old_Supreme_Court_Building-Singapore.html","72"
"291","Scotts Square","/Attraction_Review-g294265-d3459200-Reviews-Scotts_Square-Singapore.html","33"
"292","Kallang Ice World ","/Attraction_Review-g294265-d7791186-Reviews-Kallang_Ice_World-Singapore.html","21"
"293","St Joseph's Church","/Attraction_Review-g294265-d2341790-Reviews-St_Joseph_s_Church-Singapore.html","68"
"294","The Punggol Settlement","/Attraction_Review-g294265-d8091351-Reviews-The_Punggol_Settlement-Singapore.html","31"
"295","Velocity","/Attraction_Review-g294265-d12583587-Reviews-Velocity-Singapore.html","19"
"296","Singapore Discovery Centre","/Attraction_Review-g294265-d446421-Reviews-Singapore_Discovery_Centre-Singapore.html","70"
"297","Everton Road Street Art","/Attraction_Review-g294265-d10391779-Reviews-Everton_Road_Street_Art-Singapore.html","12"
"298","Queen Elizabeth Walk","/Attraction_Review-g294265-d8500921-Reviews-Queen_Elizabeth_Walk-Singapore.html","21"
"299","Loyang Tua Pek Kong Temple","/Attraction_Review-g294265-d10398816-Reviews-Loyang_Tua_Pek_Kong_Temple-Singapore.html","10"
"300","Chinese Heritage Centre","/Attraction_Review-g294265-d5031119-Reviews-Chinese_Heritage_Centre-Singapore.html","20"
"301","Jamal Kazura Aromatics","/Attraction_Review-g294265-d7396029-Reviews-Jamal_Kazura_Aromatics-Singapore.html","22"
"302","Pasir Ris Fishing Pond","/Attraction_Review-g294265-d7364014-Reviews-Pasir_Ris_Fishing_Pond-Singapore.html","18"
"303","Pulau Hantu","/Attraction_Review-g294265-d2344429-Reviews-Pulau_Hantu-Singapore.html","13"
"304","Nanyang Technological University","/Attraction_Review-g294265-d11966386-Reviews-Nanyang_Technological_University-Singapore.html","13"
"305","Thaipusam Festival","/Attraction_Review-g294265-d8820411-Reviews-Thaipusam_Festival-Singapore.html","25"
"306","Rail Mall","/Attraction_Review-g294265-d6880978-Reviews-Rail_Mall-Singapore.html","13"
"307","Kranji Marshes","/Attraction_Review-g294265-d9798918-Reviews-Kranji_Marshes-Singapore.html","24"
"308","Joo Chiat Complex","/Attraction_Review-g294265-d2338948-Reviews-Joo_Chiat_Complex-Singapore.html","22"
"309","Omni-Theatre by Science Centre Singapore","/Attraction_Review-g294265-d592089-Reviews-Omni_Theatre_by_Science_Centre_Singapore-Singapore.html","50"
"310","Night Safari Wallaby Trail","/Attraction_Review-g294265-d3459631-Reviews-Night_Safari_Wallaby_Trail-Singapore.html","87"
"311","Capitol Piazza","/Attraction_Review-g294265-d8816162-Reviews-Capitol_Piazza-Singapore.html","36"
"312","Singapore River Festival","/Attraction_Review-g294265-d10020484-Reviews-Singapore_River_Festival-Singapore.html","8"
"313","Upper Seletar Reservoir","/Attraction_Review-g294265-d10231105-Reviews-Upper_Seletar_Reservoir-Singapore.html","12"
"314","Punggol Park","/Attraction_Review-g294265-d4686527-Reviews-Punggol_Park-Singapore.html","55"
"315","The Joy Of Toys","/Attraction_Review-g294265-d13007753-Reviews-The_Joy_Of_Toys-Singapore.html","5"
"316","Sungei Road Thieves Market","/Attraction_Review-g294265-d2338945-Reviews-Sungei_Road_Thieves_Market-Singapore.html","28"
"317","Grand Theater","/Attraction_Review-g294265-d2493260-Reviews-Grand_Theater-Singapore.html","21"
"318","Padang","/Attraction_Review-g294265-d317455-Reviews-Padang-Singapore.html","67"
"319","Singapore Sports Hub","/Attraction_Review-g294265-d13906358-Reviews-Singapore_Sports_Hub-Singapore.html","15"
"320","Robinsons Raffles City","/Attraction_Review-g294265-d2338952-Reviews-Robinsons_Raffles_City-Singapore.html","43"
"321","Ann Siang Hill Park","/Attraction_Review-g294265-d8484024-Reviews-Ann_Siang_Hill_Park-Singapore.html","27"
"322","Kranji Countryside","/Attraction_Review-g294265-d2344358-Reviews-Kranji_Countryside-Singapore.html","17"
"323","City Link Mall","/Attraction_Review-g294265-d2049181-Reviews-City_Link_Mall-Singapore.html","59"
"324","Hay Dairies","/Attraction_Review-g294265-d2344441-Reviews-Hay_Dairies-Singapore.html","35"
"325","AMK Hub","/Attraction_Review-g294265-d8113939-Reviews-AMK_Hub-Singapore.html","35"
"326","Changi Beach Boardwalk","/Attraction_Review-g294265-d10106051-Reviews-Changi_Beach_Boardwalk-Singapore.html","21"
"327","Lower Seletar Reservoir","/Attraction_Review-g294265-d6373042-Reviews-Lower_Seletar_Reservoir-Singapore.html","24"
"328","Sri Thandayuthapani Temple","/Attraction_Review-g294265-d2341793-Reviews-Sri_Thandayuthapani_Temple-Singapore.html","23"
"329","Far East Square","/Attraction_Review-g294265-d7272368-Reviews-Far_East_Square-Singapore.html","28"
"330","Yueh Hai Ching Temple","/Attraction_Review-g294265-d7613367-Reviews-Yueh_Hai_Ching_Temple-Singapore.html","26"
"331","Keppel Club","/Attraction_Review-g294265-d2348976-Reviews-Keppel_Club-Singapore.html","11"
"332","Seletar Mall","/Attraction_Review-g294265-d7286636-Reviews-Seletar_Mall-Singapore.html","27"
"333","The Cat Museum","/Attraction_Review-g294265-d10712864-Reviews-The_Cat_Museum-Singapore.html","17"
"334","Fuk Tak Chi Museum","/Attraction_Review-g294265-d317429-Reviews-Fuk_Tak_Chi_Museum-Singapore.html","25"
"335","Campbell Lane","/Attraction_Review-g294265-d317412-Reviews-Campbell_Lane-Singapore.html","29"
"336","Leong San See Temple","/Attraction_Review-g294265-d317442-Reviews-Leong_San_See_Temple-Singapore.html","43"
"337","Alive Museum","/Attraction_Review-g294265-d6686692-Reviews-Alive_Museum-Singapore.html","195"
"338","Tiong Bahru Haritage Trail","/Attraction_Review-g294265-d8526941-Reviews-Tiong_Bahru_Haritage_Trail-Singapore.html","12"
"339","HSBC Singapore Rugby Sevens","/Attraction_Review-g294265-d10020490-Reviews-HSBC_Singapore_Rugby_Sevens-Singapore.html","16"
"340","The American Club Singapore","/Attraction_Review-g294265-d10728933-Reviews-The_American_Club_Singapore-Singapore.html","14"
"341","West Mall","/Attraction_Review-g294265-d11611811-Reviews-West_Mall-Singapore.html","13"
"342","Singapore Food Festival","/Attraction_Review-g294265-d8820416-Reviews-Singapore_Food_Festival-Singapore.html","12"
"343","Changi Sailing Club","/Attraction_Review-g294265-d7983041-Reviews-Changi_Sailing_Club-Singapore.html","33"
"344","Jurong Frog Farm","/Attraction_Review-g294265-d632904-Reviews-Jurong_Frog_Farm-Singapore.html","30"
"345","World of Birdnest Museum","/Attraction_Review-g294265-d12951552-Reviews-World_of_Birdnest_Museum-Singapore.html","14"
"346","Malabar Mosque","/Attraction_Review-g294265-d1888870-Reviews-Malabar_Mosque-Singapore.html","43"
"347","PasarBella - A Farmers' Market","/Attraction_Review-g294265-d4520855-Reviews-PasarBella_A_Farmers_Market-Singapore.html","108"
"348","The Grande Whisky Collection","/Attraction_Review-g294265-d15226487-Reviews-The_Grande_Whisky_Collection-Singapore.html","9"
"349","Hajjah Fatimah Mosque","/Attraction_Review-g294265-d338358-Reviews-Hajjah_Fatimah_Mosque-Singapore.html","30"
"350","SingPost Centre","/Attraction_Review-g294265-d13480865-Reviews-SingPost_Centre-Singapore.html","11"
"351","Chinese Opera Teahouse, Chinese Theatre Circle","/Attraction_Review-g294265-d4603220-Reviews-Chinese_Opera_Teahouse_Chinese_Theatre_Circle-Singapore.html","14"
"352","Hillion Mall","/Attraction_Review-g294265-d12315951-Reviews-Hillion_Mall-Singapore.html","11"
"353","Telok Ayer Park","/Attraction_Review-g294265-d8010562-Reviews-Telok_Ayer_Park-Singapore.html","33"
"354","Sisters' Islands","/Attraction_Review-g294265-d2344431-Reviews-Sisters_Islands-Singapore.html","8"
"355","Pulau Semakau","/Attraction_Review-g294265-d2344432-Reviews-Pulau_Semakau-Singapore.html","6"
"356","Empress Lawn","/Attraction_Review-g294265-d11861551-Reviews-Empress_Lawn-Singapore.html","11"
"357","Central Sikh Temple","/Attraction_Review-g294265-d2341785-Reviews-Central_Sikh_Temple-Singapore.html","18"
"358","Quayside Isle","/Attraction_Review-g294265-d6482566-Reviews-Quayside_Isle-Singapore.html","27"
"359","North Bridge Road","/Attraction_Review-g294265-d11014621-Reviews-North_Bridge_Road-Singapore.html","17"
"360","Dairy Farm Nature Park","/Attraction_Review-g294265-d14052790-Reviews-Dairy_Farm_Nature_Park-Singapore.html","8"
"361","Standard Chartered Marathon Singapore","/Attraction_Review-g294265-d10020489-Reviews-Standard_Chartered_Marathon_Singapore-Singapore.html","14"
"362","Petain Road","/Attraction_Review-g294265-d317459-Reviews-Petain_Road-Singapore.html","17"
"363","Peninsula Plaza","/Attraction_Review-g294265-d11833802-Reviews-Peninsula_Plaza-Singapore.html","9"
"364","Yue Hwa Chinese Products Emporium","/Attraction_Review-g294265-d8573942-Reviews-Yue_Hwa_Chinese_Products_Emporium-Singapore.html","19"
"365","Shimano Cycling World","/Attraction_Review-g294265-d7805432-Reviews-Shimano_Cycling_World-Singapore.html","15"
"366","Tiong Bahru Plaza","/Attraction_Review-g294265-d11885790-Reviews-Tiong_Bahru_Plaza-Singapore.html","18"
"367","Peninsula Shopping Centre","/Attraction_Review-g294265-d10366166-Reviews-Peninsula_Shopping_Centre-Singapore.html","12"
"368","Marsiling Mall","/Attraction_Review-g294265-d15456173-Reviews-Marsiling_Mall-Singapore.html","6"
"369","The Grandstand","/Attraction_Review-g294265-d4602608-Reviews-The_Grandstand-Singapore.html","20"
"370","Chinatown Visitor Centre","/Attraction_Review-g294265-d8551729-Reviews-Chinatown_Visitor_Centre-Singapore.html","33"
"371","The Fullerton Waterboat House","/Attraction_Review-g294265-d11861497-Reviews-The_Fullerton_Waterboat_House-Singapore.html","14"
"372","Parliament of Singapore","/Attraction_Review-g294265-d10850357-Reviews-Parliament_of_Singapore-Singapore.html","31"
"373","Splash at Kidz Amaze","/Attraction_Review-g294265-d10860124-Reviews-Splash_at_Kidz_Amaze-Singapore.html","8"
"374","Nagore Durgha Shrine","/Attraction_Review-g294265-d446415-Reviews-Nagore_Durgha_Shrine-Singapore.html","28"
"375","Seng Wong Beo Temple","/Attraction_Review-g294265-d7808185-Reviews-Seng_Wong_Beo_Temple-Singapore.html","17"
"376","Chinatown Mid-Autumn Festival Light-Up and Celebrations","/Attraction_Review-g294265-d10020495-Reviews-Chinatown_Mid_Autumn_Festival_Light_Up_and_Celebrations-Singapore.html","13"
"377","Istana Woodneuk","/Attraction_Review-g294265-d7776628-Reviews-Istana_Woodneuk-Singapore.html","7"
"378","Bedok Jetty","/Attraction_Review-g294265-d10850293-Reviews-Bedok_Jetty-Singapore.html","11"
"379","Tan Si Chong Chu Temple","/Attraction_Review-g294265-d2341782-Reviews-Tan_Si_Chong_Chu_Temple-Singapore.html","21"
"380","Toa Payoh Town Park","/Attraction_Review-g294265-d8011513-Reviews-Toa_Payoh_Town_Park-Singapore.html","17"
"381","Hdb","/Attraction_Review-g294265-d3459870-Reviews-Hdb-Singapore.html","13"
"382","Punggol Container Park","/Attraction_Review-g294265-d12289624-Reviews-Punggol_Container_Park-Singapore.html","10"
"383","Bird","/Attraction_Review-g294265-d11871536-Reviews-Bird-Singapore.html","19"
"384","Jalan Besar Swimming Complex","/Attraction_Review-g294265-d7194979-Reviews-Jalan_Besar_Swimming_Complex-Singapore.html","14"
"385","Thekchen Choling","/Attraction_Review-g294265-d2341791-Reviews-Thekchen_Choling-Singapore.html","20"
"386","Sengkang Riverside Park","/Attraction_Review-g294265-d9710023-Reviews-Sengkang_Riverside_Park-Singapore.html","9"
"387","Police Heritage Centre","/Attraction_Review-g294265-d5895663-Reviews-Police_Heritage_Centre-Singapore.html","7"
"388","Marina Bay City Gallery","/Attraction_Review-g294265-d4355496-Reviews-Marina_Bay_City_Gallery-Singapore.html","29"
"389","Forum The Shopping Mall","/Attraction_Review-g294265-d13983985-Reviews-Forum_The_Shopping_Mall-Singapore.html","15"
"390","Tanjong Pagar Railway Station","/Attraction_Review-g294265-d11651927-Reviews-Tanjong_Pagar_Railway_Station-Singapore.html","16"
"391","Century Square","/Attraction_Review-g294265-d12790995-Reviews-Century_Square-Singapore.html","11"
"392","Tokyu Hands","/Attraction_Review-g294265-d7086298-Reviews-Tokyu_Hands-Singapore.html","29"
"393","Jalan Besar Stadium","/Attraction_Review-g294265-d10226339-Reviews-Jalan_Besar_Stadium-Singapore.html","14"
"394","Orchidville","/Attraction_Review-g294265-d2344444-Reviews-Orchidville-Singapore.html","6"
"395","Singapore Chinese Cultural Centre","/Attraction_Review-g294265-d12932516-Reviews-Singapore_Chinese_Cultural_Centre-Singapore.html","4"
"396","Singapore International Festival of Arts","/Attraction_Review-g294265-d10020485-Reviews-Singapore_International_Festival_of_Arts-Singapore.html","12"
"397","Holland Village Shopping Centre","/Attraction_Review-g294265-d10136730-Reviews-Holland_Village_Shopping_Centre-Singapore.html","18"
"398","Peranakan Houses","/Attraction_Review-g294265-d15684468-Reviews-Peranakan_Houses-Singapore.html","8"
"399","Upper Pierce Reservoir","/Attraction_Review-g294265-d13236887-Reviews-Upper_Pierce_Reservoir-Singapore.html","6"
"400","STPI – Creative Workshop & Gallery","/Attraction_Review-g294265-d2341726-Reviews-STPI_Creative_Workshop_Gallery-Singapore.html","12"
"401","Pearl's Hill City Park","/Attraction_Review-g294265-d8011476-Reviews-Pearl_s_Hill_City_Park-Singapore.html","15"
"402","Our Tampines Hub","/Attraction_Review-g294265-d15579001-Reviews-Our_Tampines_Hub-Singapore.html","7"
"403","Cineleisure Orchard","/Attraction_Review-g294265-d8010714-Reviews-Cineleisure_Orchard-Singapore.html","25"
"404","Mosque Street","/Attraction_Review-g294265-d11639525-Reviews-Mosque_Street-Singapore.html","13"
"405","Sun Plaza","/Attraction_Review-g294265-d11907913-Reviews-Sun_Plaza-Singapore.html","10"
"406","Cenotaph","/Attraction_Review-g294265-d591457-Reviews-Cenotaph-Singapore.html","31"
"407","Albert Mall","/Attraction_Review-g294265-d10088143-Reviews-Albert_Mall-Singapore.html","14"
"408","Floating Baby (The Planet)","/Attraction_Review-g294265-d15759518-Reviews-Floating_Baby_The_Planet-Singapore.html","8"
"409","Springleaf Nature Park","/Attraction_Review-g294265-d7269083-Reviews-Springleaf_Nature_Park-Singapore.html","11"
"410","Telok Blangah Hill Park","/Attraction_Review-g294265-d10831659-Reviews-Telok_Blangah_Hill_Park-Singapore.html","11"
"411","Lucky Chinatown","/Attraction_Review-g294265-d8573097-Reviews-Lucky_Chinatown-Singapore.html","19"
"412","Resorts World Theater","/Attraction_Review-g294265-d9715223-Reviews-Resorts_World_Theater-Singapore.html","5"
"413","MAD Museum of Art & Design","/Attraction_Review-g294265-d8530747-Reviews-MAD_Museum_of_Art_Design-Singapore.html","14"
"414","ZhongShan Park","/Attraction_Review-g294265-d11704799-Reviews-ZhongShan_Park-Singapore.html","14"
"415","Hari Raya Light Up","/Attraction_Review-g294265-d10020493-Reviews-Hari_Raya_Light_Up-Singapore.html","8"
"416","Jacob Ballas Children's Garden","/Attraction_Review-g294265-d9998000-Reviews-Jacob_Ballas_Children_s_Garden-Singapore.html","16"
"417","Xtreme Skate Park","/Attraction_Review-g294265-d2348905-Reviews-Xtreme_Skate_Park-Singapore.html","4"
"418","South Bridge Road","/Attraction_Review-g294265-d11443725-Reviews-South_Bridge_Road-Singapore.html","10"
"419","Opera Gallery","/Attraction_Review-g294265-d3459161-Reviews-Opera_Gallery-Singapore.html","9"
"420","Deepavali Celebrations","/Attraction_Review-g294265-d10020494-Reviews-Deepavali_Celebrations-Singapore.html","14"
"421","WTA Finals","/Attraction_Review-g294265-d10020491-Reviews-WTA_Finals-Singapore.html","13"
"422","Neil Road","/Attraction_Review-g294265-d8639184-Reviews-Neil_Road-Singapore.html","12"
"423","Metro Department Store - The CentrePoint","/Attraction_Review-g294265-d10636906-Reviews-Metro_Department_Store_The_CentrePoint-Singapore.html","15"
"424","MOE Heritage Centre","/Attraction_Review-g294265-d7691767-Reviews-MOE_Heritage_Centre-Singapore.html","3"
"425","Maghain Aboth Synagogue","/Attraction_Review-g294265-d2341786-Reviews-Maghain_Aboth_Synagogue-Singapore.html","18"
"426","Aperia Mall","/Attraction_Review-g294265-d12635558-Reviews-Aperia_Mall-Singapore.html","4"
"427","Church of St Teresa","/Attraction_Review-g294265-d8626267-Reviews-Church_of_St_Teresa-Singapore.html","11"
"428","The Heeren","/Attraction_Review-g294265-d2139573-Reviews-The_Heeren-Singapore.html","9"
"429","NUS Museum","/Attraction_Review-g294265-d2341734-Reviews-NUS_Museum-Singapore.html","12"
"430","Jurong Eco-Garden","/Attraction_Review-g294265-d6908467-Reviews-Jurong_Eco_Garden-Singapore.html","11"
"431","Coleman Street","/Attraction_Review-g294265-d11871499-Reviews-Coleman_Street-Singapore.html","8"
"432","Homage To Newton","/Attraction_Review-g294265-d11861469-Reviews-Homage_To_Newton-Singapore.html","10"
"433","Singapore Hong San See","/Attraction_Review-g294265-d2341795-Reviews-Singapore_Hong_San_See-Singapore.html","14"
"434","Stranger Soccer","/Attraction_Review-g294265-d13108151-Reviews-Stranger_Soccer-Singapore.html","4"
"435","Sim Lim Tower","/Attraction_Review-g294265-d14166364-Reviews-Sim_Lim_Tower-Singapore.html","8"
"436","Rochor Canal","/Attraction_Review-g294265-d11860942-Reviews-Rochor_Canal-Singapore.html","15"
"437","Shree Lakshminarayan Temple","/Attraction_Review-g294265-d14068965-Reviews-Shree_Lakshminarayan_Temple-Singapore.html","8"
"438","Ann Siang Hill","/Attraction_Review-g294265-d8289163-Reviews-Ann_Siang_Hill-Singapore.html","11"
"439","Read Bridge　(Malacca Bridge)","/Attraction_Review-g294265-d8572482-Reviews-Read_Bridge_Malacca_Bridge-Singapore.html","26"
"440","Brass Lion Distillery","/Attraction_Review-g294265-d15286690-Reviews-Brass_Lion_Distillery-Singapore.html","9"
"441","Hong Lim Park","/Attraction_Review-g294265-d11966381-Reviews-Hong_Lim_Park-Singapore.html","9"
"442","Masjid Bencoolen","/Attraction_Review-g294265-d8016963-Reviews-Masjid_Bencoolen-Singapore.html","14"
"443","HSBC Rain Vortex","/Attraction_Review-g294265-d16824897-Reviews-HSBC_Rain_Vortex-Singapore.html","5"
"444","Sri SivaKrishna Temple","/Attraction_Review-g294265-d6732793-Reviews-Sri_SivaKrishna_Temple-Singapore.html","9"
"445","Black Statue of Raffles","/Attraction_Review-g294265-d8501363-Reviews-Black_Statue_of_Raffles-Singapore.html","26"
"446","Djitsun Mall Bedok","/Attraction_Review-g294265-d14863083-Reviews-Djitsun_Mall_Bedok-Singapore.html","3"
"447","ESPZEN Soccer School & Academy","/Attraction_Review-g294265-d13977166-Reviews-ESPZEN_Soccer_School_Academy-Singapore.html","6"
"448","UE Square","/Attraction_Review-g294265-d11958347-Reviews-UE_Square-Singapore.html","9"
"449","Esplanade Xchange","/Attraction_Review-g294265-d8550260-Reviews-Esplanade_Xchange-Singapore.html","11"
"450","Windsor Nature Park","/Attraction_Review-g294265-d15326106-Reviews-Windsor_Nature_Park-Singapore.html","4"
"451","Al-Abrar Mosque","/Attraction_Review-g294265-d338371-Reviews-Al_Abrar_Mosque-Singapore.html","23"
"452","Chesed-El Synagogue","/Attraction_Review-g294265-d13323492-Reviews-Chesed_El_Synagogue-Singapore.html","6"
"453","Floral Fantasy","/Attraction_Review-g294265-d17434131-Reviews-Floral_Fantasy-Singapore.html","6"
"454","Thian Hock Keng Temple Mural","/Attraction_Review-g294265-d12833606-Reviews-Thian_Hock_Keng_Temple_Mural-Singapore.html","7"
"455","Oh Chin Huat Hydroponic Farms","/Attraction_Review-g294265-d7135038-Reviews-Oh_Chin_Huat_Hydroponic_Farms-Singapore.html","4"
"456","Compass One","/Attraction_Review-g294265-d11046312-Reviews-Compass_One-Singapore.html","15"
"457","The Verge Shopping Mall","/Attraction_Review-g294265-d8815530-Reviews-The_Verge_Shopping_Mall-Singapore.html","11"
"458","Art Porters Gallery","/Attraction_Review-g294265-d12156169-Reviews-Art_Porters_Gallery-Singapore.html","6"
"459","Wak Hai Cheng Bio Temple","/Attraction_Review-g294265-d338370-Reviews-Wak_Hai_Cheng_Bio_Temple-Singapore.html","12"
"460","Palais Renaissance","/Attraction_Review-g294265-d2338921-Reviews-Palais_Renaissance-Singapore.html","14"
"461","Children Little Museum","/Attraction_Review-g294265-d2445134-Reviews-Children_Little_Museum-Singapore.html","25"
"462","Church of Saint Joseph","/Attraction_Review-g294265-d9820750-Reviews-Church_of_Saint_Joseph-Singapore.html","8"
"463","Marina Bay Waterfront Promenade","/Attraction_Review-g294265-d14156997-Reviews-Marina_Bay_Waterfront_Promenade-Singapore.html","6"
"464","Dalhousie Obelisk","/Attraction_Review-g294265-d2341798-Reviews-Dalhousie_Obelisk-Singapore.html","33"
"465","Eurasian Heritage Centre","/Attraction_Review-g294265-d3459646-Reviews-Eurasian_Heritage_Centre-Singapore.html","12"
"466","The Rink at JCube","/Attraction_Review-g294265-d7986344-Reviews-The_Rink_at_JCube-Singapore.html","8"
"467","Indian National Army Monument","/Attraction_Review-g294265-d3459900-Reviews-Indian_National_Army_Monument-Singapore.html","17"
"468","Ban Siew San Temple","/Attraction_Review-g294265-d10820053-Reviews-Ban_Siew_San_Temple-Singapore.html","4"
"469","Fidgets","/Attraction_Review-g294265-d2587908-Reviews-Fidgets-Singapore.html","8"
"470","Benjamin Sheares Bridge","/Attraction_Review-g294265-d10490895-Reviews-Benjamin_Sheares_Bridge-Singapore.html","14"
"471","Nestopia","/Attraction_Review-g294265-d15736165-Reviews-Nestopia-Singapore.html","2"
"472","Singapore Island Cruise & Ferry Services Pte Ltd","/Attraction_Review-g294265-d9609041-Reviews-Singapore_Island_Cruise_Ferry_Services_Pte_Ltd-Singapore.html","8"
"473","1965 Craft Beer","/Attraction_Review-g294265-d17529168-Reviews-1965_Craft_Beer-Singapore.html","7"
"474","Arulmigu Velmurugan Gnanamuneeswarar Temple","/Attraction_Review-g294265-d13824576-Reviews-Arulmigu_Velmurugan_Gnanamuneeswarar_Temple-Singapore.html","3"
"475","Thong Chai Medical Institution","/Attraction_Review-g294265-d591203-Reviews-Thong_Chai_Medical_Institution-Singapore.html","6"
"476","Kult Studio & Gallery","/Attraction_Review-g294265-d8011177-Reviews-Kult_Studio_Gallery-Singapore.html","5"
"477","Fort Canning Lighthouse","/Attraction_Review-g294265-d12340651-Reviews-Fort_Canning_Lighthouse-Singapore.html","10"
"478","Punggol Plaza","/Attraction_Review-g294265-d14887869-Reviews-Punggol_Plaza-Singapore.html","2"
"479","Marina Bay Link Mall","/Attraction_Review-g294265-d13820275-Reviews-Marina_Bay_Link_Mall-Singapore.html","7"
"480","Ray Bay","/Attraction_Review-g294265-d6919456-Reviews-Ray_Bay-Singapore.html","4"
"481","Golden Mile Tower","/Attraction_Review-g294265-d13307264-Reviews-Golden_Mile_Tower-Singapore.html","5"
"482","Masjid Falah","/Attraction_Review-g294265-d13313948-Reviews-Masjid_Falah-Singapore.html","5"
"483","Degiosart","/Attraction_Review-g294265-d10496669-Reviews-Degiosart-Singapore.html","11"
"484","Park Mall","/Attraction_Review-g294265-d2338923-Reviews-Park_Mall-Singapore.html","17"
"485","Alexandra Retail Centre (ARC)","/Attraction_Review-g294265-d13861559-Reviews-Alexandra_Retail_Centre_ARC-Singapore.html","7"
"486","Museum @ My Queenstown","/Attraction_Review-g294265-d15748837-Reviews-Museum_My_Queenstown-Singapore.html","2"
"487","Woodlands Town Garden","/Attraction_Review-g294265-d591186-Reviews-Woodlands_Town_Garden-Singapore.html","10"
"488","Kreta Ayer Square","/Attraction_Review-g294265-d11535911-Reviews-Kreta_Ayer_Square-Singapore.html","6"
"489","Tampines Changkat Butterfly Garden","/Attraction_Review-g294265-d8011499-Reviews-Tampines_Changkat_Butterfly_Garden-Singapore.html","9"
"490","Wesley Methodist Church","/Attraction_Review-g294265-d11659184-Reviews-Wesley_Methodist_Church-Singapore.html","7"
"491","Wildlife Reserves Singapore","/Attraction_Review-g294265-d13109608-Reviews-Wildlife_Reserves_Singapore-Singapore.html","4"
"492","Floral Clock","/Attraction_Review-g294265-d15759663-Reviews-Floral_Clock-Singapore.html","7"
"493","Pink Blossoms Brewing","/Attraction_Review-g294265-d15746113-Reviews-Pink_Blossoms_Brewing-Singapore.html","4"
"494","Antiques of the Orient","/Attraction_Review-g294265-d2338927-Reviews-Antiques_of_the_Orient-Singapore.html","5"
"495","Foundation Stone of the Monument of the Early Founders of Singapore","/Attraction_Review-g294265-d12235794-Reviews-Foundation_Stone_of_the_Monument_of_the_Early_Founders_of_Singapore-Singapore.html","13"
"496","Urban Ski Singapore","/Attraction_Review-g294265-d8714927-Reviews-Urban_Ski_Singapore-Singapore.html","8"
"497","Lim Bo Seng Memorial","/Attraction_Review-g294265-d3459826-Reviews-Lim_Bo_Seng_Memorial-Singapore.html","19"
"498","Delfi Orchard","/Attraction_Review-g294265-d3459655-Reviews-Delfi_Orchard-Singapore.html","9"
"499","Jelutong Tower","/Attraction_Review-g294265-d12860255-Reviews-Jelutong_Tower-Singapore.html","3"
"500","Tua Peh Kong Temple","/Attraction_Review-g294265-d591196-Reviews-Tua_Peh_Kong_Temple-Singapore.html","5"
"501","Kampong Kapor Methodist Church","/Attraction_Review-g294265-d12077700-Reviews-Kampong_Kapor_Methodist_Church-Singapore.html","9"
"502","White Space Art Asia","/Attraction_Review-g294265-d7791136-Reviews-White_Space_Art_Asia-Singapore.html","3"
"503","Knightsbridge","/Attraction_Review-g294265-d3459666-Reviews-Knightsbridge-Singapore.html","9"
"504","Uniqlo","/Attraction_Review-g294265-d14067597-Reviews-Uniqlo-Singapore.html","7"
"505","Sultan's Gate","/Attraction_Review-g294265-d10833533-Reviews-Sultan_s_Gate-Singapore.html","5"
"506","MOVE Academy Singapore","/Attraction_Review-g294265-d12641322-Reviews-MOVE_Academy_Singapore-Singapore.html","3"
"507","Keramat Sultan Iskandar Shah","/Attraction_Review-g294265-d14136687-Reviews-Keramat_Sultan_Iskandar_Shah-Singapore.html","3"
"508","Jurong Lake Garden","/Attraction_Review-g294265-d17412772-Reviews-Jurong_Lake_Garden-Singapore.html","6"
"509","Kok Fah Technology Farm","/Attraction_Review-g294265-d12727889-Reviews-Kok_Fah_Technology_Farm-Singapore.html","1"
"510","Masjid Angullia","/Attraction_Review-g294265-d12592558-Reviews-Masjid_Angullia-Singapore.html","7"
"511","Masjid Haji Muhammad Salleh","/Attraction_Review-g294265-d7291567-Reviews-Masjid_Haji_Muhammad_Salleh-Singapore.html","9"
"512","Pagode de 7 etages","/Attraction_Review-g294265-d12403270-Reviews-Pagode_de_7_etages-Singapore.html","5"
"513","Shiseido Forest Valley","/Attraction_Review-g294265-d17346097-Reviews-Shiseido_Forest_Valley-Singapore.html","4"
"514","Pandan Reservoir","/Attraction_Review-g294265-d12124657-Reviews-Pandan_Reservoir-Singapore.html","5"
"515","Deck Art Galery","/Attraction_Review-g294265-d7262972-Reviews-Deck_Art_Galery-Singapore.html","9"
"516","Singapore Coins And Notes Museum","/Attraction_Review-g294265-d5561926-Reviews-Singapore_Coins_And_Notes_Museum-Singapore.html","6"
"517","Masjid Yusof Ishak","/Attraction_Review-g294265-d12871361-Reviews-Masjid_Yusof_Ishak-Singapore.html","2"
"518","Former Keng Teck Whay Building","/Attraction_Review-g294265-d13286858-Reviews-Former_Keng_Teck_Whay_Building-Singapore.html","8"
"519","Puaka Hill","/Attraction_Review-g294265-d12870087-Reviews-Puaka_Hill-Singapore.html","2"
"520","Tanglin Halt Food Centre","/Attraction_Review-g294265-d13204773-Reviews-Tanglin_Halt_Food_Centre-Singapore.html","4"
"521","Orchard Road Presbyterian Church","/Attraction_Review-g294265-d11659185-Reviews-Orchard_Road_Presbyterian_Church-Singapore.html","8"
"522","Al-Amin Mosque","/Attraction_Review-g294265-d12669159-Reviews-Al_Amin_Mosque-Singapore.html","4"
"523","Hackson and Sons Shoe Polish and Artefacts Museum","/Attraction_Review-g294265-d13186404-Reviews-Hackson_and_Sons_Shoe_Polish_and_Artefacts_Museum-Singapore.html","3"
"524","Lot One Shoppers' Mall","/Attraction_Review-g294265-d13955106-Reviews-Lot_One_Shoppers_Mall-Singapore.html","7"
"525","Alsagoff Arab School","/Attraction_Review-g294265-d338374-Reviews-Alsagoff_Arab_School-Singapore.html","5"
"526","The First Generation","/Attraction_Review-g294265-d15081316-Reviews-The_First_Generation-Singapore.html","9"
"527","Mandai Track 15","/Attraction_Review-g294265-d14107519-Reviews-Mandai_Track_15-Singapore.html","2"
"528","Siang Cho Keong Temple","/Attraction_Review-g294265-d14944359-Reviews-Siang_Cho_Keong_Temple-Singapore.html","4"
"529","Singapore Mobility Gallery","/Attraction_Review-g294265-d11707243-Reviews-Singapore_Mobility_Gallery-Singapore.html","5"
"530","Church of True Light","/Attraction_Review-g294265-d2341787-Reviews-Church_of_True_Light-Singapore.html","14"
"531","Istana Heritage Gallery","/Attraction_Review-g294265-d12818351-Reviews-Istana_Heritage_Gallery-Singapore.html","3"
"532","Visual Art Trails - Singapore River","/Attraction_Review-g294265-d2341780-Reviews-Visual_Art_Trails_Singapore_River-Singapore.html","4"
"533","Canopy Park","/Attraction_Review-g294265-d16824916-Reviews-Canopy_Park-Singapore.html","7"
"534","Boulder+","/Attraction_Review-g294265-d14196847-Reviews-Boulder-Singapore.html","4"
"535","Jurong Central Park","/Attraction_Review-g294265-d4480747-Reviews-Jurong_Central_Park-Singapore.html","12"
"536","The Art Connector","/Attraction_Review-g294265-d11815396-Reviews-The_Art_Connector-Singapore.html","5"
"537","The Substation","/Attraction_Review-g294265-d2341732-Reviews-The_Substation-Singapore.html","9"
"538","Empress Place Building","/Attraction_Review-g294265-d324539-Reviews-Empress_Place_Building-Singapore.html","13"
"539","Bukit Batok Memorial Site","/Attraction_Review-g294265-d591454-Reviews-Bukit_Batok_Memorial_Site-Singapore.html","12"
"540","College of Medicine Building","/Attraction_Review-g294265-d590908-Reviews-College_of_Medicine_Building-Singapore.html","7"
"541","Katong Swimming Complex","/Attraction_Review-g294265-d14187258-Reviews-Katong_Swimming_Complex-Singapore.html","1"
"542","Old Malay and Muslim Cemeteries","/Attraction_Review-g294265-d6602200-Reviews-Old_Malay_and_Muslim_Cemeteries-Singapore.html","7"
"543","Affordable Art Fair","/Attraction_Review-g294265-d10020487-Reviews-Affordable_Art_Fair-Singapore.html","7"
"544","Tan Swie Hian Museum","/Attraction_Review-g294265-d2341729-Reviews-Tan_Swie_Hian_Museum-Singapore.html","2"
"545","Majestic Fast Ferry","/Attraction_Review-g294265-d15682592-Reviews-Majestic_Fast_Ferry-Singapore.html","5"
"546","Marina South Ferries","/Attraction_Review-g294265-d15554526-Reviews-Marina_South_Ferries-Singapore.html","2"
"547","Art Plural Gallery","/Attraction_Review-g294265-d3219129-Reviews-Art_Plural_Gallery-Singapore.html","6"
"548","The River Merchants","/Attraction_Review-g294265-d15081320-Reviews-The_River_Merchants-Singapore.html","8"
"549","Tan Kim Seng Fountain","/Attraction_Review-g294265-d13565333-Reviews-Tan_Kim_Seng_Fountain-Singapore.html","6"
"550","Pasir Panjang","/Attraction_Review-g294265-d10737071-Reviews-Pasir_Panjang-Singapore.html","4"
"551","Stamford House","/Attraction_Review-g294265-d591539-Reviews-Stamford_House-Singapore.html","9"
"552","The Bible House","/Attraction_Review-g294265-d14154643-Reviews-The_Bible_House-Singapore.html","2"
"553","Chettiar Temple","/Attraction_Review-g294265-d310893-Reviews-Chettiar_Temple-Singapore.html","11"
"554","White Sands","/Attraction_Review-g294265-d14158645-Reviews-White_Sands-Singapore.html","4"
"555","Woodlands Temporary Bus Interchange","/Attraction_Review-g294265-d12200114-Reviews-Woodlands_Temporary_Bus_Interchange-Singapore.html","8"
"556","Kebun Baru Birdsinging Club","/Attraction_Review-g294265-d10146520-Reviews-Kebun_Baru_Birdsinging_Club-Singapore.html","3"
"557","Action City","/Attraction_Review-g294265-d10554349-Reviews-Action_City-Singapore.html","3"
"558","The Cathay Gallery","/Attraction_Review-g294265-d6577051-Reviews-The_Cathay_Gallery-Singapore.html","8"
"559","Fish@Big Splash","/Attraction_Review-g294265-d8010819-Reviews-Fish_Big_Splash-Singapore.html","2"
"560","Ying Fo Fui Kun","/Attraction_Review-g294265-d13206175-Reviews-Ying_Fo_Fui_Kun-Singapore.html","6"
"561","Singapore Trading Post","/Attraction_Review-g294265-d8529918-Reviews-Singapore_Trading_Post-Singapore.html","2"
"562","Kim Seng Park","/Attraction_Review-g294265-d7331493-Reviews-Kim_Seng_Park-Singapore.html","9"
"563","Jalan Besar Plaza","/Attraction_Review-g294265-d12675048-Reviews-Jalan_Besar_Plaza-Singapore.html","4"
"564","Telok Ayer Chinese Methodist Church","/Attraction_Review-g294265-d13317389-Reviews-Telok_Ayer_Chinese_Methodist_Church-Singapore.html","6"
"565","Singapore Repertory Theatre","/Attraction_Review-g294265-d2341746-Reviews-Singapore_Repertory_Theatre-Singapore.html","5"
"566","Masjid Haji Mohd Salleh","/Attraction_Review-g294265-d12213828-Reviews-Masjid_Haji_Mohd_Salleh-Singapore.html","4"
"567","Tampines 1","/Attraction_Review-g294265-d13399880-Reviews-Tampines_1-Singapore.html","8"
"568","Amusement World","/Attraction_Review-g294265-d15670118-Reviews-Amusement_World-Singapore.html","1"
"569","Singapore Polo Club","/Attraction_Review-g294265-d3802233-Reviews-Singapore_Polo_Club-Singapore.html","5"
"570","Sree Maha Mariamman Temple","/Attraction_Review-g294265-d6481313-Reviews-Sree_Maha_Mariamman_Temple-Singapore.html","5"
"571","Church of the Nativity of the Blessed Virgin Mary","/Attraction_Review-g294265-d12298098-Reviews-Church_of_the_Nativity_of_the_Blessed_Virgin_Mary-Singapore.html","3"
"572","Prinsep Street Presbyterian Church","/Attraction_Review-g294265-d12094327-Reviews-Prinsep_Street_Presbyterian_Church-Singapore.html","5"
"573","Khadijah Mosque","/Attraction_Review-g294265-d12220668-Reviews-Khadijah_Mosque-Singapore.html","3"
"574","Bukit Chermin Boardwalk","/Attraction_Review-g294265-d15090885-Reviews-Bukit_Chermin_Boardwalk-Singapore.html","4"
"575","Nyee Phoe Flower Garden","/Attraction_Review-g294265-d2344447-Reviews-Nyee_Phoe_Flower_Garden-Singapore.html","5"
"576","Man Fatt Lam Temple","/Attraction_Review-g294265-d15814038-Reviews-Man_Fatt_Lam_Temple-Singapore.html","1"
"577","Tiong Bahru Air Raid Shelter","/Attraction_Review-g294265-d13422334-Reviews-Tiong_Bahru_Air_Raid_Shelter-Singapore.html","3"
"578","Changi Murals","/Attraction_Review-g294265-d592880-Reviews-Changi_Murals-Singapore.html","2"
"579","A Vintage Tale - World’s Wardrobe","/Attraction_Review-g294265-d15549536-Reviews-A_Vintage_Tale_World_s_Wardrobe-Singapore.html","2"
"580","Singapore Pinacotheque de Paris","/Attraction_Review-g294265-d8332688-Reviews-Singapore_Pinacotheque_de_Paris-Singapore.html","21"
"581","Polar Bear Gallery","/Attraction_Review-g294265-d10120981-Reviews-Polar_Bear_Gallery-Singapore.html","8"
"582","Cheong Ann Watch Maker","/Attraction_Review-g294265-d7682528-Reviews-Cheong_Ann_Watch_Maker-Singapore.html","4"
"583","Saint George's Church","/Attraction_Review-g294265-d13186657-Reviews-Saint_George_s_Church-Singapore.html","3"
"584","Hai Bin Prawning","/Attraction_Review-g294265-d15202623-Reviews-Hai_Bin_Prawning-Singapore.html","2"
"585","Maplewood Park","/Attraction_Review-g294265-d13294220-Reviews-Maplewood_Park-Singapore.html","2"
"586","Jinrikisha Station","/Attraction_Review-g294265-d14943138-Reviews-Jinrikisha_Station-Singapore.html","3"
"587","The Canyon","/Attraction_Review-g294265-d16853022-Reviews-The_Canyon-Singapore.html","2"
"588","Gajah Gallery","/Attraction_Review-g294265-d2341736-Reviews-Gajah_Gallery-Singapore.html","2"
"589","Sri Manmatha Karuneshvarar Temple","/Attraction_Review-g294265-d15011220-Reviews-Sri_Manmatha_Karuneshvarar_Temple-Singapore.html","2"
"590","PetalClouds","/Attraction_Review-g294265-d14181616-Reviews-PetalClouds-Singapore.html","5"
"591","Sembawang Shopping Centre","/Attraction_Review-g294265-d13115468-Reviews-Sembawang_Shopping_Centre-Singapore.html","2"
"592","Former House of Tan Yeok Nee","/Attraction_Review-g294265-d13317387-Reviews-Former_House_of_Tan_Yeok_Nee-Singapore.html","3"
"593","KF1 Arena Karting Circuit","/Attraction_Review-g294265-d15696275-Reviews-KF1_Arena_Karting_Circuit-Singapore.html","2"
"594","Singapore Momentum Sculpture","/Attraction_Review-g294265-d15755404-Reviews-Singapore_Momentum_Sculpture-Singapore.html","3"
"595","Shaw Tower","/Attraction_Review-g294265-d13321960-Reviews-Shaw_Tower-Singapore.html","4"
"596","Jubilee Walk","/Attraction_Review-g294265-d15740591-Reviews-Jubilee_Walk-Singapore.html","3"
"597","Goshen Art Gallery","/Attraction_Review-g294265-d15373284-Reviews-Goshen_Art_Gallery-Singapore.html","2"
"598","Masjid Hussain Sulaiman","/Attraction_Review-g294265-d15113513-Reviews-Masjid_Hussain_Sulaiman-Singapore.html","2"
"599","Victoria Lily Pond","/Attraction_Review-g294265-d16831749-Reviews-Victoria_Lily_Pond-Singapore.html","4"
"600","Night life in krabi","/Attraction_Review-g294265-d4283968-Reviews-Night_life_in_krabi-Singapore.html","3"
"601","Masjid Hajjah Rahimabi Kebun Limau","/Attraction_Review-g294265-d8682479-Reviews-Masjid_Hajjah_Rahimabi_Kebun_Limau-Singapore.html","4"
"602","Mahatma Gandhi Memorial","/Attraction_Review-g294265-d12101083-Reviews-Mahatma_Gandhi_Memorial-Singapore.html","4"
"603","Tampines Eco Green","/Attraction_Review-g294265-d15515124-Reviews-Tampines_Eco_Green-Singapore.html","1"
"604","Hougang Swimming Complex","/Attraction_Review-g294265-d15156292-Reviews-Hougang_Swimming_Complex-Singapore.html","3"
"605","Mesjid Temenggong Daeng Ibrahim","/Attraction_Review-g294265-d9585550-Reviews-Mesjid_Temenggong_Daeng_Ibrahim-Singapore.html","4"
"606","REV Fight Club Gym","/Attraction_Review-g294265-d12272665-Reviews-REV_Fight_Club_Gym-Singapore.html","1"
"607","Jinji Tennis Singapore","/Attraction_Review-g294265-d12907161-Reviews-Jinji_Tennis_Singapore-Singapore.html","1"
"608","Lalin Gallery","/Attraction_Review-g294265-d6707260-Reviews-Lalin_Gallery-Singapore.html","4"
"609","Coleman Bridge","/Attraction_Review-g294265-d15081343-Reviews-Coleman_Bridge-Singapore.html","6"
"610","Pang Sua Pond","/Attraction_Review-g294265-d12289849-Reviews-Pang_Sua_Pond-Singapore.html","3"
"611","Old Bukit Timah Railway Station","/Attraction_Review-g294265-d16729264-Reviews-Old_Bukit_Timah_Railway_Station-Singapore.html","2"
"612","Virvana Memorial Garden","/Attraction_Review-g294265-d15183885-Reviews-Virvana_Memorial_Garden-Singapore.html","1"
"613","YANG Gallery","/Attraction_Review-g294265-d3453718-Reviews-YANG_Gallery-Singapore.html","1"
"614","Serene Centre","/Attraction_Review-g294265-d9857370-Reviews-Serene_Centre-Singapore.html","3"
"615","Peranakan Trail","/Attraction_Review-g294265-d3459189-Reviews-Peranakan_Trail-Singapore.html","4"
"616","Aero-green Technology","/Attraction_Review-g294265-d2344445-Reviews-Aero_green_Technology-Singapore.html","2"
"617","Ang Chee Sia Ong Temple","/Attraction_Review-g294265-d14067634-Reviews-Ang_Chee_Sia_Ong_Temple-Singapore.html","2"
"618","Fort Canning Arts Centre","/Attraction_Review-g294265-d12785269-Reviews-Fort_Canning_Arts_Centre-Singapore.html","3"
"619","Ramakrishna Mission temple","/Attraction_Review-g294265-d11810348-Reviews-Ramakrishna_Mission_temple-Singapore.html","2"
"620","Kong Chow Cultural Centre","/Attraction_Review-g294265-d13117311-Reviews-Kong_Chow_Cultural_Centre-Singapore.html","2"
"621","Orchard Fashion Runway","/Attraction_Review-g294265-d8820418-Reviews-Orchard_Fashion_Runway-Singapore.html","1"
"622","Singapore Art Week","/Attraction_Review-g294265-d10020486-Reviews-Singapore_Art_Week-Singapore.html","6"
"623","Open Doors","/Attraction_Review-g294265-d2338947-Reviews-Open_Doors-Singapore.html","2"
"624","Old Admiralty House","/Attraction_Review-g294265-d13322332-Reviews-Old_Admiralty_House-Singapore.html","2"
"625","Fo Shan Ting Da Bo Gong Temple","/Attraction_Review-g294265-d12802071-Reviews-Fo_Shan_Ting_Da_Bo_Gong_Temple-Singapore.html","1"
"626","Visual Art Trails - Civic District","/Attraction_Review-g294265-d2341778-Reviews-Visual_Art_Trails_Civic_District-Singapore.html","2"
"627","Swiftlet Garden Museum","/Attraction_Review-g294265-d6643971-Reviews-Swiftlet_Garden_Museum-Singapore.html","2"
"628","Sheng Jia Temple","/Attraction_Review-g294265-d7383620-Reviews-Sheng_Jia_Temple-Singapore.html","3"
"629","Sun Pavilion","/Attraction_Review-g294265-d16819312-Reviews-Sun_Pavilion-Singapore.html","2"
"630","BorderX","/Attraction_Review-g294265-d2348910-Reviews-BorderX-Singapore.html","1"
"631","Steel in Bloom","/Attraction_Review-g294265-d15743586-Reviews-Steel_in_Bloom-Singapore.html","2"
"632","NTU Centre for Contemporary Art","/Attraction_Review-g294265-d8738861-Reviews-NTU_Centre_for_Contemporary_Art-Singapore.html","3"
"633","Joseph Conrad Korzeniowski 顕彰碑","/Attraction_Review-g294265-d11824838-Reviews-Joseph_Conrad_Korzeniowski-Singapore.html","5"
"634","Fire Flies Health Farm","/Attraction_Review-g294265-d2344440-Reviews-Fire_Flies_Health_Farm-Singapore.html","1"
"635","Sri Krishna Mandir","/Attraction_Review-g294265-d9861420-Reviews-Sri_Krishna_Mandir-Singapore.html","4"
"636","Thomson Plaza","/Attraction_Review-g294265-d14175535-Reviews-Thomson_Plaza-Singapore.html","4"
"637","Kang Ha Pheng Sim Kok","/Attraction_Review-g294265-d16709329-Reviews-Kang_Ha_Pheng_Sim_Kok-Singapore.html","2"
"638","Struggle Against Communist Party of Malaya Marker","/Attraction_Review-g294265-d11958338-Reviews-Struggle_Against_Communist_Party_of_Malaya_Marker-Singapore.html","4"
"639","Journey East","/Attraction_Review-g294265-d3505784-Reviews-Journey_East-Singapore.html","2"
"640","Duxton Plain Park","/Attraction_Review-g294265-d16649256-Reviews-Duxton_Plain_Park-Singapore.html","3"
"641","Former Combined Operations Room Exhibition","/Attraction_Review-g294265-d15851016-Reviews-Former_Combined_Operations_Room_Exhibition-Singapore.html","1"
"642","Katong Park","/Attraction_Review-g294265-d11958371-Reviews-Katong_Park-Singapore.html","2"
"643","321 Clementi","/Attraction_Review-g294265-d13412588-Reviews-321_Clementi-Singapore.html","3"
"644","Asian Art Platform","/Attraction_Review-g294265-d10768988-Reviews-Asian_Art_Platform-Singapore.html","1"
"645","Alkaff Upper Serangoon Mosque","/Attraction_Review-g294265-d13189626-Reviews-Alkaff_Upper_Serangoon_Mosque-Singapore.html","2"
"646","Singapore Dance Theatre","/Attraction_Review-g294265-d2341742-Reviews-Singapore_Dance_Theatre-Singapore.html","2"
"647","Redsea Gallery","/Attraction_Review-g294265-d8416831-Reviews-Redsea_Gallery-Singapore.html","4"
"648","Jeric Salon","/Attraction_Review-g294265-d2338985-Reviews-Jeric_Salon-Singapore.html","1"
"649","Memorial to the Victims of Konfrontasi","/Attraction_Review-g294265-d11966351-Reviews-Memorial_to_the_Victims_of_Konfrontasi-Singapore.html","3"
"650","Zhun Ti Gong","/Attraction_Review-g294265-d14069381-Reviews-Zhun_Ti_Gong-Singapore.html","3"
"651","Laichun Yuen Theatre","/Attraction_Review-g294265-d10831644-Reviews-Laichun_Yuen_Theatre-Singapore.html","3"
"652","Art Retreat","/Attraction_Review-g294265-d2341733-Reviews-Art_Retreat-Singapore.html","2"
"653","Telok Kurau Studios","/Attraction_Review-g294265-d591209-Reviews-Telok_Kurau_Studios-Singapore.html","1"
"654","Ngee Ann Cultural Centre","/Attraction_Review-g294265-d2341719-Reviews-Ngee_Ann_Cultural_Centre-Singapore.html","2"
"655","Safra Club's Swimming Pool","/Attraction_Review-g294265-d16900812-Reviews-Safra_Club_s_Swimming_Pool-Singapore.html","1"
"656","Church of St Ignatius","/Attraction_Review-g294265-d17453235-Reviews-Church_of_St_Ignatius-Singapore.html","1"
"657","Darussalam Mosque","/Attraction_Review-g294265-d15049089-Reviews-Darussalam_Mosque-Singapore.html","2"
"658","Heritage Zone","/Attraction_Review-g294265-d17594721-Reviews-Heritage_Zone-Singapore.html","1"
"659","Masjid Kampong Delta","/Attraction_Review-g294265-d15047243-Reviews-Masjid_Kampong_Delta-Singapore.html","2"
"660","Lotto Carpets Gallery","/Attraction_Review-g294265-d3910656-Reviews-Lotto_Carpets_Gallery-Singapore.html","5"
"661","Alexandra Technopark","/Attraction_Review-g294265-d15356063-Reviews-Alexandra_Technopark-Singapore.html","1"
"662","Tokyo Gallery By Musee Collection","/Attraction_Review-g294265-d12611651-Reviews-Tokyo_Gallery_By_Musee_Collection-Singapore.html","1"
"663","The Pamela Hat sculpture","/Attraction_Review-g294265-d15780996-Reviews-The_Pamela_Hat_sculpture-Singapore.html","3"
"664","Dong Yue Miao","/Attraction_Review-g294265-d10001018-Reviews-Dong_Yue_Miao-Singapore.html","3"
"665","Fort Canning Sculpture Trail","/Attraction_Review-g294265-d15759675-Reviews-Fort_Canning_Sculpture_Trail-Singapore.html","2"
"666","Youth Olympic Park","/Attraction_Review-g294265-d15848493-Reviews-Youth_Olympic_Park-Singapore.html","3"
"667","Amazing Castle","/Attraction_Review-g294265-d17529421-Reviews-Amazing_Castle-Singapore.html","1"
"668","Tourist and Transit Hub","/Attraction_Review-g294265-d10304856-Reviews-Tourist_and_Transit_Hub-Singapore.html","2"
"669","Objectifs - Centre for Photography & Film","/Attraction_Review-g294265-d17519621-Reviews-Objectifs_Centre_for_Photography_Film-Singapore.html","1"
"670","Water Lily Garden","/Attraction_Review-g294265-d15743598-Reviews-Water_Lily_Garden-Singapore.html","3"
"671","Miaja Gallery","/Attraction_Review-g294265-d9843735-Reviews-Miaja_Gallery-Singapore.html","1"
"672","Theatreworks","/Attraction_Review-g294265-d2341745-Reviews-Theatreworks-Singapore.html","1"
"673","ArtSpace Museum","/Attraction_Review-g294265-d4590859-Reviews-ArtSpace_Museum-Singapore.html","2"
"674","Yong Siew Toh Conservatory of Music","/Attraction_Review-g294265-d11815750-Reviews-Yong_Siew_Toh_Conservatory_of_Music-Singapore.html","1"
"675","Kim Yan Agroteck Farm","/Attraction_Review-g294265-d15188954-Reviews-Kim_Yan_Agroteck_Farm-Singapore.html","1"
"676","Tou Mu Kung Temple","/Attraction_Review-g294265-d13189861-Reviews-Tou_Mu_Kung_Temple-Singapore.html","2"
"677","Chillax Market","/Attraction_Review-g294265-d8535653-Reviews-Chillax_Market-Singapore.html","1"
"678","Playkeroo","/Attraction_Review-g294265-d12410372-Reviews-Playkeroo-Singapore.html","1"
"679","The Music Salon","/Attraction_Review-g294265-d10398894-Reviews-The_Music_Salon-Singapore.html","1"
"680","Anglers World Family Fun Park","/Attraction_Review-g294265-d591433-Reviews-Anglers_World_Family_Fun_Park-Singapore.html","2"
"681","The Theatre Practice","/Attraction_Review-g294265-d2341753-Reviews-The_Theatre_Practice-Singapore.html","2"
"682","Bukit Batok Memorial","/Attraction_Review-g294265-d14257971-Reviews-Bukit_Batok_Memorial-Singapore.html","1"
"683","Mural : Tiong Bahru Pasar","/Attraction_Review-g294265-d16701296-Reviews-Mural_Tiong_Bahru_Pasar-Singapore.html","1"
"684","The Arena","/Attraction_Review-g294265-d13437083-Reviews-The_Arena-Singapore.html","1"
"685","A Million Times at Changi","/Attraction_Review-g294265-d15604905-Reviews-A_Million_Times_at_Changi-Singapore.html","2"
"686","The Gallery of Gnani Arts","/Attraction_Review-g294265-d615268-Reviews-The_Gallery_of_Gnani_Arts-Singapore.html","2"
"687","Design Orchard","/Attraction_Review-g294265-d16819343-Reviews-Design_Orchard-Singapore.html","1"
"688","Smart Craft","/Attraction_Review-g294265-d7116497-Reviews-Smart_Craft-Singapore.html","1"
"689","Pop And Contemporary Fine Art","/Attraction_Review-g294265-d2039277-Reviews-Pop_And_Contemporary_Fine_Art-Singapore.html","1"
