REVIEWER_URL,REVIEWER_NAME,RAW_HOME_LOCATION,CLEANED_HOME_LOCATION,NUMBER_OF_CONTRIBUTIONS,HELPFUL_VOTES,REVIEWER_UPDATED_TIME
https://www.tripadvisor.com.sg/Profile/LiuYixiang,LiuYixiang,"
Singapore, Singapore",,1,,2020-01-30 04:12:51.040878
https://www.tripadvisor.com.sg/Profile/russellw907,russellw907,"
Canberra, Australia",,17,3,2020-01-30 04:12:51.411256
https://www.tripadvisor.com.sg/Profile/bunnyhopscotch,bunnyhopscotch,,,22,5,2020-01-30 04:12:51.740936
https://www.tripadvisor.com.sg/Profile/LizRNZ76,LizRNZ76,"
Christchurch, New Zealand",,57,17,2020-01-30 04:12:52.080848
https://www.tripadvisor.com.sg/Profile/Uday V,Uday V,"
Pune, India",,74,17,2020-01-30 04:12:52.448593
https://www.tripadvisor.com.sg/Profile/siddey2015,siddey2015,"
Bengaluru, India",,162,19,2020-01-30 04:12:52.856730
https://www.tripadvisor.com.sg/Profile/Cilla_Caitlin,Cilla_Caitlin,"
Kuching, Malaysia",,81,41,2020-01-30 04:12:53.255944
https://www.tripadvisor.com.sg/Profile/kjarns,kjarns,"
Trondheim, Norway",,26,10,2020-01-30 04:12:53.623380
https://www.tripadvisor.com.sg/Profile/BurleighSurfer,BurleighSurfer,"
Burleigh Heads, Australia",,203,78,2020-01-30 04:12:53.990153
https://www.tripadvisor.com.sg/Profile/JPDallas,JPDallas,"
Dallas, Texas",,607,393,2020-01-30 04:12:54.357227
https://www.tripadvisor.com.sg/Profile/AnaAmaralCardoso,AnaAmaralCardoso,,,13,4,2020-01-30 04:13:00.192091
https://www.tripadvisor.com.sg/Profile/123TEM,123TEM,"
Jakarta, Indonesia",,55,8,2020-01-30 04:13:00.551481
https://www.tripadvisor.com.sg/Profile/ExVotoFatum,ExVotoFatum,"
Hanoi, Vietnam",,204,78,2020-01-30 04:13:00.895011
https://www.tripadvisor.com.sg/Profile/waizyi,waizyi,"
Singapore, Singapore",,112,29,2020-01-30 04:13:01.273720
https://www.tripadvisor.com.sg/Profile/RahulMD,RahulMD,"
New Orleans, Louisiana",,902,360,2020-01-30 04:13:01.622787
https://www.tripadvisor.com.sg/Profile/richardgG1237GW,richardgG1237GW,"
Portland, Oregon",,767,173,2020-01-30 04:13:01.981249
https://www.tripadvisor.com.sg/Profile/piperodette,piperodette,"
Jakarta, Indonesia",,1,,2020-01-30 04:13:02.302896
https://www.tripadvisor.com.sg/Profile/ara_elle,ara_elle,"
Jakarta",,46,30,2020-01-30 04:13:02.676074
https://www.tripadvisor.com.sg/Profile/Sam L,Sam L,,,3,1,2020-01-30 04:13:03.025732
https://www.tripadvisor.com.sg/Profile/Sinag,Sinag,"
Kuala Lumpur, Malaysia",,444,181,2020-01-30 04:13:03.401235
https://www.tripadvisor.com.sg/Profile/Mazmannan,Mazmannan,"
Basingstoke, United Kingdom",,865,280,2020-01-30 04:13:09.202197
https://www.tripadvisor.com.sg/Profile/Bei W,Bei W,"
Singapore",,7,2,2020-01-30 04:13:09.542146
https://www.tripadvisor.com.sg/Profile/wsjd,wsjd,"
Singapore",,41,3,2020-01-30 04:13:09.902759
https://www.tripadvisor.com.sg/Profile/kathysim1,kathysim1,"
Singapore, Singapore",,16,,2020-01-30 04:13:10.191781
https://www.tripadvisor.com.sg/Profile/ginachow,ginachow,"
Singapore, Singapore",,165,127,2020-01-30 04:13:10.583048
https://www.tripadvisor.com.sg/Profile/snoop194,snoop194,"
Singapore, Singapore",,1,1,2020-01-30 04:13:10.959447
https://www.tripadvisor.com.sg/Profile/Martin P,Martin P,,,11,2,2020-01-30 04:13:11.343984
https://www.tripadvisor.com.sg/Profile/ron d,ron d,"
Paranaque, Philippines",,247,75,2020-01-30 04:13:11.718398
https://www.tripadvisor.com.sg/Profile/drk2004,drk2004,"
Toronto",,94,34,2020-01-30 04:13:12.068187
https://www.tripadvisor.com.sg/Profile/penni51,penni51,"
Gloucestershire, United Kingdom",,49,11,2020-01-30 04:13:12.407411
https://www.tripadvisor.com.sg/Profile/Mazmannan,Mazmannan,"
Basingstoke, United Kingdom",,865,280,2020-01-30 04:13:18.277454
https://www.tripadvisor.com.sg/Profile/Bei W,Bei W,"
Singapore",,7,2,2020-01-30 04:13:18.598332
https://www.tripadvisor.com.sg/Profile/wsjd,wsjd,"
Singapore",,41,3,2020-01-30 04:13:18.860564
https://www.tripadvisor.com.sg/Profile/kathysim1,kathysim1,"
Singapore, Singapore",,16,,2020-01-30 04:13:19.151526
https://www.tripadvisor.com.sg/Profile/ginachow,ginachow,"
Singapore, Singapore",,165,127,2020-01-30 04:13:19.479737
https://www.tripadvisor.com.sg/Profile/snoop194,snoop194,"
Singapore, Singapore",,1,1,2020-01-30 04:13:19.855446
https://www.tripadvisor.com.sg/Profile/Martin P,Martin P,,,11,2,2020-01-30 04:13:20.105282
https://www.tripadvisor.com.sg/Profile/ron d,ron d,"
Paranaque, Philippines",,247,75,2020-01-30 04:13:20.398139
https://www.tripadvisor.com.sg/Profile/drk2004,drk2004,"
Toronto",,94,34,2020-01-30 04:13:20.701772
https://www.tripadvisor.com.sg/Profile/penni51,penni51,"
Gloucestershire, United Kingdom",,49,11,2020-01-30 04:13:21.012654
https://www.tripadvisor.com.sg/Profile/aihua1331,aihua1331,"
Singapore, Singapore",,38,15,2020-01-30 04:14:22.763649
https://www.tripadvisor.com.sg/Profile/Khye69,Khye69,"
Singapore, Singapore",,3,2,2020-01-30 04:14:23.145127
https://www.tripadvisor.com.sg/Profile/TwistedScottishBasta,TwistedScottishBasta,"
Wellington, New Zealand",,16,5,2020-01-30 04:14:23.436597
https://www.tripadvisor.com.sg/Profile/Puneite_10,Puneite_10,"
Pune",,56,10,2020-01-30 04:14:23.779388
https://www.tripadvisor.com.sg/Profile/teoj262,teoj262,"
Singapore, Singapore",,43,5,2020-01-30 04:14:24.205566
https://www.tripadvisor.com.sg/Profile/SennehO,SennehO,"
Bend, Oregon",,8,5,2020-01-30 04:14:24.554173
https://www.tripadvisor.com.sg/Profile/Lilutz,Lilutz,"
Bucharest",,102,51,2020-01-30 04:14:24.925171
https://www.tripadvisor.com.sg/Profile/761leilad,761leilad,"
Jakarta, Indonesia",,15,7,2020-01-30 04:14:25.266676
https://www.tripadvisor.com.sg/Profile/MimiVoyage2012,MimiVoyage2012,"
Paris, France",,27,7,2020-01-30 04:14:25.570042
https://www.tripadvisor.com.sg/Profile/philipw436,philipw436,"
Quezon City, Philippines",,33,6,2020-01-30 04:14:25.936600
https://www.tripadvisor.com.sg/Profile/Seatroutfisher-1,Seatroutfisher-1,"
Hexham, United Kingdom",,436,178,2020-01-30 04:14:31.970736
https://www.tripadvisor.com.sg/Profile/esubijono,esubijono,"
Jakarta, Indonesia",,268,85,2020-01-30 04:14:32.377472
https://www.tripadvisor.com.sg/Profile/shelley010593,shelley010593,"
Brisbane, Australia",,196,56,2020-01-30 04:14:32.790400
https://www.tripadvisor.com.sg/Profile/Happier1now,Happier1now,"
Jordan Springs, Australia",,54,13,2020-01-30 04:14:33.182621
https://www.tripadvisor.com.sg/Profile/ryansG7493MG,ryansG7493MG,"
Singapore, Singapore",,39,29,2020-01-30 04:14:33.481580
https://www.tripadvisor.com.sg/Profile/Ananya S,Ananya S,,,1,3,2020-01-30 04:14:33.789740
https://www.tripadvisor.com.sg/Profile/FlippityFlop,FlippityFlop,"
Singapore",,71,23,2020-01-30 04:14:34.176337
https://www.tripadvisor.com.sg/Profile/eelino0,eelino0,"
Singapore, Singapore",,37,24,2020-01-30 04:14:34.517834
https://www.tripadvisor.com.sg/Profile/anubhavyadav,anubhavyadav,"
Singapore, Singapore",,13,8,2020-01-30 04:14:34.821692
https://www.tripadvisor.com.sg/Profile/Mindy C,Mindy C,"
Oxford, United Kingdom",,68,29,2020-01-30 04:14:35.192835
https://www.tripadvisor.com.sg/Profile/bookclan,bookclan,"
Singapore",,4,1,2020-01-30 04:14:41.122269
https://www.tripadvisor.com.sg/Profile/jasmineg252,jasmineg252,"
Singapore, Singapore",,127,24,2020-01-30 04:14:41.477036
https://www.tripadvisor.com.sg/Profile/mamabelz,mamabelz,"
laguna, philippines",,585,287,2020-01-30 04:14:41.876245
https://www.tripadvisor.com.sg/Profile/pikuan2016,pikuan2016,"
Jakarta, Indonesia",,52,19,2020-01-30 04:14:42.290669
https://www.tripadvisor.com.sg/Profile/bonnet2,bonnet2,"
Singapore, Singapore",,35,26,2020-01-30 04:14:42.596076
https://www.tripadvisor.com.sg/Profile/Hak18,Hak18,"
Singapore",,30,15,2020-01-30 04:14:42.927642
https://www.tripadvisor.com.sg/Profile/haroldgoh,haroldgoh,"
Singapore, Singapore",,47,32,2020-01-30 04:14:43.310970
https://www.tripadvisor.com.sg/Profile/Frank M,Frank M,"
London, United Kingdom",,27,16,2020-01-30 04:14:43.682816
https://www.tripadvisor.com.sg/Profile/JT858,JT858,"
Kawasaki, Japan",,34,18,2020-01-30 04:14:43.998297
https://www.tripadvisor.com.sg/Profile/Eileen H,Eileen H,,,5,2,2020-01-30 04:14:44.357954
https://www.tripadvisor.com.sg/Profile/SingaporeBms,SingaporeBms,"
Singapore, Singapore",,263,64,2020-01-30 04:14:50.220867
https://www.tripadvisor.com.sg/Profile/joya63,joya63,"
Philippines",,128,46,2020-01-30 04:14:50.585904
https://www.tripadvisor.com.sg/Profile/sweet_mermaid,sweet_mermaid,"
Asia",,123,91,2020-01-30 04:14:50.935495
https://www.tripadvisor.com.sg/Profile/balipaul55,balipaul55,"
Bali, Indonesia",,176,39,2020-01-30 04:14:51.284881
https://www.tripadvisor.com.sg/Profile/HNK_Indo,HNK_Indo,"
Jakarta, Indonesia",,18,5,2020-01-30 04:14:51.599242
https://www.tripadvisor.com.sg/Profile/cath_Spore,cath_Spore,"
Singapore, Singapore",,71,25,2020-01-30 04:14:51.985327
https://www.tripadvisor.com.sg/Profile/Patrick L,Patrick L,"
Kaneohe, Hawaii",,86,21,2020-01-30 04:14:52.331731
https://www.tripadvisor.com.sg/Profile/Max B,Max B,,,69,19,2020-01-30 04:14:52.667062
https://www.tripadvisor.com.sg/Profile/RaymondYong,RaymondYong,,,19,12,2020-01-30 04:14:53.047954
https://www.tripadvisor.com.sg/Profile/LeaveOnlyBubbles,LeaveOnlyBubbles,"
Singapore",,96,31,2020-01-30 04:14:53.396923
https://www.tripadvisor.com.sg/Profile/carolina_lukito,carolina_lukito,"
Jakarta, Indonesia",,123,23,2020-01-30 04:14:59.262744
https://www.tripadvisor.com.sg/Profile/Groundnuts,Groundnuts,"
Singapore, Singapore",,134,38,2020-01-30 04:14:59.610474
https://www.tripadvisor.com.sg/Profile/MaySpecial,MaySpecial,"
Colorado",,396,207,2020-01-30 04:15:00.046371
https://www.tripadvisor.com.sg/Profile/KGB777,KGB777,"
Singapore, Singapore",,6206,2379,2020-01-30 04:15:00.390857
https://www.tripadvisor.com.sg/Profile/Eushu,Eushu,"
Singapore, Singapore",,15,15,2020-01-30 04:15:00.722225
https://www.tripadvisor.com.sg/Profile/happymrskoh,happymrskoh,"
Singapore, Singapore",,131,42,2020-01-30 04:15:01.063066
https://www.tripadvisor.com.sg/Profile/ShonWata,ShonWata,"
Singapore, Singapore",,153,128,2020-01-30 04:15:01.449879
https://www.tripadvisor.com.sg/Profile/bensont739,bensont739,"
Phuket, Thailand",,110,26,2020-01-30 04:15:01.841701
https://www.tripadvisor.com.sg/Profile/Ioli2014,Ioli2014,"
Singapore, Singapore",,19,14,2020-01-30 04:15:02.184940
https://www.tripadvisor.com.sg/Profile/Neith293,Neith293,"
Singapore, Singapore",,28,8,2020-01-30 04:15:02.508247
https://www.tripadvisor.com.sg/Profile/AnitaSingapore,AnitaSingapore,"
Singapore, Singapore",,44,8,2020-01-30 04:15:08.466201
https://www.tripadvisor.com.sg/Profile/Twee_Seng_HO,Twee_Seng_HO,,,16,5,2020-01-30 04:15:08.802516
https://www.tripadvisor.com.sg/Profile/lielyaES,lielyaES,"
Palembang, Indonesia",,121,17,2020-01-30 04:15:09.139853
https://www.tripadvisor.com.sg/Profile/XuanZZZ,XuanZZZ,,,6,5,2020-01-30 04:15:09.458461
https://www.tripadvisor.com.sg/Profile/maryyeo,maryyeo,"
Ho Chi Minh City, Vietnam",,398,401,2020-01-30 04:15:09.852523
https://www.tripadvisor.com.sg/Profile/NorH512,NorH512,"
Greater Sydney, Australia",,3,1,2020-01-30 04:15:10.171340
https://www.tripadvisor.com.sg/Profile/Trivinator,Trivinator,"
Melbourne, Australia",,18,6,2020-01-30 04:15:10.479280
https://www.tripadvisor.com.sg/Profile/Flybug_2012,Flybug_2012,"
Singapore, Singapore",,116,20,2020-01-30 04:15:10.870089
https://www.tripadvisor.com.sg/Profile/aaleks,aaleks,"
Oslo, Norway",,14,6,2020-01-30 04:15:11.247243
https://www.tripadvisor.com.sg/Profile/henghown,henghown,"
Singapore, Singapore",,511,2811,2020-01-30 04:15:11.622943
https://www.tripadvisor.com.sg/Profile/Cynthia L,Cynthia L,"
Canberra, Australia",,207,59,2020-01-30 04:15:17.430859
https://www.tripadvisor.com.sg/Profile/rod d,rod d,"
Wellington, New Zealand",,67,22,2020-01-30 04:15:17.739450
https://www.tripadvisor.com.sg/Profile/RenatheTraveller,RenatheTraveller,"
Hobart, Australia",,73,15,2020-01-30 04:15:18.132602
https://www.tripadvisor.com.sg/Profile/David C,David C,"
Huddersfield, United Kingdom",,95,27,2020-01-30 04:15:18.508726
https://www.tripadvisor.com.sg/Profile/LiveWell2010sk,LiveWell2010sk,"
Singapore, Singapore",,91,25,2020-01-30 04:15:18.831056
https://www.tripadvisor.com.sg/Profile/AliceAlice194,AliceAlice194,"
Perth, Australia",,23,42,2020-01-30 04:15:19.196217
https://www.tripadvisor.com.sg/Profile/wilfreds2015,wilfreds2015,"
Singapore",,59,31,2020-01-30 04:15:19.545145
https://www.tripadvisor.com.sg/Profile/FerrisXL,FerrisXL,"
Amsterdam, The Netherlands",,308,143,2020-01-30 04:15:19.914994
https://www.tripadvisor.com.sg/Profile/Paul C,Paul C,"
Melbourne, Australia",,157,54,2020-01-30 04:15:20.250956
https://www.tripadvisor.com.sg/Profile/flowerpower_9,flowerpower_9,"
wokingham",,146,36,2020-01-30 04:15:20.610221
https://www.tripadvisor.com.sg/Profile/cww5,cww5,"
Singapore, Singapore",,31,41,2020-01-30 04:15:26.562618
https://www.tripadvisor.com.sg/Profile/Pilkrogen,Pilkrogen,"
Stockholm, Sweden",,82,46,2020-01-30 04:15:26.899429
https://www.tripadvisor.com.sg/Profile/samanthajmck,samanthajmck,"
Sydney, Australia",,54,40,2020-01-30 04:15:27.263898
https://www.tripadvisor.com.sg/Profile/joannel65,joannel65,"
Gold Coast, Australia",,81,15,2020-01-30 04:15:27.608617
https://www.tripadvisor.com.sg/Profile/frances292015,frances292015,"
Singapore, Singapore",,47,17,2020-01-30 04:15:28.009906
https://www.tripadvisor.com.sg/Profile/WarrenH750,WarrenH750,,,396,98,2020-01-30 04:15:28.346554
https://www.tripadvisor.com.sg/Profile/Vvroadtrip,Vvroadtrip,"
Perth, Australia",,8,3,2020-01-30 04:15:28.709931
https://www.tripadvisor.com.sg/Profile/Brent N,Brent N,"
Atlanta, Georgia",,89,36,2020-01-30 04:15:29.062951
https://www.tripadvisor.com.sg/Profile/mcleeSingapore,mcleeSingapore,"
Singapore, Singapore",,108,40,2020-01-30 04:15:29.510860
https://www.tripadvisor.com.sg/Profile/MrGoh,MrGoh,"
Singapore, Singapore",,613,258,2020-01-30 04:15:29.824331
https://www.tripadvisor.com.sg/Profile/Xraydiant,Xraydiant,"
Sale, United Kingdom",,368,139,2020-01-30 04:15:35.616125
https://www.tripadvisor.com.sg/Profile/francis654,francis654,"
Singapore, Singapore",,64,20,2020-01-30 04:15:35.997566
https://www.tripadvisor.com.sg/Profile/HelenT68,HelenT68,"
Sydney, Australia",,17,10,2020-01-30 04:15:36.332242
https://www.tripadvisor.com.sg/Profile/Elena W,Elena W,"
Houston, Texas",,14,20,2020-01-30 04:15:36.713535
https://www.tripadvisor.com.sg/Profile/werawat77,werawat77,"
Bangkok, Thailand",,21,2,2020-01-30 04:15:37.072285
https://www.tripadvisor.com.sg/Profile/EaglevisionLowe,EaglevisionLowe,"
Singapore, Singapore",,224,21,2020-01-30 04:15:37.402628
https://www.tripadvisor.com.sg/Profile/Marjie781,Marjie781,"
Blue Mtns NSW",,160,49,2020-01-30 04:15:37.760163
https://www.tripadvisor.com.sg/Profile/PrisnaP1,PrisnaP1,"
Bangkok, Thailand",,66,14,2020-01-30 04:15:38.122203
https://www.tripadvisor.com.sg/Profile/IanT-FoodMonster,IanT-FoodMonster,"
Norwich, United Kingdom",,106,89,2020-01-30 04:15:38.514671
https://www.tripadvisor.com.sg/Profile/edwardtang,edwardtang,"
Singapore, Singapore",,114,30,2020-01-30 04:15:38.884256
https://www.tripadvisor.com.sg/Profile/Vikrant0308,Vikrant0308,"
Amritsar, India",,38,10,2020-01-30 04:15:44.710281
https://www.tripadvisor.com.sg/Profile/Anne O,Anne O,"
Adelaide, Australia",,238,74,2020-01-30 04:15:45.092962
https://www.tripadvisor.com.sg/Profile/Remi_Sg,Remi_Sg,"
Hong Kong, China",,42,37,2020-01-30 04:15:45.473176
https://www.tripadvisor.com.sg/Profile/goeast66,goeast66,"
Singapore, Singapore",,111,55,2020-01-30 04:15:45.831927
https://www.tripadvisor.com.sg/Profile/JeffreyWai,JeffreyWai,"
Singapore, Singapore",,57,25,2020-01-30 04:15:46.227862
https://www.tripadvisor.com.sg/Profile/Vandana28,Vandana28,"
Singapore, Singapore",,61,37,2020-01-30 04:15:46.582868
https://www.tripadvisor.com.sg/Profile/1stPaladin,1stPaladin,"
Singapore, Singapore",,59,38,2020-01-30 04:15:46.940454
https://www.tripadvisor.com.sg/Profile/abc_at_Huntsville,abc_at_Huntsville,"
Huntsville, Alabama",,86,70,2020-01-30 04:15:47.345661
https://www.tripadvisor.com.sg/Profile/GethenWellington,GethenWellington,,,23,7,2020-01-30 04:15:47.651903
https://www.tripadvisor.com.sg/Profile/SymbioteSidd,SymbioteSidd,"
Singapore, Singapore",,92,21,2020-01-30 04:15:48.040056
https://www.tripadvisor.com.sg/Profile/keltzar,keltzar,"
singapore",,345,139,2020-01-30 04:15:53.970470
https://www.tripadvisor.com.sg/Profile/Pipsarg,Pipsarg,"
Singapore, Singapore",,69,16,2020-01-30 04:15:54.339600
https://www.tripadvisor.com.sg/Profile/TravellingFalco,TravellingFalco,,,54,24,2020-01-30 04:15:54.737853
https://www.tripadvisor.com.sg/Profile/laksa23,laksa23,"
Essex, Connecticut",,15,6,2020-01-30 04:15:55.120825
https://www.tripadvisor.com.sg/Profile/MummyRei,MummyRei,"
Singapore, Singapore",,63,16,2020-01-30 04:15:55.574389
https://www.tripadvisor.com.sg/Profile/M T,M T,"
Ozzano dell'Emilia, Italy",,4,2,2020-01-30 04:15:55.911174
https://www.tripadvisor.com.sg/Profile/Zose T,Zose T,,,3,2,2020-01-30 04:15:56.233058
https://www.tripadvisor.com.sg/Profile/dokness,dokness,"
Birmingham, AL",,211,86,2020-01-30 04:15:56.630672
https://www.tripadvisor.com.sg/Profile/dewdrop1303,dewdrop1303,"
Singapore, Singapore",,29,14,2020-01-30 04:15:57.073942
https://www.tripadvisor.com.sg/Profile/I_S_B_L_o,I_S_B_L_o,"
Singapore, Singapore",,332,70,2020-01-30 04:15:57.467334
https://www.tripadvisor.com.sg/Profile/Ing v,Ing v,"
Kuala Lumpur, Malaysia",,48,11,2020-01-30 04:16:03.363402
https://www.tripadvisor.com.sg/Profile/Carlos-Mari,Carlos-Mari,"
Singapore, Singapore",,139,88,2020-01-30 04:16:03.765832
https://www.tripadvisor.com.sg/Profile/Suki666,Suki666,"
Singapore, Singapore",,36,15,2020-01-30 04:16:04.164092
https://www.tripadvisor.com.sg/Profile/BarryKeane301,BarryKeane301,"
Melbourne, Australia",,32,9,2020-01-30 04:16:04.533465
https://www.tripadvisor.com.sg/Profile/Mag T,Mag T,"
Singapore",,190,96,2020-01-30 04:16:04.922402
https://www.tripadvisor.com.sg/Profile/stevefitzfood,stevefitzfood,"
Sydney, Australia",,24,17,2020-01-30 04:16:05.355945
https://www.tripadvisor.com.sg/Profile/leeray2016,leeray2016,"
Singapore, Singapore",,170,57,2020-01-30 04:16:05.688289
https://www.tripadvisor.com.sg/Profile/keehengk,keehengk,,,18,4,2020-01-30 04:16:06.045052
https://www.tripadvisor.com.sg/Profile/govenkatc,govenkatc,"
Singapore, Singapore",,194,75,2020-01-30 04:16:06.432344
https://www.tripadvisor.com.sg/Profile/Sgbiztraveller,Sgbiztraveller,"
Singapore, Singapore",,61,29,2020-01-30 04:16:06.805735
https://www.tripadvisor.com.sg/Profile/Eileen C,Eileen C,"
Singapore, Singapore",,34,17,2020-01-30 04:16:12.724907
https://www.tripadvisor.com.sg/Profile/J T,J T,"
Manila, Philippines",,176,396,2020-01-30 04:16:13.088510
https://www.tripadvisor.com.sg/Profile/puspanathan,puspanathan,"
Penang Island, Malaysia",,184,185,2020-01-30 04:16:13.469831
https://www.tripadvisor.com.sg/Profile/Edward_LSL,Edward_LSL,"
Singapore, Singapore",,122,27,2020-01-30 04:16:13.786647
https://www.tripadvisor.com.sg/Profile/exhorizons,exhorizons,"
Singapore, Singapore",,32,7,2020-01-30 04:16:14.193227
https://www.tripadvisor.com.sg/Profile/Anny R,Anny R,"
Singapore, Singapore",,60,23,2020-01-30 04:16:14.566778
https://www.tripadvisor.com.sg/Profile/77Jry,77Jry,"
Singapore, Singapore",,104,33,2020-01-30 04:16:14.921648
https://www.tripadvisor.com.sg/Profile/genevieve26,genevieve26,"
Singapore, Singapore",,38,9,2020-01-30 04:16:15.264067
https://www.tripadvisor.com.sg/Profile/PHLim_SG,PHLim_SG,"
Singapore, Singapore",,60,23,2020-01-30 04:16:15.646999
https://www.tripadvisor.com.sg/Profile/Rtjmclean,Rtjmclean,"
Singapore, Singapore",,71,25,2020-01-30 04:16:16.018834
https://www.tripadvisor.com.sg/Profile/mfragozo,mfragozo,"
Singapore",,144,46,2020-01-30 04:16:21.887259
https://www.tripadvisor.com.sg/Profile/MichelleWonderland,MichelleWonderland,"
Singapore, Singapore",,101,75,2020-01-30 04:16:22.257511
https://www.tripadvisor.com.sg/Profile/7erence7am,7erence7am,"
Singapore, Singapore",,145,28,2020-01-30 04:16:22.583995
https://www.tripadvisor.com.sg/Profile/AndrewYew,AndrewYew,"
Singapore, Singapore",,518,267,2020-01-30 04:16:48.973678
https://www.tripadvisor.com.sg/Profile/geraldchan,geraldchan,"
Singapore, Singapore",,879,2298,2020-01-30 04:16:49.285900
https://www.tripadvisor.com.sg/Profile/Daydream631054,Daydream631054,,,2,,2020-01-30 04:16:49.643759
https://www.tripadvisor.com.sg/Profile/Alastair F,Alastair F,"
Dundee, United Kingdom",,10,3,2020-01-30 04:16:50.012992
https://www.tripadvisor.com.sg/Profile/971cathyh,971cathyh,"
Woodham Ferrers, United Kingdom",,163,86,2020-01-30 04:16:50.390663
https://www.tripadvisor.com.sg/Profile/smartcottage,smartcottage,"
Aylesbury, United Kingdom",,38,7,2020-01-30 04:16:50.723662
https://www.tripadvisor.com.sg/Profile/RobinMartinez555,RobinMartinez555,"
New Orleans, Louisiana",,3,1,2020-01-30 04:16:51.111194
https://www.tripadvisor.com.sg/Profile/LisaHayes8,LisaHayes8,"
Las Vegas, Nevada",,3,1,2020-01-30 04:16:51.407986
https://www.tripadvisor.com.sg/Profile/zenmasterfarfaraway,zenmasterfarfaraway,"
France",,85,26,2020-01-30 04:16:51.746533
https://www.tripadvisor.com.sg/Profile/JoyFlight101,JoyFlight101,"
Sydney, Australia",,57,39,2020-01-30 04:16:52.058339
https://www.tripadvisor.com.sg/Profile/AnnieC3398,AnnieC3398,"
Singapore",,16,1,2020-01-30 04:16:57.979664
https://www.tripadvisor.com.sg/Profile/Le0nneJ,Le0nneJ,"
Coolangatta, New South Wales, Australia",,42,14,2020-01-30 04:16:58.328133
https://www.tripadvisor.com.sg/Profile/garyb0825,garyb0825,"
New York City, New York",,3,1,2020-01-30 04:16:58.696128
https://www.tripadvisor.com.sg/Profile/Boey0609,Boey0609,"
Foshan, China",,1,,2020-01-30 04:16:59.065220
https://www.tripadvisor.com.sg/Profile/Mariaeugeniakunco,Mariaeugeniakunco,"
Guatemala Department, Guatemala",,100,16,2020-01-30 04:16:59.423382
https://www.tripadvisor.com.sg/Profile/Graham B,Graham B,"
Raunds, United Kingdom",,549,105,2020-01-30 04:16:59.734335
https://www.tripadvisor.com.sg/Profile/Rebecca B,Rebecca B,,,40,14,2020-01-30 04:17:00.112655
https://www.tripadvisor.com.sg/Profile/Michael Z,Michael Z,"
New York City, New York",,277,226,2020-01-30 04:17:00.469445
https://www.tripadvisor.com.sg/Profile/Jill D,Jill D,"
London, United Kingdom",,70,40,2020-01-30 04:17:00.810165
https://www.tripadvisor.com.sg/Profile/raffles123,raffles123,"
Gympie, Australia",,750,302,2020-01-30 04:17:01.142088
https://www.tripadvisor.com.sg/Profile/Jim B,Jim B,"
PETALUMA",,51,15,2020-01-30 04:17:07.076286
https://www.tripadvisor.com.sg/Profile/benjaming906,benjaming906,,,52,168,2020-01-30 04:17:07.409450
https://www.tripadvisor.com.sg/Profile/651darrinr,651darrinr,"
Newcastle, Australia",,690,781,2020-01-30 04:17:07.729820
https://www.tripadvisor.com.sg/Profile/Middledene,Middledene,"
Castle Combe, United Kingdom",,353,140,2020-01-30 04:17:08.092318
https://www.tripadvisor.com.sg/Profile/DaTripper2014,DaTripper2014,"
Saskatoon, Canada",,47,31,2020-01-30 04:17:08.462045
https://www.tripadvisor.com.sg/Profile/HertsTimelord,HertsTimelord,"
Radlett, United Kingdom",,373,136,2020-01-30 04:17:08.780889
https://www.tripadvisor.com.sg/Profile/RBFerguson,RBFerguson,,,5,1,2020-01-30 04:17:09.150677
https://www.tripadvisor.com.sg/Profile/Julia B,Julia B,"
Penzance, United Kingdom",,21,6,2020-01-30 04:17:09.469739
https://www.tripadvisor.com.sg/Profile/25hourstoDestin,25hourstoDestin,"
Ottawa, Canada",,41,18,2020-01-30 04:17:09.815738
https://www.tripadvisor.com.sg/Profile/Richard G,Richard G,"
cheltenham",,306,103,2020-01-30 04:17:10.172093
https://www.tripadvisor.com.sg/Profile/Stephanie S,Stephanie S,,,143,13,2020-01-30 04:17:15.902514
https://www.tripadvisor.com.sg/Profile/Mark D,Mark D,"
Penang Island, Malaysia",,1322,1235,2020-01-30 04:17:16.195351
https://www.tripadvisor.com.sg/Profile/SergeB632,SergeB632,"
Boca Raton, Florida",,50,27,2020-01-30 04:17:16.519810
https://www.tripadvisor.com.sg/Profile/happy9710,happy9710,"
Ariege, France",,276,392,2020-01-30 04:17:16.894724
https://www.tripadvisor.com.sg/Profile/feedthesealion,feedthesealion,"
Hong Kong, China",,50,34,2020-01-30 04:17:17.244000
https://www.tripadvisor.com.sg/Profile/AdelaideArchitect,AdelaideArchitect,"
Adelaide, Australia",,193,74,2020-01-30 04:17:17.570469
https://www.tripadvisor.com.sg/Profile/JesJul,JesJul,,,6,1,2020-01-30 04:17:17.896708
https://www.tripadvisor.com.sg/Profile/bcheong,bcheong,"
Bangkok, Thailand",,4210,1466,2020-01-30 04:17:18.238490
https://www.tripadvisor.com.sg/Profile/GillyT,GillyT,"
Harlow, United Kingdom",,377,161,2020-01-30 04:17:18.567618
https://www.tripadvisor.com.sg/Profile/Catherinegagnon,Catherinegagnon,"
Phu Quoc Island, Vietnam",,84,41,2020-01-30 04:17:18.955782
https://www.tripadvisor.com.sg/Profile/holiday-view23-7-11,holiday-view23-7-11,"
Basingstoke, United Kingdom",,690,216,2020-01-30 04:17:24.738147
https://www.tripadvisor.com.sg/Profile/A3303XQpaulh,A3303XQpaulh,"
Huddersfield, United Kingdom",,1738,798,2020-01-30 04:17:25.050156
https://www.tripadvisor.com.sg/Profile/timetraveller64,timetraveller64,"
London, United Kingdom",,328,136,2020-01-30 04:17:25.376886
https://www.tripadvisor.com.sg/Profile/El-shmucko,El-shmucko,,,4,2,2020-01-30 04:17:25.781899
https://www.tripadvisor.com.sg/Profile/Jane3235,Jane3235,"
Jurong East, Singapore",,7,2,2020-01-30 04:17:26.141082
https://www.tripadvisor.com.sg/Profile/BrissieJim,BrissieJim,"
Brisbane, Australia",,136,38,2020-01-30 04:17:26.455481
https://www.tripadvisor.com.sg/Profile/crullerpastry,crullerpastry,"
Glasgow, United Kingdom",,11,5,2020-01-30 04:17:26.832927
https://www.tripadvisor.com.sg/Profile/Greg C,Greg C,"
Canberra, Australia",,158,45,2020-01-30 04:17:27.193363
https://www.tripadvisor.com.sg/Profile/pragasam,pragasam,"
Brisbane, Australia",,231,125,2020-01-30 04:17:27.594621
https://www.tripadvisor.com.sg/Profile/Avianflipper,Avianflipper,"
Sittingbourne, United Kingdom",,20,7,2020-01-30 04:17:27.909673
https://www.tripadvisor.com.sg/Profile/Devonfish,Devonfish,"
England, United Kingdom",,178,41,2020-01-30 04:17:33.768628
https://www.tripadvisor.com.sg/Profile/lync19,lync19,"
Launceston, Australia",,55,17,2020-01-30 04:17:34.145588
https://www.tripadvisor.com.sg/Profile/895cheshire21,895cheshire21,"
Manchester, United Kingdom",,69,35,2020-01-30 04:17:34.471551
https://www.tripadvisor.com.sg/Profile/stuartp188,stuartp188,"
Brisbane, Australia",,30,7,2020-01-30 04:17:34.808389
https://www.tripadvisor.com.sg/Profile/500renaudm,500renaudm,"
Bangkok, Thailand",,140,35,2020-01-30 04:17:35.195939
https://www.tripadvisor.com.sg/Profile/Piglet47,Piglet47,"
Abingdon, United Kingdom",,246,86,2020-01-30 04:17:35.536704
https://www.tripadvisor.com.sg/Profile/audreyrr2015,audreyrr2015,"
Sydney, Australia",,121,63,2020-01-30 04:17:35.938621
https://www.tripadvisor.com.sg/Profile/Navtej G,Navtej G,"
Southampton, United Kingdom",,318,53,2020-01-30 04:17:36.271403
https://www.tripadvisor.com.sg/Profile/Helengray17,Helengray17,"
Johor Bahru, Malaysia",,49,17,2020-01-30 04:17:36.622216
https://www.tripadvisor.com.sg/Profile/Jan215,Jan215,"
Erina, Australia",,32,21,2020-01-30 04:17:37.000027
https://www.tripadvisor.com.sg/Profile/Acivipam,Acivipam,"
Madrid, Spain",,156,68,2020-01-30 04:17:42.914184
https://www.tripadvisor.com.sg/Profile/Mike N,Mike N,"
Auckland",,112,31,2020-01-30 04:17:43.250473
https://www.tripadvisor.com.sg/Profile/chauminhp,chauminhp,"
Waterloo, Canada",,134,74,2020-01-30 04:17:43.614349
https://www.tripadvisor.com.sg/Profile/worldtraveller610,worldtraveller610,"
Sydney, Australia",,11,2,2020-01-30 04:17:43.928164
https://www.tripadvisor.com.sg/Profile/Danapu,Danapu,,,97,42,2020-01-30 04:17:44.288318
https://www.tripadvisor.com.sg/Profile/Nemesisvv,Nemesisvv,"
Singapore, Singapore",,221,63,2020-01-30 04:17:44.675181
https://www.tripadvisor.com.sg/Profile/Kate_Aubrey,Kate_Aubrey,"
Las Pinas, Philippines",,55,19,2020-01-30 04:17:44.999752
https://www.tripadvisor.com.sg/Profile/AndCo77,AndCo77,"
Melbourne, Australia",,99,84,2020-01-30 04:17:45.309118
https://www.tripadvisor.com.sg/Profile/Eira B,Eira B,"
Sydney, Australia",,61,28,2020-01-30 04:17:45.661828
https://www.tripadvisor.com.sg/Profile/pac1952,pac1952,"
Dunsborough, Australia",,299,134,2020-01-30 04:17:46.046621
https://www.tripadvisor.com.sg/Profile/BSmith25,BSmith25,"
Leeds, United Kingdom",,75,21,2020-01-30 04:17:51.898987
https://www.tripadvisor.com.sg/Profile/glennysr,glennysr,"
Stawell, Australia",,54,21,2020-01-30 04:17:52.217020
https://www.tripadvisor.com.sg/Profile/gkw09,gkw09,"
Cambridge, United Kingdom",,1637,1217,2020-01-30 04:17:52.617559
https://www.tripadvisor.com.sg/Profile/darwinmoore,darwinmoore,"
Spring, Texas",,811,338,2020-01-30 04:17:52.964606
https://www.tripadvisor.com.sg/Profile/kerilui,kerilui,"
Hong Kong, China",,178,26,2020-01-30 04:17:53.330749
https://www.tripadvisor.com.sg/Profile/JasonYap180963,JasonYap180963,"
Singapore, Singapore",,27,4,2020-01-30 04:17:53.721641
https://www.tripadvisor.com.sg/Profile/X4853PRmichaelg,X4853PRmichaelg,"
Zurich, Switzerland",,34,10,2020-01-30 04:17:54.014787
https://www.tripadvisor.com.sg/Profile/B705EGjohnw,B705EGjohnw,"
Cupar",,113,24,2020-01-30 04:17:54.372052
https://www.tripadvisor.com.sg/Profile/626clairej,626clairej,"
Muscat Governorate, Oman",,97,53,2020-01-30 04:17:54.748021
https://www.tripadvisor.com.sg/Profile/hm682016,hm682016,"
Adelaide, Australia",,16,3,2020-01-30 04:17:55.089129
https://www.tripadvisor.com.sg/Profile/tinkle_24,tinkle_24,"
Northampton, United Kingdom",,1071,191,2020-01-30 04:18:00.851872
https://www.tripadvisor.com.sg/Profile/Finona68,Finona68,"
Wellington, New Zealand",,223,76,2020-01-30 04:18:01.204073
https://www.tripadvisor.com.sg/Profile/josephg493,josephg493,"
Hong Kong, China",,326,212,2020-01-30 04:18:01.543374
https://www.tripadvisor.com.sg/Profile/NLDS72,NLDS72,"
Qatar",,302,136,2020-01-30 04:18:01.880874
https://www.tripadvisor.com.sg/Profile/MLME1994,MLME1994,,,23,5,2020-01-30 04:18:02.207573
https://www.tripadvisor.com.sg/Profile/Bruce C,Bruce C,"
Sharon, Connecticut",,384,136,2020-01-30 04:18:02.541959
https://www.tripadvisor.com.sg/Profile/PipT22,PipT22,"
Perth, Australia",,139,57,2020-01-30 04:18:02.894810
https://www.tripadvisor.com.sg/Profile/biochemist_dave,biochemist_dave,"
Seaford, United Kingdom",,87,43,2020-01-30 04:18:03.250419
https://www.tripadvisor.com.sg/Profile/John R,John R,"
Dublin, Ireland",,464,191,2020-01-30 04:18:03.611079
https://www.tripadvisor.com.sg/Profile/George L,George L,"
Preston, United Kingdom",,610,178,2020-01-30 04:18:03.957600
https://www.tripadvisor.com.sg/Profile/IndefiniteGuest,IndefiniteGuest,"
Singapore, Singapore",,110,31,2020-01-30 04:18:09.777405
https://www.tripadvisor.com.sg/Profile/GoldenOldie1954,GoldenOldie1954,"
Staines, United Kingdom",,30,8,2020-01-30 04:18:10.093666
https://www.tripadvisor.com.sg/Profile/736Holly,736Holly,"
Strathaven, United Kingdom",,36,20,2020-01-30 04:18:10.477448
https://www.tripadvisor.com.sg/Profile/Helen H,Helen H,"
Adelaide Hills, Australia",,28,9,2020-01-30 04:18:10.807193
https://www.tripadvisor.com.sg/Profile/thewerni,thewerni,"
Cranford, New Jersey",,2,1,2020-01-30 04:18:11.154492
https://www.tripadvisor.com.sg/Profile/Karinakc,Karinakc,"
Parkdale, Australia",,85,14,2020-01-30 04:18:11.552532
https://www.tripadvisor.com.sg/Profile/scooperwoman,scooperwoman,"
Wokingham, United Kingdom",,50,10,2020-01-30 04:18:11.899720
https://www.tripadvisor.com.sg/Profile/GlobalGypsy_13,GlobalGypsy_13,"
San Diego, California",,951,241,2020-01-30 04:18:12.242823
https://www.tripadvisor.com.sg/Profile/Bryan H,Bryan H,"
Portland, Oregon",,1645,503,2020-01-30 04:18:12.569121
https://www.tripadvisor.com.sg/Profile/FindinVietnam,FindinVietnam,"
Hanoi, Vietnam",,71,21,2020-01-30 04:18:12.894885
https://www.tripadvisor.com.sg/Profile/alex2013998,alex2013998,"
Munich, Germany",,256,91,2020-01-30 04:18:18.802297
https://www.tripadvisor.com.sg/Profile/andrewjameswarren,andrewjameswarren,"
Cambridge, United Kingdom",,435,145,2020-01-30 04:18:19.163018
https://www.tripadvisor.com.sg/Profile/charlottemimi,charlottemimi,,,80,41,2020-01-30 04:18:19.525339
https://www.tripadvisor.com.sg/Profile/Judy54Grays,Judy54Grays,"
Grays",,12,8,2020-01-30 04:18:19.845507
https://www.tripadvisor.com.sg/Profile/Nigel W,Nigel W,"
Nakskov, Denmark",,409,259,2020-01-30 04:18:20.212793
https://www.tripadvisor.com.sg/Profile/Brian M,Brian M,"
Oxford, United Kingdom",,490,129,2020-01-30 04:18:20.577965
https://www.tripadvisor.com.sg/Profile/ahdrahm,ahdrahm,"
Singapore, Singapore",,33,8,2020-01-30 04:18:20.919086
https://www.tripadvisor.com.sg/Profile/GJJ_GAN,GJJ_GAN,,,20,4,2020-01-30 04:18:21.329900
https://www.tripadvisor.com.sg/Profile/PsychSanAntonio,PsychSanAntonio,"
San Antonio",,222,110,2020-01-30 04:18:21.694099
https://www.tripadvisor.com.sg/Profile/dineindulge,dineindulge,"
Sydney, Australia",,70,46,2020-01-30 04:18:22.007206
https://www.tripadvisor.com.sg/Profile/Donsafe,Donsafe,"
Canterbury, United Kingdom",,956,420,2020-01-30 04:18:27.860431
https://www.tripadvisor.com.sg/Profile/huntforgoodtimes,huntforgoodtimes,,,119,40,2020-01-30 04:18:28.185158
https://www.tripadvisor.com.sg/Profile/David A,David A,"
Carmel by the sea",,149,49,2020-01-30 04:18:28.555186
https://www.tripadvisor.com.sg/Profile/DScotty,DScotty,"
Singapore, Singapore",,102,59,2020-01-30 04:18:28.932855
https://www.tripadvisor.com.sg/Profile/watchalees,watchalees,"
Bangkok, Thailand",,59,15,2020-01-30 04:18:29.326613
https://www.tripadvisor.com.sg/Profile/Ann W,Ann W,"
Perth, Australia",,23,10,2020-01-30 04:18:29.701861
https://www.tripadvisor.com.sg/Profile/chris g,chris g,"
Adelaide, Australia",,95,56,2020-01-30 04:18:30.058091
https://www.tripadvisor.com.sg/Profile/AkM980,AkM980,"
Bristol, United Kingdom",,56,21,2020-01-30 04:18:30.391930
https://www.tripadvisor.com.sg/Profile/udenag,udenag,"
Colombo, Sri Lanka",,8,2,2020-01-30 04:18:30.739182
https://www.tripadvisor.com.sg/Profile/gsrs,gsrs,"
usa",,582,269,2020-01-30 04:18:31.104832
https://www.tripadvisor.com.sg/Profile/Sue O,Sue O,"
Sydney, Australia",,10,,2020-01-30 04:18:37.032355
https://www.tripadvisor.com.sg/Profile/cristinap809,cristinap809,"
Cluj-Napoca, Romania",,141,13,2020-01-30 04:18:37.367355
https://www.tripadvisor.com.sg/Profile/Karen P,Karen P,"
Canberra, Australia",,314,54,2020-01-30 04:18:37.674758
https://www.tripadvisor.com.sg/Profile/Richard A,Richard A,"
Witney, United Kingdom",,298,129,2020-01-30 04:18:38.051153
https://www.tripadvisor.com.sg/Profile/JohnTraveller8,JohnTraveller8,"
Sydney, Australia",,42,13,2020-01-30 04:18:38.400597
https://www.tripadvisor.com.sg/Profile/iv4n2403,iv4n2403,"
Jakarta, Indonesia",,67,15,2020-01-30 04:18:38.795100
https://www.tripadvisor.com.sg/Profile/jomcc65,jomcc65,"
Brisbane, Australia",,15,15,2020-01-30 04:18:39.204138
https://www.tripadvisor.com.sg/Profile/Bill T,Bill T,"
North Sydney, Australia",,258,115,2020-01-30 04:18:39.500184
https://www.tripadvisor.com.sg/Profile/SusieG,SusieG,"
Surrey, United Kingdom",,70,138,2020-01-30 04:18:39.820704
https://www.tripadvisor.com.sg/Profile/DickZe,DickZe,"
Bangkok, Thailand",,830,222,2020-01-30 04:18:40.150444
https://www.tripadvisor.com.sg/Profile/95dannif,95dannif,,,95,17,2020-01-30 04:18:46.078653
https://www.tripadvisor.com.sg/Profile/anneI1679FO,anneI1679FO,"
Greater Melbourne, Australia",,13,3,2020-01-30 04:18:46.450721
https://www.tripadvisor.com.sg/Profile/Bluenose-on-tour,Bluenose-on-tour,"
Birmingham",,63,30,2020-01-30 04:18:46.817336
https://www.tripadvisor.com.sg/Profile/Yogi_traveller207,Yogi_traveller207,"
Philippines",,137,51,2020-01-30 04:18:47.135794
https://www.tripadvisor.com.sg/Profile/SandraAB159,SandraAB159,"
Perth, Australia",,203,62,2020-01-30 04:18:47.516306
https://www.tripadvisor.com.sg/Profile/112358-12,112358-12,"
Perth, Australia",,98,62,2020-01-30 04:18:47.879601
https://www.tripadvisor.com.sg/Profile/Ngairemargaret2012,Ngairemargaret2012,"
Wellington, New Zealand",,17,17,2020-01-30 04:18:48.218365
https://www.tripadvisor.com.sg/Profile/Ruben R,Ruben R,"
Mexico City, Mexico",,1574,537,2020-01-30 04:18:48.527142
https://www.tripadvisor.com.sg/Profile/singlish_sg,singlish_sg,"
Singapore, Singapore",,440,575,2020-01-30 04:18:48.911297
https://www.tripadvisor.com.sg/Profile/398oliver,398oliver,"
Palm Springs, California",,63,22,2020-01-30 04:18:49.288707
https://www.tripadvisor.com.sg/Profile/skryf,skryf,"
San Francisco, California",,4,2,2020-01-30 04:18:55.200301
https://www.tripadvisor.com.sg/Profile/CraigM88,CraigM88,"
London, United Kingdom",,89,22,2020-01-30 04:18:55.525480
https://www.tripadvisor.com.sg/Profile/dickf106,dickf106,"
Zoetermeer, The Netherlands",,430,109,2020-01-30 04:18:55.821511
https://www.tripadvisor.com.sg/Profile/Myluggageintheworld,Myluggageintheworld,,,313,133,2020-01-30 04:18:56.176846
https://www.tripadvisor.com.sg/Profile/WengC85,WengC85,"
Singapore, Singapore",,145,60,2020-01-30 04:18:56.489168
https://www.tripadvisor.com.sg/Profile/drsim001,drsim001,"
Singapore, Singapore",,379,51,2020-01-30 04:18:56.843851
https://www.tripadvisor.com.sg/Profile/zuraidadelon,zuraidadelon,"
Jurong, Singapore",,15,14,2020-01-30 04:18:57.259718
https://www.tripadvisor.com.sg/Profile/ClimbingOut,ClimbingOut,"
Canberra, Australia",,154,90,2020-01-30 04:18:57.615464
https://www.tripadvisor.com.sg/Profile/Zocami,Zocami,"
Coffs Harbour, Australia",,119,40,2020-01-30 04:18:57.976246
https://www.tripadvisor.com.sg/Profile/Pranav N,Pranav N,"
Mumbai, India",,148,27,2020-01-30 04:18:58.289892
https://www.tripadvisor.com.sg/Profile/mikebT406AZ,mikebT406AZ,,,23,7,2020-01-30 04:19:04.087204
https://www.tripadvisor.com.sg/Profile/Fanny L,Fanny L,"
Singapore, Singapore",,543,855,2020-01-30 04:19:04.415058
https://www.tripadvisor.com.sg/Profile/Bjorn O,Bjorn O,"
Singapore",,242,326,2020-01-30 04:19:04.747692
https://www.tripadvisor.com.sg/Profile/lchan289,lchan289,"
Singapore, Singapore",,274,95,2020-01-30 04:19:05.094526
https://www.tripadvisor.com.sg/Profile/samanthasI7712NG,samanthasI7712NG,,,30,15,2020-01-30 04:19:05.457438
https://www.tripadvisor.com.sg/Profile/JohnO422,JohnO422,"
Brussels, Belgium",,115,48,2020-01-30 04:19:05.778235
https://www.tripadvisor.com.sg/Profile/Paul_n_Cris,Paul_n_Cris,"
Melbourne, Australia",,878,351,2020-01-30 04:19:06.130367
https://www.tripadvisor.com.sg/Profile/vacationerfmsing,vacationerfmsing,"
Singapore, Singapore",,252,90,2020-01-30 04:19:06.440994
https://www.tripadvisor.com.sg/Profile/SH_8817,SH_8817,"
Singapore, Singapore",,20,4,2020-01-30 04:19:06.759159
https://www.tripadvisor.com.sg/Profile/Shel D,Shel D,,,3,2,2020-01-30 04:19:07.139138
https://www.tripadvisor.com.sg/Profile/Valerie B,Valerie B,"
Dardanup, Australia",,30,12,2020-01-30 04:19:12.937957
https://www.tripadvisor.com.sg/Profile/Pacificwoman59,Pacificwoman59,"
Brisbane",,299,93,2020-01-30 04:19:13.264074
https://www.tripadvisor.com.sg/Profile/lufchic,lufchic,"
London, United Kingdom",,27,26,2020-01-30 04:19:13.576735
https://www.tripadvisor.com.sg/Profile/Sen Loong W,Sen Loong W,"
Bandar Baru Bangi, Malaysia",,33,12,2020-01-30 04:19:13.961455
https://www.tripadvisor.com.sg/Profile/francesv99,francesv99,,,22,4,2020-01-30 04:19:14.295363
https://www.tripadvisor.com.sg/Profile/John E,John E,"
Sydney, Australia",,47,24,2020-01-30 04:19:14.668396
https://www.tripadvisor.com.sg/Profile/ksgohks,ksgohks,"
Singapore, Singapore",,3,3,2020-01-30 04:19:15.015435
https://www.tripadvisor.com.sg/Profile/Xin R,Xin R,"
Singapore, Singapore",,194,528,2020-01-30 04:19:15.376910
https://www.tripadvisor.com.sg/Profile/hiltoncharlie,hiltoncharlie,"
Las Vegas, Nevada",,231,106,2020-01-30 04:19:15.747009
https://www.tripadvisor.com.sg/Profile/731natsu88,731natsu88,"
Singapore, Singapore",,15,17,2020-01-30 04:19:16.087252
https://www.tripadvisor.com.sg/Profile/katejim1,katejim1,"
Boonah, Australia",,186,45,2020-01-30 04:19:21.905201
https://www.tripadvisor.com.sg/Profile/Rickrw,Rickrw,,,39,44,2020-01-30 04:19:22.266581
https://www.tripadvisor.com.sg/Profile/GilbertDog,GilbertDog,"
Darwin, Australia",,329,103,2020-01-30 04:19:22.606495
https://www.tripadvisor.com.sg/Profile/tjcarroll67,tjcarroll67,"
Nantou, Taiwan",,116,30,2020-01-30 04:19:22.956206
https://www.tripadvisor.com.sg/Profile/97victorial,97victorial,,,16,8,2020-01-30 04:19:23.288584
https://www.tripadvisor.com.sg/Profile/shirlloyd,shirlloyd,"
Wallasey, United Kingdom",,117,50,2020-01-30 04:19:23.630325
https://www.tripadvisor.com.sg/Profile/merismer,merismer,"
Singapore, Singapore",,108,74,2020-01-30 04:19:23.969401
https://www.tripadvisor.com.sg/Profile/CelloB,CelloB,"
Hong Kong, China",,440,219,2020-01-30 04:19:24.324570
https://www.tripadvisor.com.sg/Profile/TKPrin,TKPrin,"
Singapore, Singapore",,22,1,2020-01-30 04:19:24.673241
https://www.tripadvisor.com.sg/Profile/trax h,trax h,"
Bangkok, Thailand",,12,2,2020-01-30 04:19:24.979486
https://www.tripadvisor.com.sg/Profile/T-Coulsting-Carter,T-Coulsting-Carter,"
Bristol, United Kingdom",,6,3,2020-01-30 04:19:30.910394
https://www.tripadvisor.com.sg/Profile/jelly121,jelly121,"
Melbourne, Australia",,37,12,2020-01-30 04:19:31.216469
https://www.tripadvisor.com.sg/Profile/Philip H,Philip H,"
Singapore, Singapore",,44,50,2020-01-30 04:19:31.561965
https://www.tripadvisor.com.sg/Profile/556bharris,556bharris,"
Sydney, Australia",,165,43,2020-01-30 04:19:31.917425
https://www.tripadvisor.com.sg/Profile/chh19,chh19,"
Las Vegas, Nevada",,142,35,2020-01-30 04:19:32.236428
https://www.tripadvisor.com.sg/Profile/adrianloader,adrianloader,"
London, United Kingdom",,547,198,2020-01-30 04:19:32.563419
https://www.tripadvisor.com.sg/Profile/kbp61,kbp61,"
Tiverton, United Kingdom",,149,52,2020-01-30 04:19:32.959377
https://www.tripadvisor.com.sg/Profile/sue R,sue R,"
Sydney",,58,22,2020-01-30 04:19:33.330299
https://www.tripadvisor.com.sg/Profile/Rodger D,Rodger D,"
Biddulph, United Kingdom",,187,42,2020-01-30 04:19:33.685335
https://www.tripadvisor.com.sg/Profile/Ian C,Ian C,"
Horley, Surrey",,25,34,2020-01-30 04:19:34.076894
https://www.tripadvisor.com.sg/Profile/TheAspdens,TheAspdens,"
Stamford, Connecticut",,28,6,2020-01-30 04:19:39.832801
https://www.tripadvisor.com.sg/Profile/Explorer811240,Explorer811240,"
London, United Kingdom",,530,189,2020-01-30 04:19:40.219197
https://www.tripadvisor.com.sg/Profile/Ruth P,Ruth P,"
Canterbury, England, United Kingdom",,82,17,2020-01-30 04:19:40.535503
https://www.tripadvisor.com.sg/Profile/PJJersey,PJJersey,"
Jersey, CI",,68,59,2020-01-30 04:19:40.942641
https://www.tripadvisor.com.sg/Profile/I190FOjamesm,I190FOjamesm,,,37,5,2020-01-30 04:19:41.295955
https://www.tripadvisor.com.sg/Profile/pollypops_1990,pollypops_1990,"
Norwich, United Kingdom",,79,28,2020-01-30 04:19:41.680411
https://www.tripadvisor.com.sg/Profile/guitarman666,guitarman666,"
Richmond, United Kingdom",,174,116,2020-01-30 04:19:42.049701
https://www.tripadvisor.com.sg/Profile/Serafin M,Serafin M,"
Sydney, Australia",,102,44,2020-01-30 04:19:42.416465
https://www.tripadvisor.com.sg/Profile/sydfire2015,sydfire2015,"
Sydney, Australia",,222,81,2020-01-30 04:19:42.777336
https://www.tripadvisor.com.sg/Profile/macneillfamily,macneillfamily,"
Lavenham, United Kingdom",,209,89,2020-01-30 04:19:43.123916
https://www.tripadvisor.com.sg/Profile/davidfoodlove,davidfoodlove,"
Singapore, Singapore",,119,79,2020-01-30 04:19:49.014353
https://www.tripadvisor.com.sg/Profile/AussieTraveller3204,AussieTraveller3204,"
Melbourne, Australia",,457,156,2020-01-30 04:19:49.362189
https://www.tripadvisor.com.sg/Profile/Yvonne W,Yvonne W,,,75,18,2020-01-30 04:19:49.712133
https://www.tripadvisor.com.sg/Profile/Willie B,Willie B,"
Braunton, United Kingdom",,28,32,2020-01-30 04:19:50.054525
https://www.tripadvisor.com.sg/Profile/Andrew C,Andrew C,"
Sydney Australia",,51,46,2020-01-30 04:19:50.441326
https://www.tripadvisor.com.sg/Profile/Wanda110,Wanda110,"
yorkshire",,170,57,2020-01-30 04:19:50.784910
https://www.tripadvisor.com.sg/Profile/Professional-Pilgrim,Professional-Pilgrim,"
Alberta, Canada",,1342,490,2020-01-30 04:19:51.129271
https://www.tripadvisor.com.sg/Profile/JustLoveToFly,JustLoveToFly,"
Singapore, Singapore",,1734,364,2020-01-30 04:19:51.513403
https://www.tripadvisor.com.sg/Profile/Petales88,Petales88,"
Shanghai, China",,92,60,2020-01-30 04:19:51.894586
https://www.tripadvisor.com.sg/Profile/libbiej1,libbiej1,"
Newcastle upon Tyne, United Kingdom",,6,7,2020-01-30 04:19:52.269578
https://www.tripadvisor.com.sg/Profile/Phedder,Phedder,"
Invercargill, New Zealand",,555,158,2020-01-30 04:19:58.087430
https://www.tripadvisor.com.sg/Profile/Chrissy204051,Chrissy204051,"
Brisbane, Australia",,172,59,2020-01-30 04:19:58.453935
https://www.tripadvisor.com.sg/Profile/Robert C,Robert C,"
Weybridge, United Kingdom",,40,22,2020-01-30 04:19:58.857606
https://www.tripadvisor.com.sg/Profile/John S,John S,"
Barrington, Illinois",,1123,345,2020-01-30 04:19:59.279263
https://www.tripadvisor.com.sg/Profile/Montelco,Montelco,"
Buderim, Australia",,117,56,2020-01-30 04:19:59.692876
https://www.tripadvisor.com.sg/Profile/0591TimS,0591TimS,"
Oceanside, California",,570,146,2020-01-30 04:20:00.057834
https://www.tripadvisor.com.sg/Profile/RSTT,RSTT,"
Singapore",,95,78,2020-01-30 04:20:00.406595
https://www.tripadvisor.com.sg/Profile/henghown,henghown,"
Singapore, Singapore",,511,2811,2020-01-30 04:20:00.801847
https://www.tripadvisor.com.sg/Profile/JSeng,JSeng,"
Singapore, Singapore",,146,75,2020-01-30 04:20:01.267135
https://www.tripadvisor.com.sg/Profile/LhakyiS5439,LhakyiS5439,,,5,1,2020-01-30 04:20:01.612497
https://www.tripadvisor.com.sg/Profile/muha0153,muha0153,"
Singapore, Singapore",,11,2,2020-01-30 04:20:07.516604
https://www.tripadvisor.com.sg/Profile/HTCSydney,HTCSydney,"
Sydney, Australia",,43,20,2020-01-30 04:20:07.916153
https://www.tripadvisor.com.sg/Profile/SL9999,SL9999,"
Kolkata (Calcutta), India",,156,204,2020-01-30 04:20:08.321620
https://www.tripadvisor.com.sg/Profile/Keith M,Keith M,"
Newcastle upon Tyne, United Kingdom",,36,17,2020-01-30 04:20:08.735565
https://www.tripadvisor.com.sg/Profile/shettyuc,shettyuc,"
Mumbai, India",,137,50,2020-01-30 04:20:09.124893
https://www.tripadvisor.com.sg/Profile/BillyZ634,BillyZ634,"
Singapore, Singapore",,415,192,2020-01-30 04:20:09.523300
https://www.tripadvisor.com.sg/Profile/Platinum2VA,Platinum2VA,"
Fredericksburg, Virginia",,114,37,2020-01-30 04:20:09.904577
https://www.tripadvisor.com.sg/Profile/Boldage,Boldage,"
Melbourne, Australia",,22,5,2020-01-30 04:20:10.297743
https://www.tripadvisor.com.sg/Profile/David N,David N,"
Northamptonshire, United Kingdom",,158,53,2020-01-30 04:20:10.638395
https://www.tripadvisor.com.sg/Profile/Maps21366797586,Maps21366797586,"
Melbourne, Australia",,45,14,2020-01-30 04:20:11.011380
https://www.tripadvisor.com.sg/Profile/Ani9701,Ani9701,"
Stuttgart, Germany",,293,62,2020-01-30 04:20:16.852668
https://www.tripadvisor.com.sg/Profile/Chloe G,Chloe G,,,1,1,2020-01-30 04:20:17.239360
https://www.tripadvisor.com.sg/Profile/WEWEWEA,WEWEWEA,"
World",,204,108,2020-01-30 04:20:17.668984
https://www.tripadvisor.com.sg/Profile/Nicolas C,Nicolas C,,,17,18,2020-01-30 04:20:17.987912
https://www.tripadvisor.com.sg/Profile/celestezenn,celestezenn,,,23,2,2020-01-30 04:20:18.373299
https://www.tripadvisor.com.sg/Profile/Stewart M,Stewart M,"
Melbourne, Australia",,118,32,2020-01-30 04:20:18.665796
https://www.tripadvisor.com.sg/Profile/atam2,atam2,"
UK",,13,4,2020-01-30 04:20:19.000434
https://www.tripadvisor.com.sg/Profile/MouMou,MouMou,"
Hong Kong, China",,615,697,2020-01-30 04:20:19.391029
https://www.tripadvisor.com.sg/Profile/Robwg,Robwg,"
Sydney, Australia",,88,36,2020-01-30 04:20:19.686377
https://www.tripadvisor.com.sg/Profile/Travell_ing_Matters,Travell_ing_Matters,"
Singapore, Singapore",,332,89,2020-01-30 04:20:20.090707
https://www.tripadvisor.com.sg/Profile/ErikAlison,ErikAlison,"
Toronto, Canada",,158,76,2020-01-30 04:20:25.865071
https://www.tripadvisor.com.sg/Profile/Winter_Love520,Winter_Love520,"
Penang Island, Malaysia",,56,31,2020-01-30 04:20:26.204736
https://www.tripadvisor.com.sg/Profile/Kelstars22,Kelstars22,"
Perth, Australia",,108,60,2020-01-30 04:20:26.514490
https://www.tripadvisor.com.sg/Profile/joyce l,joyce l,"
Melbourne, Australia",,147,70,2020-01-30 04:20:26.864412
https://www.tripadvisor.com.sg/Profile/RyanTYZ,RyanTYZ,"
Singapore, Singapore",,122,66,2020-01-30 04:20:27.261394
https://www.tripadvisor.com.sg/Profile/Isobella_D_N,Isobella_D_N,"
Singapore, Singapore",,166,69,2020-01-30 04:20:27.595261
https://www.tripadvisor.com.sg/Profile/WZM,WZM,"
Taipei, Taiwan",,16,3,2020-01-30 04:20:27.985305
https://www.tripadvisor.com.sg/Profile/Archie400,Archie400,"
Canberra, Australia",,35,9,2020-01-30 04:20:28.323047
https://www.tripadvisor.com.sg/Profile/Kontessa230,Kontessa230,"
Singapore, Singapore",,40,14,2020-01-30 04:20:28.708633
https://www.tripadvisor.com.sg/Profile/kittybaby3000,kittybaby3000,"
Singapore, Singapore",,50,24,2020-01-30 04:20:29.022411
https://www.tripadvisor.com.sg/Profile/Zheng_Whye,Zheng_Whye,"
Singapore, Singapore",,11,2,2020-01-30 04:20:34.965713
https://www.tripadvisor.com.sg/Profile/TravelCharger,TravelCharger,"
Singapore, Singapore",,262,77,2020-01-30 04:20:35.282325
https://www.tripadvisor.com.sg/Profile/giggler12345,giggler12345,"
Auckland, New Zealand",,123,50,2020-01-30 04:20:35.678170
https://www.tripadvisor.com.sg/Profile/adrianl716,adrianl716,"
Melbourne, Australia",,63,21,2020-01-30 04:20:36.051881
https://www.tripadvisor.com.sg/Profile/WA_LCD,WA_LCD,"
Perth, Australia",,50,23,2020-01-30 04:20:36.401184
https://www.tripadvisor.com.sg/Profile/my p,my p,,,73,30,2020-01-30 04:20:36.715765
https://www.tripadvisor.com.sg/Profile/Jing Yun S,Jing Yun S,,,10,3,2020-01-30 04:20:37.075050
https://www.tripadvisor.com.sg/Profile/taffandhubby,taffandhubby,"
Cardiff, United Kingdom",,222,96,2020-01-30 04:20:37.490841
https://www.tripadvisor.com.sg/Profile/765maitec,765maitec,,,60,26,2020-01-30 04:20:37.839600
https://www.tripadvisor.com.sg/Profile/T1204WGwilliamb,T1204WGwilliamb,"
Radda in Chianti, Italy",,149,67,2020-01-30 04:20:38.177760
https://www.tripadvisor.com.sg/Profile/TravellingEater2010,TravellingEater2010,"
London England",,686,284,2020-01-30 04:20:44.038424
https://www.tripadvisor.com.sg/Profile/Edmund P,Edmund P,"
Singapore, Singapore",,30,7,2020-01-30 04:20:44.413598
https://www.tripadvisor.com.sg/Profile/Hafkiwi,Hafkiwi,"
Cape Elizabeth, Maine",,404,144,2020-01-30 04:20:44.797895
https://www.tripadvisor.com.sg/Profile/Devonfish,Devonfish,"
England, United Kingdom",,178,41,2020-01-30 04:20:45.115448
https://www.tripadvisor.com.sg/Profile/jahoonsiri,jahoonsiri,"
Bangkok, Thailand",,82,38,2020-01-30 04:20:45.477502
https://www.tripadvisor.com.sg/Profile/patrickjohno,patrickjohno,"
Cape Bridgewater, Australia",,115,40,2020-01-30 04:20:45.827089
https://www.tripadvisor.com.sg/Profile/russellc470,russellc470,"
Norfolk",,60,9,2020-01-30 04:20:46.205051
https://www.tripadvisor.com.sg/Profile/DocCH,DocCH,"
Oslo, Norway",,170,44,2020-01-30 04:20:46.543837
https://www.tripadvisor.com.sg/Profile/summersbea,summersbea,"
Singapore, Singapore",,153,41,2020-01-30 04:20:46.885757
https://www.tripadvisor.com.sg/Profile/S5468PYbenh,S5468PYbenh,"
Ipswich, Australia",,232,67,2020-01-30 04:20:47.242864
https://www.tripadvisor.com.sg/Profile/OliveandBingo2016,OliveandBingo2016,"
Stourbridge, United Kingdom",,25,10,2020-01-30 04:20:53.043147
https://www.tripadvisor.com.sg/Profile/ILikeApplePies,ILikeApplePies,"
Hong Kong, China",,92,81,2020-01-30 04:20:53.377089
https://www.tripadvisor.com.sg/Profile/GillK26,GillK26,"
Milton Keynes, United Kingdom",,60,30,2020-01-30 04:20:53.735258
https://www.tripadvisor.com.sg/Profile/aurora7777,aurora7777,"
Singapore, Singapore",,171,80,2020-01-30 04:20:54.103355
https://www.tripadvisor.com.sg/Profile/Leonard C,Leonard C,"
Washington DC, District of Columbia",,92,33,2020-01-30 04:20:54.421759
https://www.tripadvisor.com.sg/Profile/Doreen M,Doreen M,,,7,3,2020-01-30 04:20:54.818979
https://www.tripadvisor.com.sg/Profile/JoyfulG,JoyfulG,"
Perth, Australia",,67,17,2020-01-30 04:20:55.122026
https://www.tripadvisor.com.sg/Profile/H L,H L,"
London, United Kingdom",,95,179,2020-01-30 04:20:55.468806
https://www.tripadvisor.com.sg/Profile/foulaman,foulaman,"
Calgary, Canada",,307,158,2020-01-30 04:20:55.822711
https://www.tripadvisor.com.sg/Profile/VictorP627,VictorP627,"
New York City, New York",,25,25,2020-01-30 04:20:56.183335
https://www.tripadvisor.com.sg/Profile/morvenj103,morvenj103,"
Germany",,36,15,2020-01-30 04:21:02.007242
https://www.tripadvisor.com.sg/Profile/omega123,omega123,"
Singapore, Singapore",,342,105,2020-01-30 04:21:02.379195
https://www.tripadvisor.com.sg/Profile/Kilese,Kilese,"
Paris, France",,289,199,2020-01-30 04:21:02.719290
https://www.tripadvisor.com.sg/Profile/Pashld,Pashld,"
Aberdeen, United Kingdom",,92,27,2020-01-30 04:21:03.025296
https://www.tripadvisor.com.sg/Profile/Beverly B,Beverly B,"
Yehud, Israel",,12,5,2020-01-30 04:21:03.412425
https://www.tripadvisor.com.sg/Profile/Felix F,Felix F,"
Austria",,13,10,2020-01-30 04:21:03.761197
https://www.tripadvisor.com.sg/Profile/Swee Hiang P,Swee Hiang P,"
Petaling Jaya, Malaysia",,229,75,2020-01-30 04:21:04.088735
https://www.tripadvisor.com.sg/Profile/viviensin,viviensin,"
Hong Kong",,166,90,2020-01-30 04:21:04.470906
https://www.tripadvisor.com.sg/Profile/51LimJ,51LimJ,,,16,6,2020-01-30 04:21:04.852011
https://www.tripadvisor.com.sg/Profile/Travelfan,Travelfan,"
Los Angeles, California",,362,417,2020-01-30 04:21:05.216251
https://www.tripadvisor.com.sg/Profile/Gordaus,Gordaus,"
Melbourne, Australia",,14,10,2020-01-30 04:21:11.022073
https://www.tripadvisor.com.sg/Profile/HeatSeekerWrexham_UK,HeatSeekerWrexham_UK,"
Wrexham, United Kingdom",,298,251,2020-01-30 04:21:11.363803
https://www.tripadvisor.com.sg/Profile/Dustbusters,Dustbusters,"
Singapore, Singapore",,175,80,2020-01-30 04:21:11.725946
https://www.tripadvisor.com.sg/Profile/FishCatBadger,FishCatBadger,"
Barcelona",,166,92,2020-01-30 04:21:12.071955
https://www.tripadvisor.com.sg/Profile/MVI888,MVI888,"
Singapore, Singapore",,520,199,2020-01-30 04:21:12.453616
https://www.tripadvisor.com.sg/Profile/Richardt1008,Richardt1008,"
Walkhampton, United Kingdom",,229,64,2020-01-30 04:21:12.768174
https://www.tripadvisor.com.sg/Profile/DavidCPerth,DavidCPerth,"
Perth, Australia",,162,78,2020-01-30 04:21:13.154281
https://www.tripadvisor.com.sg/Profile/F369NLchrise,F369NLchrise,"
Singapore, Singapore",,395,104,2020-01-30 04:21:13.463167
https://www.tripadvisor.com.sg/Profile/ABeh,ABeh,"
Singapore, Singapore",,327,81,2020-01-30 04:21:13.800534
https://www.tripadvisor.com.sg/Profile/YuGlenda,YuGlenda,"
Bangkok, Thailand",,82,12,2020-01-30 04:21:14.164967
https://www.tripadvisor.com.sg/Profile/YSL88,YSL88,"
Singapore, Singapore",,314,57,2020-01-30 04:21:19.966883
https://www.tripadvisor.com.sg/Profile/Ningchou,Ningchou,"
Taipei, Taiwan",,89,21,2020-01-30 04:21:20.294149
https://www.tripadvisor.com.sg/Profile/patcharapornp2015,patcharapornp2015,"
Bangkok, Thailand",,4,2,2020-01-30 04:21:47.383443
https://www.tripadvisor.com.sg/Profile/eatingismygame123,eatingismygame123,"
Manchester, United Kingdom",,12,5,2020-01-30 04:21:47.758838
https://www.tripadvisor.com.sg/Profile/Columbiaphil,Columbiaphil,"
Columbia, Maryland",,837,198,2020-01-30 04:21:48.125162
https://www.tripadvisor.com.sg/Profile/manucanuck,manucanuck,"
Hong Kong, China",,1166,486,2020-01-30 04:21:48.498892
https://www.tripadvisor.com.sg/Profile/BigChrisKenney,BigChrisKenney,"
Shenzhen, China",,87,11,2020-01-30 04:21:48.880830
https://www.tripadvisor.com.sg/Profile/nelliebob,nelliebob,"
Colac, Australia",,140,63,2020-01-30 04:21:49.222647
https://www.tripadvisor.com.sg/Profile/688seanh,688seanh,"
Australia",,195,90,2020-01-30 04:21:49.568335
https://www.tripadvisor.com.sg/Profile/barfiner,barfiner,"
Doha, Qatar",,1300,308,2020-01-30 04:21:49.922537
https://www.tripadvisor.com.sg/Profile/chuapohheng,chuapohheng,,,2,,2020-01-30 04:21:50.263913
https://www.tripadvisor.com.sg/Profile/Janette R,Janette R,"
Auckland Central, New Zealand",,14,3,2020-01-30 04:21:50.623336
https://www.tripadvisor.com.sg/Profile/ea0723,ea0723,"
Singapore, Singapore",,69,26,2020-01-30 04:21:56.668348
https://www.tripadvisor.com.sg/Profile/Roy F,Roy F,"
Singapore, Singapore",,187,26,2020-01-30 04:21:56.995022
https://www.tripadvisor.com.sg/Profile/CatladyBex,CatladyBex,,,10,,2020-01-30 04:21:57.339181
https://www.tripadvisor.com.sg/Profile/RaviR1616,RaviR1616,"
Mauritius",,19,5,2020-01-30 04:21:57.699531
https://www.tripadvisor.com.sg/Profile/maria b,maria b,"
Singapore, Singapore",,25,2,2020-01-30 04:21:58.017389
https://www.tripadvisor.com.sg/Profile/austranomads,austranomads,"
Australia",,53,59,2020-01-30 04:21:58.324307
https://www.tripadvisor.com.sg/Profile/kortexan,kortexan,,,1,,2020-01-30 04:21:58.689340
https://www.tripadvisor.com.sg/Profile/KT688JV,KT688JV,"
London, United Kingdom",,8,5,2020-01-30 04:21:59.030773
https://www.tripadvisor.com.sg/Profile/steveamcb,steveamcb,"
Bangkok, Thailand",,439,238,2020-01-30 04:21:59.347535
https://www.tripadvisor.com.sg/Profile/Ade212,Ade212,"
Singapore, Singapore",,63,92,2020-01-30 04:21:59.749196
https://www.tripadvisor.com.sg/Profile/runningnose,runningnose,"
singapore",,78,37,2020-01-30 04:22:05.544217
https://www.tripadvisor.com.sg/Profile/JP-II,JP-II,"
South East",,41,12,2020-01-30 04:22:05.888439
https://www.tripadvisor.com.sg/Profile/phcfinancial,phcfinancial,"
Thousand Oaks",,57,19,2020-01-30 04:22:06.277198
https://www.tripadvisor.com.sg/Profile/travelwithcarlo,travelwithcarlo,"
London, United Kingdom",,388,100,2020-01-30 04:22:06.637382
https://www.tripadvisor.com.sg/Profile/Rosario_it,Rosario_it,"
Brussels",,1762,439,2020-01-30 04:22:06.996487
https://www.tripadvisor.com.sg/Profile/Ksksksksks,Ksksksksks,"
Vilnius, Lithuania",,1084,394,2020-01-30 04:22:07.397634
https://www.tripadvisor.com.sg/Profile/526brucek,526brucek,"
North Sydney, Australia",,48,28,2020-01-30 04:22:07.724939
https://www.tripadvisor.com.sg/Profile/bctanbc,bctanbc,"
Singapore, Singapore",,87,33,2020-01-30 04:22:08.053569
https://www.tripadvisor.com.sg/Profile/Odyssey820079,Odyssey820079,,,8,1,2020-01-30 04:22:08.409375
https://www.tripadvisor.com.sg/Profile/arkaneh,arkaneh,"
Bangkok, Thailand",,29,24,2020-01-30 04:22:08.816557
https://www.tripadvisor.com.sg/Profile/TingEnLiao,TingEnLiao,"
London, United Kingdom",,12,1,2020-01-30 04:22:14.627212
https://www.tripadvisor.com.sg/Profile/Jeff206,Jeff206,"
Samut Prakan, Thailand",,264,172,2020-01-30 04:22:14.958162
https://www.tripadvisor.com.sg/Profile/Lorraine B,Lorraine B,"
Seaford, Australia",,174,54,2020-01-30 04:22:15.308477
https://www.tripadvisor.com.sg/Profile/globetrottingourmand,globetrottingourmand,"
Singapore, Singapore",,353,206,2020-01-30 04:22:15.652659
https://www.tripadvisor.com.sg/Profile/T5309WKsarahw,T5309WKsarahw,"
Dunedin, New Zealand",,19,2,2020-01-30 04:22:16.019499
https://www.tripadvisor.com.sg/Profile/Lucinda A,Lucinda A,"
Campsie",,15,6,2020-01-30 04:22:16.403139
https://www.tripadvisor.com.sg/Profile/joses532,joses532,"
Waalre, The Netherlands",,85,42,2020-01-30 04:22:16.774131
https://www.tripadvisor.com.sg/Profile/bcheong,bcheong,"
Bangkok, Thailand",,4210,1466,2020-01-30 04:22:17.101712
https://www.tripadvisor.com.sg/Profile/U8614PZtracyt,U8614PZtracyt,"
Hong Kong, China",,1,,2020-01-30 04:22:17.445303
https://www.tripadvisor.com.sg/Profile/Ning D,Ning D,"
Minneapolis, Minnesota",,28,3,2020-01-30 04:22:17.793397
https://www.tripadvisor.com.sg/Profile/Mezzasez,Mezzasez,,,19,7,2020-01-30 04:22:23.576710
https://www.tripadvisor.com.sg/Profile/Lee S,Lee S,"
Palmerston North, New Zealand",,602,158,2020-01-30 04:22:23.946379
https://www.tripadvisor.com.sg/Profile/Michael M,Michael M,"
Adelaide, Australia",,5,1,2020-01-30 04:22:24.324877
https://www.tripadvisor.com.sg/Profile/KW M,KW M,"
Guelph, Canada",,241,98,2020-01-30 04:22:24.691838
https://www.tripadvisor.com.sg/Profile/GuinivereCornwall,GuinivereCornwall,"
Plymouth, United Kingdom",,153,86,2020-01-30 04:22:25.053313
https://www.tripadvisor.com.sg/Profile/Epuni_St,Epuni_St,"
Auckland, New Zealand",,9,5,2020-01-30 04:22:25.446991
https://www.tripadvisor.com.sg/Profile/D2014QHmikel,D2014QHmikel,"
Waterloo, Canada",,75,23,2020-01-30 04:22:25.763720
https://www.tripadvisor.com.sg/Profile/SydneyVaughn,SydneyVaughn,"
Makati, Philippines",,215,100,2020-01-30 04:22:26.147156
https://www.tripadvisor.com.sg/Profile/valueralan,valueralan,"
santa rosa california",,35,20,2020-01-30 04:22:26.511917
https://www.tripadvisor.com.sg/Profile/TheRzezbiarz,TheRzezbiarz,"
Torun, Poland",,189,49,2020-01-30 04:22:26.881327
https://www.tripadvisor.com.sg/Profile/Anne W,Anne W,"
Auckland, New Zealand",,200,92,2020-01-30 04:22:32.755841
https://www.tripadvisor.com.sg/Profile/debra_fws,debra_fws,"
London, United Kingdom",,76,13,2020-01-30 04:22:33.141312
https://www.tripadvisor.com.sg/Profile/eyefromig_,eyefromig_,"
Macao",,56,61,2020-01-30 04:22:33.532594
https://www.tripadvisor.com.sg/Profile/frachelr514,frachelr514,"
Mauritius",,21,5,2020-01-30 04:22:33.835212
https://www.tripadvisor.com.sg/Profile/quevara,quevara,"
Perth, Australia",,116,61,2020-01-30 04:22:34.223422
https://www.tripadvisor.com.sg/Profile/KGB777,KGB777,"
Singapore, Singapore",,6206,2379,2020-01-30 04:22:34.579510
https://www.tripadvisor.com.sg/Profile/Jeffrey B,Jeffrey B,,,26,14,2020-01-30 04:22:34.893632
https://www.tripadvisor.com.sg/Profile/Craig K,Craig K,"
Blue Mounds, Wisconsin",,63,30,2020-01-30 04:22:35.273079
https://www.tripadvisor.com.sg/Profile/empress_cherry,empress_cherry,"
Canberra, Australia",,565,329,2020-01-30 04:22:35.616924
https://www.tripadvisor.com.sg/Profile/ayyshafeeq,ayyshafeeq,,,12,5,2020-01-30 04:22:35.958363
https://www.tripadvisor.com.sg/Profile/Travel-Nut-Oz,Travel-Nut-Oz,,,4,2,2020-01-30 04:22:41.799313
https://www.tripadvisor.com.sg/Profile/George H,George H,"
Iver Heath, United Kingdom",,60,24,2020-01-30 04:22:42.196769
https://www.tripadvisor.com.sg/Profile/DaveRWA,DaveRWA,"
Perth, Australia",,18,8,2020-01-30 04:22:42.574927
https://www.tripadvisor.com.sg/Profile/ibo955i,ibo955i,,,158,33,2020-01-30 04:22:42.892288
https://www.tripadvisor.com.sg/Profile/789elainek,789elainek,"
Upland, California",,11,1,2020-01-30 04:22:43.241242
https://www.tripadvisor.com.sg/Profile/CatherineC4786,CatherineC4786,,,1,3,2020-01-30 04:22:43.582496
https://www.tripadvisor.com.sg/Profile/Lucy_in_SG,Lucy_in_SG,"
Phu Quoc Island, Vietnam",,73,43,2020-01-30 04:22:43.937785
https://www.tripadvisor.com.sg/Profile/985kerryk,985kerryk,"
Gold Coast, Australia",,88,18,2020-01-30 04:22:44.227703
https://www.tripadvisor.com.sg/Profile/daricesulemane,daricesulemane,"
Maputo, Mozambique",,198,47,2020-01-30 04:22:44.551595
https://www.tripadvisor.com.sg/Profile/robertwM9680KI,robertwM9680KI,"
Sydney, Australia",,495,176,2020-01-30 04:22:44.983340
https://www.tripadvisor.com.sg/Profile/369mandys,369mandys,"
Penang Island, Malaysia",,35,9,2020-01-30 04:22:50.872477
https://www.tripadvisor.com.sg/Profile/IloveTravelK,IloveTravelK,,,31,11,2020-01-30 04:22:51.247525
https://www.tripadvisor.com.sg/Profile/blokototerminous,blokototerminous,,,128,92,2020-01-30 04:22:51.557738
https://www.tripadvisor.com.sg/Profile/Lactobacilos,Lactobacilos,,,14,3,2020-01-30 04:22:51.907339
https://www.tripadvisor.com.sg/Profile/zuliettaz,zuliettaz,"
Ho Chi Minh City, Vietnam",,10,,2020-01-30 04:22:52.190501
https://www.tripadvisor.com.sg/Profile/bcheong,bcheong,"
Bangkok, Thailand",,4210,1466,2020-01-30 04:22:52.591365
https://www.tripadvisor.com.sg/Profile/Pak Soon L,Pak Soon L,"
Singapore, null, Singapore",,456,106,2020-01-30 04:22:52.920310
https://www.tripadvisor.com.sg/Profile/jiemuzu,jiemuzu,"
Lower Hutt, New Zealand",,28,10,2020-01-30 04:22:53.236572
https://www.tripadvisor.com.sg/Profile/CzarEmmanuel,CzarEmmanuel,"
Manila, Philippines",,1096,561,2020-01-30 04:22:53.609966
https://www.tripadvisor.com.sg/Profile/dhui,dhui,"
Hong Kong",,628,162,2020-01-30 04:22:54.000010
https://www.tripadvisor.com.sg/Profile/Vee W,Vee W,"
Morpeth, United Kingdom",,39,17,2020-01-30 04:22:59.821111
https://www.tripadvisor.com.sg/Profile/WY L,WY L,"
Hong Kong, China",,11,5,2020-01-30 04:23:00.187249
https://www.tripadvisor.com.sg/Profile/W9655XRlindaf,W9655XRlindaf,"
Hong Kong, China",,22,21,2020-01-30 04:23:00.566476
https://www.tripadvisor.com.sg/Profile/paul g,paul g,"
Brisbane, Australia",,198,3506,2020-01-30 04:23:00.957206
https://www.tripadvisor.com.sg/Profile/chloeandthemoon,chloeandthemoon,"
Brisbane, Australia",,31,8,2020-01-30 04:23:01.268107
https://www.tripadvisor.com.sg/Profile/795gl,795gl,"
World",,1068,226,2020-01-30 04:23:01.656945
https://www.tripadvisor.com.sg/Profile/A1778ISteresah,A1778ISteresah,,,2,2,2020-01-30 04:23:01.985641
https://www.tripadvisor.com.sg/Profile/RandomStopper,RandomStopper,"
London, United Kingdom",,35,14,2020-01-30 04:23:02.338452
https://www.tripadvisor.com.sg/Profile/alamakgirl,alamakgirl,"
Singapore, Singapore",,274,61,2020-01-30 04:23:02.735893
https://www.tripadvisor.com.sg/Profile/tfizzle,tfizzle,"
Portland, Oregon",,1776,396,2020-01-30 04:23:03.066879
https://www.tripadvisor.com.sg/Profile/occhiolist,occhiolist,"
Hong Kong, China",,88,58,2020-01-30 04:23:08.885516
https://www.tripadvisor.com.sg/Profile/ElleLaJolla,ElleLaJolla,"
La Jolla, California",,290,185,2020-01-30 04:23:09.248736
https://www.tripadvisor.com.sg/Profile/gswetha,gswetha,,,4,1,2020-01-30 04:23:09.670102
https://www.tripadvisor.com.sg/Profile/Jhun7993,Jhun7993,"
Mabalacat, Philippines",,34,17,2020-01-30 04:23:09.983370
https://www.tripadvisor.com.sg/Profile/geographyguy_11,geographyguy_11,"
Brisbane, Queensland",,498,275,2020-01-30 04:23:10.313106
https://www.tripadvisor.com.sg/Profile/Anna R,Anna R,"
Adelaide, Australia",,135,66,2020-01-30 04:23:10.715472
https://www.tripadvisor.com.sg/Profile/Louise H,Louise H,"
Vancouver Island, Canada",,9,2,2020-01-30 04:23:11.118290
https://www.tripadvisor.com.sg/Profile/twinklemelody,twinklemelody,"
Singapore, Singapore",,170,67,2020-01-30 04:23:11.525611
https://www.tripadvisor.com.sg/Profile/soloal49,soloal49,"
London, United Kingdom",,21,5,2020-01-30 04:23:11.885271
https://www.tripadvisor.com.sg/Profile/williamsM29HU,williamsM29HU,"
Kobe, Japan",,611,131,2020-01-30 04:23:12.226178
https://www.tripadvisor.com.sg/Profile/thiagot413,thiagot413,"
Toulouse, France",,8,5,2020-01-30 04:23:18.035964
https://www.tripadvisor.com.sg/Profile/FionaB468,FionaB468,"
Auckland, New Zealand",,115,21,2020-01-30 04:23:18.448270
https://www.tripadvisor.com.sg/Profile/imhemantmishra,imhemantmishra,"
Gurugram (Gurgaon), India",,24,6,2020-01-30 04:23:18.770201
https://www.tripadvisor.com.sg/Profile/ClaireR543,ClaireR543,"
Raleigh, North Carolina",,27,14,2020-01-30 04:23:19.122659
https://www.tripadvisor.com.sg/Profile/jbltd,jbltd,"
Vancouver, Canada",,56,39,2020-01-30 04:23:19.537381
https://www.tripadvisor.com.sg/Profile/TheEverydayTourist,TheEverydayTourist,,,26,15,2020-01-30 04:23:19.887202
https://www.tripadvisor.com.sg/Profile/Hedgemeister-Global,Hedgemeister-Global,"
Sydney, Australia",,130,62,2020-01-30 04:23:20.222381
https://www.tripadvisor.com.sg/Profile/alitF1256LM,alitF1256LM,"
Tehran, Iran",,10,6,2020-01-30 04:23:20.610447
https://www.tripadvisor.com.sg/Profile/LiveYourYBR,LiveYourYBR,"
London, United Kingdom",,191,63,2020-01-30 04:23:20.968413
https://www.tripadvisor.com.sg/Profile/ET3121,ET3121,"
Greater Melbourne, Australia",,5002,1608,2020-01-30 04:23:21.340731
https://www.tripadvisor.com.sg/Profile/fagironella,fagironella,"
Mindanao, Philippines",,8,7,2020-01-30 04:23:27.279999
https://www.tripadvisor.com.sg/Profile/Kevin B,Kevin B,"
Perth, Australia",,470,223,2020-01-30 04:23:27.654487
https://www.tripadvisor.com.sg/Profile/Jessica S,Jessica S,,,14,3,2020-01-30 04:23:28.045738
https://www.tripadvisor.com.sg/Profile/737cardon,737cardon,"
Stockholm, Sweden",,176,95,2020-01-30 04:23:28.417625
https://www.tripadvisor.com.sg/Profile/robin_empiric,robin_empiric,"
london",,7,5,2020-01-30 04:23:28.742705
https://www.tripadvisor.com.sg/Profile/avnjl,avnjl,"
Singapore, Singapore",,33,11,2020-01-30 04:23:29.091343
https://www.tripadvisor.com.sg/Profile/houndy11,houndy11,"
Singapore, Singapore",,150,83,2020-01-30 04:23:29.472692
https://www.tripadvisor.com.sg/Profile/123kwj,123kwj,"
NJ",,31,20,2020-01-30 04:23:29.832361
https://www.tripadvisor.com.sg/Profile/davidz736,davidz736,"
Great Neck, New York",,47,6,2020-01-30 04:23:30.155534
https://www.tripadvisor.com.sg/Profile/kuepper,kuepper,"
Manchester, United Kingdom",,716,271,2020-01-30 04:23:30.513683
https://www.tripadvisor.com.sg/Profile/Q3643CSdavidc,Q3643CSdavidc,"
Shrewsbury, United Kingdom",,129,71,2020-01-30 04:23:36.414197
https://www.tripadvisor.com.sg/Profile/jasonabrera,jasonabrera,,,5,2,2020-01-30 04:23:36.810695
https://www.tripadvisor.com.sg/Profile/jim88885566,jim88885566,"
Singapore, Singapore",,40,38,2020-01-30 04:23:37.172531
https://www.tripadvisor.com.sg/Profile/sulphurette,sulphurette,"
UK",,11,5,2020-01-30 04:23:37.542242
https://www.tripadvisor.com.sg/Profile/Khin Q,Khin Q,"
Singapore, Singapore",,319,69,2020-01-30 04:23:37.874974
https://www.tripadvisor.com.sg/Profile/Wildovertravel,Wildovertravel,,,19,17,2020-01-30 04:23:38.206510
https://www.tripadvisor.com.sg/Profile/anton662013,anton662013,"
Santa Marta, Colombia",,33,,2020-01-30 04:23:38.553418
https://www.tripadvisor.com.sg/Profile/Anthony A,Anthony A,"
San Francisco, California",,158,46,2020-01-30 04:23:38.948884
https://www.tripadvisor.com.sg/Profile/DiyanaAlipah,DiyanaAlipah,"
Bandar Seri Begawan, Brunei Darussalam",,33,22,2020-01-30 04:23:39.364199
https://www.tripadvisor.com.sg/Profile/HaleyFiege,HaleyFiege,"
New York City, New York",,46,40,2020-01-30 04:23:39.762447
https://www.tripadvisor.com.sg/Profile/JDSor,JDSor,"
Turku, Finland",,306,119,2020-01-30 04:23:45.524560
https://www.tripadvisor.com.sg/Profile/gaires2359,gaires2359,"
Melbourne, Australia",,79,77,2020-01-30 04:23:45.863538
https://www.tripadvisor.com.sg/Profile/warfield-uk,warfield-uk,"
Warfield, United Kingdom",,22,7,2020-01-30 04:23:46.251564
https://www.tripadvisor.com.sg/Profile/Ponyo1998,Ponyo1998,"
Jakarta, Indonesia",,6,,2020-01-30 04:23:46.611688
https://www.tripadvisor.com.sg/Profile/ever_pasaway,ever_pasaway,"
Las Pinas, Philippines",,71,14,2020-01-30 04:23:47.001894
https://www.tripadvisor.com.sg/Profile/Bram W,Bram W,"
Denpasar, Indonesia",,72,7,2020-01-30 04:23:47.358440
https://www.tripadvisor.com.sg/Profile/cb1002014,cb1002014,"
Lowestoft, United Kingdom",,165,56,2020-01-30 04:23:47.738951
https://www.tripadvisor.com.sg/Profile/fisici-mi,fisici-mi,"
Milan, Italy",,134,64,2020-01-30 04:23:48.129842
https://www.tripadvisor.com.sg/Profile/Ulla K,Ulla K,,,36,3,2020-01-30 04:23:48.487257
https://www.tripadvisor.com.sg/Profile/M P,M P,"
Ubud",,214,53,2020-01-30 04:23:48.845044
https://www.tripadvisor.com.sg/Profile/dynamiterolll,dynamiterolll,"
Vancouver, Canada",,3,1,2020-01-30 04:23:54.734071
https://www.tripadvisor.com.sg/Profile/782peteT,782peteT,"
Bournemouth, United Kingdom",,8,4,2020-01-30 04:23:55.082992
https://www.tripadvisor.com.sg/Profile/Cameron H,Cameron H,"
Singapore",,8,4,2020-01-30 04:23:55.452882
https://www.tripadvisor.com.sg/Profile/BillyZ634,BillyZ634,"
Singapore, Singapore",,415,192,2020-01-30 04:23:55.791747
https://www.tripadvisor.com.sg/Profile/Khuen555,Khuen555,"
Singapore, Singapore",,124,124,2020-01-30 04:23:56.205716
https://www.tripadvisor.com.sg/Profile/Dexplorer_sg,Dexplorer_sg,"
Singapore, Singapore",,115,38,2020-01-30 04:23:56.545758
https://www.tripadvisor.com.sg/Profile/JRTL1962,JRTL1962,"
Singapore, Singapore",,183,68,2020-01-30 04:23:56.896285
https://www.tripadvisor.com.sg/Profile/VeraChiu21,VeraChiu21,"
Hong Kong, China",,142,73,2020-01-30 04:23:57.282948
https://www.tripadvisor.com.sg/Profile/Mabel L,Mabel L,"
Singapore, Singapore",,180,88,2020-01-30 04:23:57.687833
https://www.tripadvisor.com.sg/Profile/savedade,savedade,"
Mankato, Minnesota",,526,283,2020-01-30 04:23:58.134427
https://www.tripadvisor.com.sg/Profile/TheRoadLeast,TheRoadLeast,"
Sydney, Australia",,100,57,2020-01-30 04:24:03.978616
https://www.tripadvisor.com.sg/Profile/dansebollena,dansebollena,"
Quezon City, Philippines",,39,24,2020-01-30 04:24:04.353610
https://www.tripadvisor.com.sg/Profile/Marilyn H,Marilyn H,"
Singapore, Singapore",,192,71,2020-01-30 04:24:04.744864
https://www.tripadvisor.com.sg/Profile/gutch2000,gutch2000,"
Singapore, Singapore",,24,19,2020-01-30 04:24:05.071923
https://www.tripadvisor.com.sg/Profile/Kitty B,Kitty B,"
Hong Kong, China",,219,109,2020-01-30 04:24:05.463144
https://www.tripadvisor.com.sg/Profile/Simpleman10,Simpleman10,"
Montrose, Colorado",,37,15,2020-01-30 04:24:05.854701
https://www.tripadvisor.com.sg/Profile/Jainurin J,Jainurin J,"
Kota Kinabalu, Malaysia",,104,32,2020-01-30 04:24:06.223377
https://www.tripadvisor.com.sg/Profile/900johnn,900johnn,"
Sydney, Australia",,745,292,2020-01-30 04:24:06.541217
https://www.tripadvisor.com.sg/Profile/Stephen C,Stephen C,"
Singapore, Singapore",,83,39,2020-01-30 04:24:06.903519
https://www.tripadvisor.com.sg/Profile/VLA84,VLA84,"
Croydon, United Kingdom",,69,35,2020-01-30 04:24:07.241067
https://www.tripadvisor.com.sg/Profile/greenflubber,greenflubber,"
Hong Kong, China",,114,161,2020-01-30 04:24:13.107730
https://www.tripadvisor.com.sg/Profile/SY S,SY S,"
Singapore, Singapore",,26,3,2020-01-30 04:24:13.449587
https://www.tripadvisor.com.sg/Profile/jiffy2006,jiffy2006,"
Melbourne",,332,214,2020-01-30 04:24:13.801226
https://www.tripadvisor.com.sg/Profile/Eviesoul,Eviesoul,"
Singapore",,17,10,2020-01-30 04:24:14.174709
https://www.tripadvisor.com.sg/Profile/stpn_fz,stpn_fz,"
Singapore, Singapore",,281,82,2020-01-30 04:24:14.547749
https://www.tripadvisor.com.sg/Profile/evychua_HP,evychua_HP,"
Malaysia",,9,4,2020-01-30 04:24:14.860301
https://www.tripadvisor.com.sg/Profile/Aaron R,Aaron R,"
Oakland, California",,83,48,2020-01-30 04:24:15.198843
https://www.tripadvisor.com.sg/Profile/mcreyeconomics,mcreyeconomics,"
Antipolo City, Philippines",,7,,2020-01-30 04:24:41.570406
https://www.tripadvisor.com.sg/Profile/Casta C,Casta C,"
Kuala Lumpur, Malaysia",,75,33,2020-01-30 04:24:41.917468
https://www.tripadvisor.com.sg/Profile/PandMinDC,PandMinDC,"
Washington DC, District of Columbia",,147,46,2020-01-30 04:24:42.283018
https://www.tripadvisor.com.sg/Profile/834shaned,834shaned,"
Plenty, Australia",,126,47,2020-01-30 04:24:42.574851
https://www.tripadvisor.com.sg/Profile/Huangziyou,Huangziyou,"
Sydney, Australia",,119,21,2020-01-30 04:24:42.943367
https://www.tripadvisor.com.sg/Profile/h2783,h2783,,,56,13,2020-01-30 04:24:43.297761
https://www.tripadvisor.com.sg/Profile/917philm,917philm,"
Hong Kong",,5,3,2020-01-30 04:24:43.664047
https://www.tripadvisor.com.sg/Profile/NordicWalkabout,NordicWalkabout,"
As, Norway",,198,78,2020-01-30 04:24:44.049604
https://www.tripadvisor.com.sg/Profile/Rosa1215,Rosa1215,"
Taguig City, Philippines",,89,30,2020-01-30 04:24:44.435591
https://www.tripadvisor.com.sg/Profile/gpagot,gpagot,"
Brugnera, Italy",,206,81,2020-01-30 04:24:44.792931
https://www.tripadvisor.com.sg/Profile/Anna Maria R,Anna Maria R,"
Manila, Philippines",,15,8,2020-01-30 04:24:50.739354
https://www.tripadvisor.com.sg/Profile/AmarisD7,AmarisD7,,,62,14,2020-01-30 04:24:51.028925
https://www.tripadvisor.com.sg/Profile/mrzphd,mrzphd,,,90,24,2020-01-30 04:24:51.329548
https://www.tripadvisor.com.sg/Profile/finesilver,finesilver,"
Denver, Colorado",,2290,930,2020-01-30 04:24:51.684958
https://www.tripadvisor.com.sg/Profile/Andreas C,Andreas C,"
Hamburg, Germany",,182,48,2020-01-30 04:24:51.989770
https://www.tripadvisor.com.sg/Profile/apurva86,apurva86,,,31,4,2020-01-30 04:24:52.334677
https://www.tripadvisor.com.sg/Profile/Gaiagella,Gaiagella,,,23,17,2020-01-30 04:24:52.668519
https://www.tripadvisor.com.sg/Profile/june d,june d,"
Phoenix, Arizona",,74,21,2020-01-30 04:24:53.096730
https://www.tripadvisor.com.sg/Profile/eglobal2015,eglobal2015,"
Singapore, Singapore",,38,6,2020-01-30 04:24:53.462437
https://www.tripadvisor.com.sg/Profile/streblig,streblig,"
Sydney",,19,9,2020-01-30 04:24:53.774303
https://www.tripadvisor.com.sg/Profile/anonymous_momdoc,anonymous_momdoc,"
Quezon City, Philippines",,61,19,2020-01-30 04:24:59.662489
https://www.tripadvisor.com.sg/Profile/Rob A,Rob A,"
Louisville, Kentucky",,16,11,2020-01-30 04:25:00.057848
https://www.tripadvisor.com.sg/Profile/DanFreemanPhoto,DanFreemanPhoto,"
Cheltenham, United Kingdom",,296,92,2020-01-30 04:25:00.448874
https://www.tripadvisor.com.sg/Profile/Ashwani G,Ashwani G,"
Gurgaon, Haryana, India",,25,18,2020-01-30 04:25:00.819061
https://www.tripadvisor.com.sg/Profile/LuneLune,LuneLune,"
Geneva, Switzerland",,434,205,2020-01-30 04:25:01.174531
https://www.tripadvisor.com.sg/Profile/Case_11,Case_11,"
Australia",,51,40,2020-01-30 04:25:01.480514
https://www.tripadvisor.com.sg/Profile/PieterdeN,PieterdeN,"
The Hague, The Netherlands",,352,180,2020-01-30 04:25:01.859041
https://www.tripadvisor.com.sg/Profile/TonyB950,TonyB950,"
Portland, Oregon",,139,31,2020-01-30 04:25:02.218697
https://www.tripadvisor.com.sg/Profile/PauTheCarabao,PauTheCarabao,"
Makati, Philippines",,124,72,2020-01-30 04:25:02.504897
https://www.tripadvisor.com.sg/Profile/DevVerma,DevVerma,"
Mumbai, India",,107,73,2020-01-30 04:25:02.853049
https://www.tripadvisor.com.sg/Profile/323bentg,323bentg,"
Makati, Philippines",,831,302,2020-01-30 04:25:08.724869
https://www.tripadvisor.com.sg/Profile/stefdoj,stefdoj,"
Columbia, Maryland",,164,22,2020-01-30 04:25:09.047675
https://www.tripadvisor.com.sg/Profile/Catherinejulia,Catherinejulia,,,6,4,2020-01-30 04:25:09.428726
https://www.tripadvisor.com.sg/Profile/tweylin,tweylin,"
Singapore, Singapore",,114,22,2020-01-30 04:25:09.756311
https://www.tripadvisor.com.sg/Profile/Inokashira,Inokashira,"
london",,61,34,2020-01-30 04:25:10.162890
https://www.tripadvisor.com.sg/Profile/HotelCritic17,HotelCritic17,"
Bangkok, Thailand",,272,62,2020-01-30 04:25:10.537433
https://www.tripadvisor.com.sg/Profile/ANGReview,ANGReview,"
Basingstoke",,66,24,2020-01-30 04:25:10.878738
https://www.tripadvisor.com.sg/Profile/love2trave09,love2trave09,"
Arlington, Virginia",,186,99,2020-01-30 04:25:11.241915
https://www.tripadvisor.com.sg/Profile/ChanKaye,ChanKaye,"
Kuala Lumpur, Malaysia",,114,33,2020-01-30 04:25:11.577286
https://www.tripadvisor.com.sg/Profile/HAS_08,HAS_08,"
Pittsburgh, Pennsylvania",,37,6,2020-01-30 04:25:11.956876
https://www.tripadvisor.com.sg/Profile/Trang V,Trang V,,,40,23,2020-01-30 04:25:17.742305
https://www.tripadvisor.com.sg/Profile/MargD500,MargD500,,,98,23,2020-01-30 04:25:44.891560
https://www.tripadvisor.com.sg/Profile/yiyangs2019,yiyangs2019,,,1,,2020-01-30 04:25:45.202477
https://www.tripadvisor.com.sg/Profile/1234567yf,1234567yf,,,1,,2020-01-30 04:25:45.520015
https://www.tripadvisor.com.sg/Profile/njjqcqt,njjqcqt,,,1,,2020-01-30 04:25:45.864365
https://www.tripadvisor.com.sg/Profile/200422,200422,,,1,,2020-01-30 04:25:46.217601
https://www.tripadvisor.com.sg/Profile/Zini0524,Zini0524,,,1,,2020-01-30 04:25:46.535817
https://www.tripadvisor.com.sg/Profile/MichaelDuy,MichaelDuy,"
Singapore, Singapore",,1,,2020-01-30 04:25:46.872462
https://www.tripadvisor.com.sg/Profile/TheBachVN,TheBachVN,"
Singapore, Singapore",,1,1,2020-01-30 04:25:47.279363
https://www.tripadvisor.com.sg/Profile/JiamingZhang,JiamingZhang,,,2,1,2020-01-30 04:25:47.590804
https://www.tripadvisor.com.sg/Profile/ReyanshTravellerLove,ReyanshTravellerLove,"
Kaithal, India",,93,13,2020-01-30 04:25:47.943447
https://www.tripadvisor.com.sg/Profile/drchlow,drchlow,"
Singapore, Singapore",,166,18,2020-01-30 04:25:53.880841
https://www.tripadvisor.com.sg/Profile/3516luciaxiii,3516luciaxiii,,,54,6,2020-01-30 04:25:54.193569
https://www.tripadvisor.com.sg/Profile/Frank M,Frank M,"
Brisbane, Australia",,329,281,2020-01-30 04:25:54.583115
https://www.tripadvisor.com.sg/Profile/CCLGRS,CCLGRS,"
Antwerp, Belgium",,70,39,2020-01-30 04:25:54.945331
https://www.tripadvisor.com.sg/Profile/worldtrek,worldtrek,"
Melbourne, Australia",,41,26,2020-01-30 04:25:55.303864
https://www.tripadvisor.com.sg/Profile/hanna_daniella,hanna_daniella,"
Jakarta, Indonesia",,42,11,2020-01-30 04:25:55.687471
https://www.tripadvisor.com.sg/Profile/823milend,823milend,"
Sofia, Bulgaria",,480,162,2020-01-30 04:25:56.049073
https://www.tripadvisor.com.sg/Profile/curryfishcy,curryfishcy,,,4,,2020-01-30 04:25:56.321968
https://www.tripadvisor.com.sg/Profile/LayzerQ,LayzerQ,"
Singapore, Singapore",,66,14,2020-01-30 04:25:56.740047
https://www.tripadvisor.com.sg/Profile/travelholicc,travelholicc,"
Singapore, Singapore",,86,20,2020-01-30 04:25:57.034282
https://www.tripadvisor.com.sg/Profile/LondonFamily88,LondonFamily88,"
London, United Kingdom",,612,301,2020-01-30 04:26:02.944925
https://www.tripadvisor.com.sg/Profile/Bets18,Bets18,"
Singapore, Singapore",,23,14,2020-01-30 04:26:03.277303
https://www.tripadvisor.com.sg/Profile/Passport53878834609,Passport53878834609,,,6,1,2020-01-30 04:26:03.625533
https://www.tripadvisor.com.sg/Profile/Nats912,Nats912,"
Perth, Australia",,10,5,2020-01-30 04:26:03.957412
https://www.tripadvisor.com.sg/Profile/Koocharianjetsetter,Koocharianjetsetter,"
Los Angeles, California",,69,38,2020-01-30 04:26:04.293952
https://www.tripadvisor.com.sg/Profile/503r,503r,"
Basel, Switzerland",,751,200,2020-01-30 04:26:04.606799
https://www.tripadvisor.com.sg/Profile/Bernadette B,Bernadette B,"
Singapore, Singapore",,15,5,2020-01-30 04:26:04.998752
https://www.tripadvisor.com.sg/Profile/Q544HKclairef,Q544HKclairef,"
Margaret River, Australia",,101,89,2020-01-30 04:26:05.365945
https://www.tripadvisor.com.sg/Profile/Wazi D,Wazi D,,,22,1,2020-01-30 04:26:05.738950
https://www.tripadvisor.com.sg/Profile/Nunngo,Nunngo,"
ACT",,1093,392,2020-01-30 04:26:06.093383
https://www.tripadvisor.com.sg/Profile/jazperjay,jazperjay,"
Dubai, United Arab Emirates",,31,14,2020-01-30 04:26:11.895477
https://www.tripadvisor.com.sg/Profile/ElijahP67,ElijahP67,,,12,2,2020-01-30 04:26:12.178930
https://www.tripadvisor.com.sg/Profile/Sue C,Sue C,"
Winchester, United Kingdom",,90,38,2020-01-30 04:26:12.539435
https://www.tripadvisor.com.sg/Profile/juniush2016,juniush2016,"
Jakarta, Indonesia",,97,36,2020-01-30 04:26:12.857108
https://www.tripadvisor.com.sg/Profile/moderntraveler16,moderntraveler16,"
Seoul, South Korea",,200,95,2020-01-30 04:26:13.178833
https://www.tripadvisor.com.sg/Profile/michaelcoppage,michaelcoppage,"
Cincinnati, Ohio",,118,69,2020-01-30 04:26:13.555853
https://www.tripadvisor.com.sg/Profile/Pat M,Pat M,"
Sydney, Australia",,178,85,2020-01-30 04:26:13.886262
https://www.tripadvisor.com.sg/Profile/tawon26,tawon26,"
Jakarta, Indonesia",,285,46,2020-01-30 04:26:14.215282
https://www.tripadvisor.com.sg/Profile/MrsTsih,MrsTsih,"
Hong Kong, China",,108,43,2020-01-30 04:26:14.580975
https://www.tripadvisor.com.sg/Profile/Margaret1917,Margaret1917,"
Devizes, United Kingdom",,347,130,2020-01-30 04:26:14.925424
https://www.tripadvisor.com.sg/Profile/mightykai,mightykai,"
Singapore, Singapore",,55,11,2020-01-30 04:26:20.844058
https://www.tripadvisor.com.sg/Profile/EwaJ181,EwaJ181,"
Adelaide, Australia",,117,41,2020-01-30 04:26:21.153450
https://www.tripadvisor.com.sg/Profile/langenfeld55,langenfeld55,"
Sydney, Australia",,11,3,2020-01-30 04:26:21.499188
https://www.tripadvisor.com.sg/Profile/Ogi0,Ogi0,"
Sofia, Bulgaria",,1824,319,2020-01-30 04:26:21.860162
https://www.tripadvisor.com.sg/Profile/prisca0913,prisca0913,"
Puchong, Malaysia",,71,24,2020-01-30 04:26:22.188871
https://www.tripadvisor.com.sg/Profile/Tangobabe1,Tangobabe1,"
Haarlem, The Netherlands",,212,90,2020-01-30 04:26:22.533010
https://www.tripadvisor.com.sg/Profile/MrDavetheSarks,MrDavetheSarks,"
Melbourne, Australia",,2934,482,2020-01-30 04:26:22.943436
https://www.tripadvisor.com.sg/Profile/edwinepw,edwinepw,"
Hong Kong, China",,10,,2020-01-30 04:26:23.234186
https://www.tripadvisor.com.sg/Profile/hello_bonnn,hello_bonnn,"
Bangkok, Thailand",,58,14,2020-01-30 04:26:23.563567
https://www.tripadvisor.com.sg/Profile/Miya-chan,Miya-chan,"
singapore",,28,10,2020-01-30 04:26:23.958054
https://www.tripadvisor.com.sg/Profile/sarahQ7370OX,sarahQ7370OX,"
Sydney, Australia",,82,16,2020-01-30 04:26:29.824780
https://www.tripadvisor.com.sg/Profile/landyeng8,landyeng8,"
Singapore, Singapore",,256,86,2020-01-30 04:26:30.188871
https://www.tripadvisor.com.sg/Profile/meowo,meowo,"
Singapore, Singapore",,88,39,2020-01-30 04:26:30.539823
https://www.tripadvisor.com.sg/Profile/punchdrunkcola,punchdrunkcola,"
Manila, Philippines",,29,8,2020-01-30 04:26:30.849213
https://www.tripadvisor.com.sg/Profile/kenkeh,kenkeh,"
Subang Jaya, Malaysia",,778,364,2020-01-30 04:26:31.177810
https://www.tripadvisor.com.sg/Profile/IsaiahK44,IsaiahK44,"
Singapore, Singapore",,225,104,2020-01-30 04:26:31.584807
https://www.tripadvisor.com.sg/Profile/monika s,monika s,"
London, United Kingdom",,74,29,2020-01-30 04:26:31.900020
https://www.tripadvisor.com.sg/Profile/MrNicTan,MrNicTan,"
Singapore, Singapore",,284,76,2020-01-30 04:26:32.281660
https://www.tripadvisor.com.sg/Profile/ShirleyHoon,ShirleyHoon,"
Singapore, Singapore",,31,24,2020-01-30 04:26:32.591039
https://www.tripadvisor.com.sg/Profile/YellowJello00,YellowJello00,,,245,40,2020-01-30 04:26:32.973332
https://www.tripadvisor.com.sg/Profile/seetomisheru,seetomisheru,"
Singapore, Singapore",,40,20,2020-01-30 04:26:38.793332
https://www.tripadvisor.com.sg/Profile/liakusumaa,liakusumaa,,,11,5,2020-01-30 04:26:39.152537
https://www.tripadvisor.com.sg/Profile/ShangHighlands,ShangHighlands,"
Sydney, Australia",,82,40,2020-01-30 04:26:39.504782
https://www.tripadvisor.com.sg/Profile/EaglevisionLowe,EaglevisionLowe,"
Singapore, Singapore",,224,21,2020-01-30 04:26:39.888890
https://www.tripadvisor.com.sg/Profile/Kelly A,Kelly A,"
Malaysia",,68,38,2020-01-30 04:26:40.255491
https://www.tripadvisor.com.sg/Profile/Birt1964,Birt1964,"
Melbourne, Australia",,595,209,2020-01-30 04:26:40.647944
https://www.tripadvisor.com.sg/Profile/jonathany689,jonathany689,"
Kuala Lumpur, Malaysia",,342,196,2020-01-30 04:26:41.022536
https://www.tripadvisor.com.sg/Profile/catherinehI4470ZU,catherinehI4470ZU,"
Canberra, Australia",,5,1,2020-01-30 04:26:41.363516
https://www.tripadvisor.com.sg/Profile/691suratt,691suratt,"
Chiang Mai, Thailand",,13,3,2020-01-30 04:26:41.731081
https://www.tripadvisor.com.sg/Profile/Punthee,Punthee,"
Bangkok, Thailand",,21,8,2020-01-30 04:26:42.101766
https://www.tripadvisor.com.sg/Profile/ShirleeeeeeeyT,ShirleeeeeeeyT,"
Singapore, Singapore",,44,5,2020-01-30 04:26:47.918818
https://www.tripadvisor.com.sg/Profile/darladventures,darladventures,,,44,22,2020-01-30 04:26:48.252964
https://www.tripadvisor.com.sg/Profile/Min Heng Y,Min Heng Y,"
Singapore, Singapore",,3,2,2020-01-30 04:26:48.622029
https://www.tripadvisor.com.sg/Profile/Winstonthedog,Winstonthedog,"
Kuala Lumpur, Malaysia",,603,185,2020-01-30 04:26:48.922875
https://www.tripadvisor.com.sg/Profile/Jenny H,Jenny H,"
Lismore, Australia",,29,13,2020-01-30 04:26:49.266669
https://www.tripadvisor.com.sg/Profile/shernellt,shernellt,"
Trinidad",,89,33,2020-01-30 04:26:49.637251
https://www.tripadvisor.com.sg/Profile/Wonder A,Wonder A,"
Singapore",,147,2267,2020-01-30 04:26:49.977107
https://www.tripadvisor.com.sg/Profile/fivestarholidays,fivestarholidays,"
Chennai (Madras), India",,1065,332,2020-01-30 04:26:50.379916
https://www.tripadvisor.com.sg/Profile/jaide r,jaide r,,,28,17,2020-01-30 04:26:50.734284
https://www.tripadvisor.com.sg/Profile/jaysantosph,jaysantosph,"
Makati, Philippines",,289,128,2020-01-30 04:26:51.114953
https://www.tripadvisor.com.sg/Profile/Bulletfishes,Bulletfishes,"
Singapore, Singapore",,69,36,2020-01-30 04:26:56.948945
https://www.tripadvisor.com.sg/Profile/Expedition521295,Expedition521295,,,27,6,2020-01-30 04:26:57.259618
https://www.tripadvisor.com.sg/Profile/FaithL227,FaithL227,,,1,1,2020-01-30 04:26:57.543285
https://www.tripadvisor.com.sg/Profile/jasminehow,jasminehow,"
Singapore",,14,9,2020-01-30 04:26:57.958471
https://www.tripadvisor.com.sg/Profile/Merry C,Merry C,"
Perth, Australia",,109,49,2020-01-30 04:26:58.309054
https://www.tripadvisor.com.sg/Profile/sandralydia,sandralydia,"
Sydney, Australia",,31,11,2020-01-30 04:26:58.634408
https://www.tripadvisor.com.sg/Profile/Swathi B,Swathi B,"
Singapore",,13,3,2020-01-30 04:26:59.031850
https://www.tripadvisor.com.sg/Profile/MatthewMusing,MatthewMusing,,,6,9,2020-01-30 04:26:59.417882
https://www.tripadvisor.com.sg/Profile/Kxitingk,Kxitingk,"
Singapore, Singapore",,50,6,2020-01-30 04:26:59.784536
https://www.tripadvisor.com.sg/Profile/Travelight43,Travelight43,"
London, United Kingdom",,21,4,2020-01-30 04:27:00.192147
https://www.tripadvisor.com.sg/Profile/Arielleeeee_c,Arielleeeee_c,"
Singapore, Singapore",,56,12,2020-01-30 04:27:06.097075
https://www.tripadvisor.com.sg/Profile/Lucy_in_SG,Lucy_in_SG,"
Phu Quoc Island, Vietnam",,73,43,2020-01-30 04:27:06.451741
https://www.tripadvisor.com.sg/Profile/Agnes S,Agnes S,,,22,9,2020-01-30 04:27:06.811494
https://www.tripadvisor.com.sg/Profile/LamN_12,LamN_12,"
Singapore, Singapore",,1805,1694,2020-01-30 04:27:07.188424
https://www.tripadvisor.com.sg/Profile/margq2016,margq2016,"
Brisbane, Australia",,91,20,2020-01-30 04:27:07.553708
https://www.tripadvisor.com.sg/Profile/PieBerry248,PieBerry248,"
Singapore, Singapore",,42,13,2020-01-30 04:27:07.900305
https://www.tripadvisor.com.sg/Profile/CorinaBtravels,CorinaBtravels,"
The Hague, The Netherlands",,7,1,2020-01-30 04:27:08.277102
https://www.tripadvisor.com.sg/Profile/SpyGirlTraveller,SpyGirlTraveller,"
Singapore, Singapore",,88,32,2020-01-30 04:27:08.680171
https://www.tripadvisor.com.sg/Profile/Natalie S,Natalie S,"
Singapore, Singapore",,52,16,2020-01-30 04:27:09.013209
https://www.tripadvisor.com.sg/Profile/April-holiday,April-holiday,"
Kew East, Australia",,117,45,2020-01-30 04:27:09.348226
https://www.tripadvisor.com.sg/Profile/Idabayuni,Idabayuni,"
Jakarta, Indonesia",,189,29,2020-01-30 04:27:15.065691
https://www.tripadvisor.com.sg/Profile/Jan B,Jan B,"
Vienna, Virginia",,48,28,2020-01-30 04:27:15.422285
https://www.tripadvisor.com.sg/Profile/linanauli21,linanauli21,"
Jakarta, Indonesia",,330,60,2020-01-30 04:27:15.812232
https://www.tripadvisor.com.sg/Profile/F4567MMdana,F4567MMdana,"
Singapore, Singapore",,27,11,2020-01-30 04:27:16.183288
https://www.tripadvisor.com.sg/Profile/WayneLLC,WayneLLC,"
Singapore, Singapore",,66,89,2020-01-30 04:27:16.601924
https://www.tripadvisor.com.sg/Profile/joan h,joan h,,,53,25,2020-01-30 04:27:16.953031
https://www.tripadvisor.com.sg/Profile/TobyV568,TobyV568,,,27,7,2020-01-30 04:27:17.342755
https://www.tripadvisor.com.sg/Profile/WNS85,WNS85,"
Singapore, Singapore",,1,,2020-01-30 04:27:17.649826
https://www.tripadvisor.com.sg/Profile/masanorik44,masanorik44,"
Tokyo, Japan",,139,25,2020-01-30 04:27:18.030820
https://www.tripadvisor.com.sg/Profile/Therese W,Therese W,"
Castle Hill",,18,6,2020-01-30 04:27:18.354078
https://www.tripadvisor.com.sg/Profile/Terry2626,Terry2626,"
Sydney, Canada",,342,80,2020-01-30 04:27:24.231343
https://www.tripadvisor.com.sg/Profile/SingaporeGirl,SingaporeGirl,"
Singapore, Singapore",,313,301,2020-01-30 04:27:24.626081
https://www.tripadvisor.com.sg/Profile/Ada L,Ada L,,,57,4,2020-01-30 04:27:25.020982
https://www.tripadvisor.com.sg/Profile/pixim2016,pixim2016,"
Metro Manila, Philippines",,21,4,2020-01-30 04:27:25.394035
https://www.tripadvisor.com.sg/Profile/SeeingTheWordFromORD,SeeingTheWordFromORD,"
Chicago, Illinois",,218,204,2020-01-30 04:27:25.783310
https://www.tripadvisor.com.sg/Profile/Erica S,Erica S,,,9,4,2020-01-30 04:27:26.152773
https://www.tripadvisor.com.sg/Profile/Traveller1942,Traveller1942,"
Singapore River, Singapore",,8,2,2020-01-30 04:27:26.577572
https://www.tripadvisor.com.sg/Profile/GLS_13,GLS_13,"
Seattle, Washington",,58,16,2020-01-30 04:27:26.933128
https://www.tripadvisor.com.sg/Profile/MayAllBeingsBeHappy,MayAllBeingsBeHappy,"
Manila, Philippines",,69,19,2020-01-30 04:27:27.243017
https://www.tripadvisor.com.sg/Profile/DubaiCheuk,DubaiCheuk,"
Dubai",,57,50,2020-01-30 04:27:27.620508
https://www.tripadvisor.com.sg/Profile/Ella_Salita,Ella_Salita,"
Philippines",,245,86,2020-01-30 04:27:33.509813
https://www.tripadvisor.com.sg/Profile/FerdyMAD,FerdyMAD,"
Jakarta, Indonesia",,29,3,2020-01-30 04:27:33.862599
https://www.tripadvisor.com.sg/Profile/NigelG407,NigelG407,"
Singapore, Singapore",,1246,500,2020-01-30 04:27:34.237705
https://www.tripadvisor.com.sg/Profile/angie1ktn,angie1ktn,"
Cheras, Malaysia",,93,30,2020-01-30 04:27:34.612447
https://www.tripadvisor.com.sg/Profile/Trace969,Trace969,"
Melbourne, Australia",,72,56,2020-01-30 04:27:34.966748
https://www.tripadvisor.com.sg/Profile/Oscar L,Oscar L,"
Breda, The Netherlands",,37,5,2020-01-30 04:27:35.280692
https://www.tripadvisor.com.sg/Profile/Peter K,Peter K,"
Sydney, Australia",,166,94,2020-01-30 04:27:35.644959
https://www.tripadvisor.com.sg/Profile/theFoodCritickz,theFoodCritickz,"
Singapore, Singapore",,206,42,2020-01-30 04:27:36.024573
https://www.tripadvisor.com.sg/Profile/tree5,tree5,"
Kuala Lumpur, Malaysia",,149,85,2020-01-30 04:27:36.366899
https://www.tripadvisor.com.sg/Profile/clairevstheworld,clairevstheworld,"
Singapore, Singapore",,44,17,2020-01-30 04:27:36.704032
https://www.tripadvisor.com.sg/Profile/nomadzenn,nomadzenn,"
New York City, New York",,129,54,2020-01-30 04:27:42.540670
https://www.tripadvisor.com.sg/Profile/LynnLim85,LynnLim85,"
Singapore, Singapore",,106,23,2020-01-30 04:27:42.911466
https://www.tripadvisor.com.sg/Profile/highfever88,highfever88,"
Kuala Lumpur, Malaysia",,421,372,2020-01-30 04:27:43.276677
https://www.tripadvisor.com.sg/Profile/Dennis K,Dennis K,"
Toronto, Ontario, Canada",,8,6,2020-01-30 04:27:43.710949
https://www.tripadvisor.com.sg/Profile/UnTourist,UnTourist,"
Singapore, Singapore",,43,20,2020-01-30 04:27:44.022359
https://www.tripadvisor.com.sg/Profile/abigailw3323,abigailw3323,,,5,3,2020-01-30 04:27:44.382781
https://www.tripadvisor.com.sg/Profile/Numptyheid,Numptyheid,"
Brisbane, Australia",,83,72,2020-01-30 04:27:44.727520
https://www.tripadvisor.com.sg/Profile/Sue J,Sue J,"
Cardiff, United Kingdom",,84,28,2020-01-30 04:27:45.094953
https://www.tripadvisor.com.sg/Profile/pierrelal77,pierrelal77,"
Singapore, Singapore",,66,20,2020-01-30 04:27:45.418184
https://www.tripadvisor.com.sg/Profile/AGK5656,AGK5656,"
Singapore, Singapore",,124,49,2020-01-30 04:27:45.805839
https://www.tripadvisor.com.sg/Profile/Maryngshwuling,Maryngshwuling,"
Singapore",,129,31,2020-01-30 04:27:51.765048
https://www.tripadvisor.com.sg/Profile/MaudraS,MaudraS,"
Sammamish, Washington",,284,90,2020-01-30 04:27:52.138060
https://www.tripadvisor.com.sg/Profile/562samanthas,562samanthas,"
Singapore, Singapore",,83,56,2020-01-30 04:27:52.566682
https://www.tripadvisor.com.sg/Profile/amandas909,amandas909,"
London",,52,90,2020-01-30 04:27:52.955433
https://www.tripadvisor.com.sg/Profile/gingerlee13,gingerlee13,"
Edmond, Oklahoma",,452,147,2020-01-30 04:27:53.321230
https://www.tripadvisor.com.sg/Profile/juihong,juihong,"
Kuala Lumpur, Malaysia",,1065,776,2020-01-30 04:27:53.649060
https://www.tripadvisor.com.sg/Profile/fourtoro,fourtoro,"
Singapore",,20,5,2020-01-30 04:27:53.962318
https://www.tripadvisor.com.sg/Profile/Bavner D,Bavner D,"
Jakarta, Indonesia",,73,23,2020-01-30 04:27:54.372428
https://www.tripadvisor.com.sg/Profile/linanauli21,linanauli21,"
Jakarta, Indonesia",,330,60,2020-01-30 04:27:54.690256
https://www.tripadvisor.com.sg/Profile/L8227EYkens,L8227EYkens,"
Singapore, Singapore",,534,199,2020-01-30 04:27:55.011611
https://www.tripadvisor.com.sg/Profile/januszm372,januszm372,"
Paris, France",,200,56,2020-01-30 04:28:00.883495
https://www.tripadvisor.com.sg/Profile/aleandmarta,aleandmarta,"
Milan, Italy",,71,44,2020-01-30 04:28:01.164154
https://www.tripadvisor.com.sg/Profile/Singaporeconncection,Singaporeconncection,"
Seattle, Washington",,50,47,2020-01-30 04:28:01.475372
https://www.tripadvisor.com.sg/Profile/klkh2002,klkh2002,"
Brisbane, Australia",,561,141,2020-01-30 04:28:01.849725
https://www.tripadvisor.com.sg/Profile/chriskuo,chriskuo,"
Palo Alto, California",,66,27,2020-01-30 04:28:02.234560
https://www.tripadvisor.com.sg/Profile/zapumal,zapumal,"
Singapore",,154,73,2020-01-30 04:28:02.640095
https://www.tripadvisor.com.sg/Profile/patrickfiat21,patrickfiat21,"
Singapore, Singapore",,196,75,2020-01-30 04:28:03.003758
https://www.tripadvisor.com.sg/Profile/Kenneth T,Kenneth T,"
Singapore, Singapore",,189,29,2020-01-30 04:28:03.305386
https://www.tripadvisor.com.sg/Profile/Lawriesj,Lawriesj,"
Forfar, United Kingdom",,284,170,2020-01-30 04:28:03.617425
https://www.tripadvisor.com.sg/Profile/IanBrisbane2014,IanBrisbane2014,"
Sydney, Australia",,239,52,2020-01-30 04:28:03.973288
https://www.tripadvisor.com.sg/Profile/EuForia_01,EuForia_01,"
California",,516,144,2020-01-30 04:28:09.750232
https://www.tripadvisor.com.sg/Profile/Kennedy_Chimp,Kennedy_Chimp,,,4,1,2020-01-30 04:28:10.106981
https://www.tripadvisor.com.sg/Profile/Adeline L,Adeline L,"
Singapore, Singapore",,36,27,2020-01-30 04:28:10.474650
https://www.tripadvisor.com.sg/Profile/marcgW9368OI,marcgW9368OI,,,325,81,2020-01-30 04:28:10.828114
https://www.tripadvisor.com.sg/Profile/Sia65,Sia65,"
Singapore, Singapore",,136,73,2020-01-30 04:28:11.142908
https://www.tripadvisor.com.sg/Profile/MrGoh,MrGoh,"
Singapore, Singapore",,613,258,2020-01-30 04:28:11.475569
https://www.tripadvisor.com.sg/Profile/bandit31,bandit31,,,25,23,2020-01-30 04:28:11.860044
https://www.tripadvisor.com.sg/Profile/Slaw66,Slaw66,"
Singapore, Singapore",,122,20,2020-01-30 04:28:12.193694
